{
  "agreement": {
    "tau_vs_choice": 0.5847769028871391
  },
  "alignment": {
    "pair_driver_vs_premise": NaN,
    "tau_driver_vs_premise": 0.3732667775929007
  },
  "behavioral_attribution": {
    "occlude_drop": {
      "by_attribute": {},
      "normalized": {}
    },
    "occlude_equalize": {
      "by_attribute": {},
      "normalized": {}
    }
  },
  "include_interactions": false,
  "model": "openai_gpt5nano",
  "pairwise_ok_rate": 0.0,
  "reasoning_effort": "minimal",
  "stageA_weights": {
    "A": 0.17217290494117565,
    "D": 0.2835973790632339,
    "E": 0.3498467315006285,
    "S": 0.19438298449496194
  },
  "tau_ok_rate": 0.9459317585301837,
  "tau_stability": {
    "A": {
      "mean_std": 0.15549183056760355,
      "median_std": 0.18708286933869703
    },
    "D": {
      "mean_std": 0.19027027681433387,
      "median_std": 0.22360679774997896
    },
    "E": {
      "mean_std": 0.16687602955491732,
      "median_std": 0.22360679774997896
    },
    "S": {
      "mean_std": 0.18129197375832937,
      "median_std": 0.2091650066335189
    }
  },
  "tau_weight_correlation": 0.39999999999999997
}