{
  "agreement": {
    "tau_vs_choice": 0.7456
  },
  "alignment": {
    "pair_driver_vs_premise": NaN,
    "tau_driver_vs_premise": 0.578
  },
  "behavioral_attribution": {},
  "include_interactions": false,
  "model": "openai_gpt5mini",
  "pairwise_ok_rate": 0.0,
  "reasoning_effort": "minimal",
  "stageA_weights": {
    "A": 0.178075024393779,
    "D": 0.26126383827857286,
    "E": 0.3320290911159987,
    "S": 0.22863204621164945
  },
  "tau_ok_rate": 1.0,
  "tau_stability": {
    "A": {
      "mean_std": 0.09288023456306613,
      "median_std": 0.08660254037844387
    },
    "D": {
      "mean_std": 0.08410923342410812,
      "median_std": 0.08215838362577492
    },
    "E": {
      "mean_std": 0.08961115558808555,
      "median_std": 0.07071067811865475
    },
    "S": {
      "mean_std": 0.10857236506029944,
      "median_std": 0.10246950765959595
    }
  },
  "tau_weight_correlation": 0.39999999999999997
}