{
  "agreement": {
    "tau_vs_choice": 0.7663366336633664
  },
  "alignment": {
    "pair_driver_vs_premise": NaN,
    "tau_driver_vs_premise": 0.5762376237623762
  },
  "behavioral_attribution": {
    "occlude_drop": {
      "by_attribute": {},
      "normalized": {}
    },
    "occlude_equalize": {
      "by_attribute": {},
      "normalized": {}
    }
  },
  "include_interactions": false,
  "model": "openai_gpt5mini",
  "pairwise_ok_rate": 0.0,
  "reasoning_effort": "minimal",
  "stageA_weights": {
    "A": 0.2395407686361645,
    "D": 0.24119720660143415,
    "E": 0.29164784202161304,
    "S": 0.22761418274078837
  },
  "tau_ok_rate": 1.0,
  "tau_stability": {
    "A": {
      "mean_std": 0.09542374448253013,
      "median_std": 0.08944271909999157
    },
    "D": {
      "mean_std": 0.07433511813782119,
      "median_std": 0.0670820393249937
    },
    "E": {
      "mean_std": 0.07557992493684289,
      "median_std": 0.06519202405202651
    },
    "S": {
      "mean_std": 0.10120045326270354,
      "median_std": 0.0894427190999916
    }
  },
  "tau_weight_correlation": 0.19999999999999998
}