{
  "agreement": {
    "tau_vs_choice": 0.6828
  },
  "alignment": {
    "pair_driver_vs_premise": NaN,
    "tau_driver_vs_premise": 0.5172829581993569
  },
  "behavioral_attribution": {
    "occlude_drop": {
      "by_attribute": {
        "A": {
          "delta_pA": -0.6,
          "n": 1
        },
        "E": {
          "delta_pA": 0.0,
          "n": 1
        },
        "S": {
          "delta_pA": -0.19999999999999998,
          "n": 1
        }
      },
      "normalized": {
        "A": 0.75,
        "E": 0.0,
        "S": 0.25
      }
    },
    "occlude_equalize": {
      "by_attribute": {
        "E": {
          "delta_pA": 0.0,
          "n": 1
        }
      },
      "normalized": {}
    }
  },
  "include_interactions": false,
  "model": "openai_gpt5nano",
  "pairwise_ok_rate": 0.0,
  "reasoning_effort": "low",
  "stageA_weights": {
    "A": 0.2694979074673538,
    "D": 0.2109951408706604,
    "E": 0.23993316688157487,
    "S": 0.27957378478041095
  },
  "tau_ok_rate": 0.9952,
  "tau_stability": {
    "A": {
      "mean_std": 0.07579549013099313,
      "median_std": 0.07905694150420951
    },
    "D": {
      "mean_std": 0.07035618586480817,
      "median_std": 0.0741619848709566
    },
    "E": {
      "mean_std": 0.06725661970038525,
      "median_std": 0.06708203932499374
    },
    "S": {
      "mean_std": 0.08058117521251407,
      "median_std": 0.08366600265340753
    }
  },
  "tau_weight_correlation": -0.6000000000000001
}