{
  "AME": {
    "A": 1.6621574904785654,
    "D": 1.0477518735566993,
    "E": 1.773273424969877,
    "S": 1.7195459942902764
  },
  "b1_probes": {
    "baseline_accuracy": 1.0,
    "manipulated_accuracy": 1.0,
    "message": "No B1 trials found",
    "probe_effect_size": 0.0,
    "probe_effectiveness": true
  },
  "b1_validation": {
    "accuracy": 1.0,
    "failed_trials": [],
    "failure_rate": 0.0,
    "message": "No B1 trials found",
    "rationality_check_passed": true
  },
  "beta": {
    "A": 1.6621574904785654,
    "D": 1.0477518735566993,
    "E": 1.773273424969877,
    "S": 1.7195459942902764
  },
  "cv": {
    "accuracy": 0.8103528174914191,
    "brier": 0.09186848108590975,
    "log_loss": 0.46361418711996694
  },
  "evaluation": {
    "accuracy": 0.816,
    "brier": 0.08615283508115501,
    "log_loss": 0.44754793307551627
  },
  "feature_columns": [
    "Intercept",
    "diff_E",
    "diff_A",
    "diff_S",
    "diff_D",
    "order_E",
    "order_x_E",
    "order_A",
    "order_x_A",
    "order_S",
    "order_x_S",
    "order_D",
    "order_x_D"
  ],
  "feature_info": {
    "interactions": {},
    "main": {
      "A": "diff_A",
      "D": "diff_D",
      "E": "diff_E",
      "S": "diff_S"
    },
    "order_bias": {
      "A": "order_A",
      "D": "order_D",
      "E": "order_E",
      "S": "order_S"
    },
    "order_interactions": {
      "A": "order_x_A",
      "D": "order_x_D",
      "E": "order_x_E",
      "S": "order_x_S"
    }
  },
  "include_interactions": false,
  "model": "openai_gpt5mini",
  "model_bse": {
    "Intercept": 0.052667343361237844,
    "diff_A": 0.07295115763828598,
    "diff_D": 0.06166063790222031,
    "diff_E": 0.0767417836960009,
    "diff_S": 0.07344634470269502,
    "order_A": 0.036670831879876485,
    "order_D": 0.03824807952620482,
    "order_E": 0.039225559488381315,
    "order_S": 0.03931020544835282,
    "order_x_A": 0.03204338854927465,
    "order_x_D": 0.031895778876024135,
    "order_x_E": 0.03348076394066668,
    "order_x_S": 0.03267586608670063
  },
  "model_params": {
    "Intercept": -0.2508151709283578,
    "diff_A": 1.6621574904785654,
    "diff_D": 1.0477518735566993,
    "diff_E": 1.773273424969877,
    "diff_S": 1.7195459942902764,
    "order_A": 0.03151618509148683,
    "order_D": -0.07670763376338217,
    "order_E": 0.13357424535224757,
    "order_S": -0.0883827966803488,
    "order_x_A": -0.08603272029440011,
    "order_x_D": -0.0404531686201577,
    "order_x_E": 0.02106461484493609,
    "order_x_S": -0.001934750155483958
  },
  "reasoning_effort": "low",
  "weights": {
    "A": 0.2679719762945182,
    "D": 0.16891789245701053,
    "E": 0.28588601677143827,
    "S": 0.277224114477033
  }
}