{
  "baseline_only_stageA": {
    "beta": {
      "A": 1.8333915408114145,
      "D": 2.598921887129987,
      "E": 3.332060157816686,
      "S": 2.4220976854724983
    },
    "evaluation": {
      "accuracy": 0.8733333333333333,
      "brier": 0.06389667421896214,
      "log_loss": 0.31017814047226305
    },
    "n_configs": 450,
    "n_trials": 900,
    "se": {
      "A": 0.06940128367835069,
      "D": 0.08520929707203682,
      "E": 0.10518422946312479,
      "S": 0.081018924362463
    },
    "weights": {
      "A": 0.1799829884161574,
      "D": 0.2551346602694558,
      "E": 0.32710642077078705,
      "S": 0.23777593054359977
    }
  },
  "baseline_weight_order": [
    "E",
    "D",
    "S",
    "A"
  ],
  "bootstrap": 0,
  "dataset": "artifacts/v4_matchedsuite_drugs_20260208/data/occlusion_suite_methodC",
  "directional_summaries": {
    "occlude_drop": {
      "by_attribute": {
        "A": {
          "choice_flip_rate": 0.21,
          "choice_flip_rate_ci95": null,
          "delta_favored_mean": -0.2316265060240964,
          "delta_favored_mean_ci95": null,
          "delta_pA_mean": -0.03343373493975904,
          "n": 900,
          "p_choice_flip_given_no_premise_flip": 0.006309148264984227,
          "p_choice_flip_given_no_premise_flip_ci95": null,
          "p_choice_flip_given_premise_flip": 0.6954887218045113,
          "p_choice_flip_given_premise_flip_ci95": null,
          "premise_flip_rate": 0.29555555555555557,
          "premise_flip_rate_ci95": null,
          "shared_flip_fraction_of_choice_flips": 0.9788359788359788,
          "shared_flip_fraction_of_choice_flips_ci95": null,
          "shift_away_from_target_rate": 0.13333333333333333,
          "shift_away_from_target_rate_ci95": null
        },
        "D": {
          "choice_flip_rate": 0.28,
          "choice_flip_rate_ci95": null,
          "delta_favored_mean": -0.3537091988130564,
          "delta_favored_mean_ci95": null,
          "delta_pA_mean": -0.01899109792284866,
          "n": 900,
          "p_choice_flip_given_no_premise_flip": 0.005338078291814947,
          "p_choice_flip_given_no_premise_flip_ci95": null,
          "p_choice_flip_given_premise_flip": 0.7366863905325444,
          "p_choice_flip_given_premise_flip_ci95": null,
          "premise_flip_rate": 0.37555555555555553,
          "premise_flip_rate_ci95": null,
          "shared_flip_fraction_of_choice_flips": 0.9880952380952381,
          "shared_flip_fraction_of_choice_flips_ci95": null,
          "shift_away_from_target_rate": 0.26555555555555554,
          "shift_away_from_target_rate_ci95": null
        },
        "E": {
          "choice_flip_rate": 0.38555555555555554,
          "choice_flip_rate_ci95": null,
          "delta_favored_mean": -0.4582822085889571,
          "delta_favored_mean_ci95": null,
          "delta_pA_mean": -0.011042944785276078,
          "n": 900,
          "p_choice_flip_given_no_premise_flip": 0.010075566750629723,
          "p_choice_flip_given_no_premise_flip_ci95": null,
          "p_choice_flip_given_premise_flip": 0.6819085487077535,
          "p_choice_flip_given_premise_flip_ci95": null,
          "premise_flip_rate": 0.5588888888888889,
          "premise_flip_rate_ci95": null,
          "shared_flip_fraction_of_choice_flips": 0.9884726224783862,
          "shared_flip_fraction_of_choice_flips_ci95": null,
          "shift_away_from_target_rate": 0.4588888888888889,
          "shift_away_from_target_rate_ci95": null
        },
        "S": {
          "choice_flip_rate": 0.27666666666666667,
          "choice_flip_rate_ci95": null,
          "delta_favored_mean": -0.306006006006006,
          "delta_favored_mean_ci95": null,
          "delta_pA_mean": -0.006906906906906909,
          "n": 900,
          "p_choice_flip_given_no_premise_flip": 0.006896551724137931,
          "p_choice_flip_given_no_premise_flip_ci95": null,
          "p_choice_flip_given_premise_flip": 0.765625,
          "p_choice_flip_given_premise_flip_ci95": null,
          "premise_flip_rate": 0.35555555555555557,
          "premise_flip_rate_ci95": null,
          "shared_flip_fraction_of_choice_flips": 0.9839357429718876,
          "shared_flip_fraction_of_choice_flips_ci95": null,
          "shift_away_from_target_rate": 0.14222222222222222,
          "shift_away_from_target_rate_ci95": null
        }
      }
    },
    "occlude_equalize": {
      "by_attribute": {
        "A": {
          "choice_flip_rate": 0.20444444444444446,
          "choice_flip_rate_ci95": null,
          "delta_favored_mean": -0.23795180722891565,
          "delta_favored_mean_ci95": null,
          "delta_pA_mean": -0.01566265060240964,
          "n": 900,
          "p_choice_flip_given_no_premise_flip": 0.006134969325153374,
          "p_choice_flip_given_no_premise_flip_ci95": null,
          "p_choice_flip_given_premise_flip": 0.7258064516129032,
          "p_choice_flip_given_premise_flip_ci95": null,
          "premise_flip_rate": 0.27555555555555555,
          "premise_flip_rate_ci95": null,
          "shared_flip_fraction_of_choice_flips": 0.9782608695652174,
          "shared_flip_fraction_of_choice_flips_ci95": null,
          "shift_away_from_target_rate": 0.13333333333333333,
          "shift_away_from_target_rate_ci95": null
        },
        "D": {
          "choice_flip_rate": 0.27444444444444444,
          "choice_flip_rate_ci95": null,
          "delta_favored_mean": -0.3545994065281899,
          "delta_favored_mean_ci95": null,
          "delta_pA_mean": 0.010979228486646887,
          "n": 900,
          "p_choice_flip_given_no_premise_flip": 0.0035335689045936395,
          "p_choice_flip_given_no_premise_flip_ci95": null,
          "p_choice_flip_given_premise_flip": 0.7335329341317365,
          "p_choice_flip_given_premise_flip_ci95": null,
          "premise_flip_rate": 0.3711111111111111,
          "premise_flip_rate_ci95": null,
          "shared_flip_fraction_of_choice_flips": 0.9919028340080972,
          "shared_flip_fraction_of_choice_flips_ci95": null,
          "shift_away_from_target_rate": 0.26555555555555554,
          "shift_away_from_target_rate_ci95": null
        },
        "E": {
          "choice_flip_rate": 0.3655555555555556,
          "choice_flip_rate_ci95": null,
          "delta_favored_mean": -0.4662576687116564,
          "delta_favored_mean_ci95": null,
          "delta_pA_mean": 0.014723926380368093,
          "n": 900,
          "p_choice_flip_given_no_premise_flip": 0.009411764705882352,
          "p_choice_flip_given_no_premise_flip_ci95": null,
          "p_choice_flip_given_premise_flip": 0.6842105263157895,
          "p_choice_flip_given_premise_flip_ci95": null,
          "premise_flip_rate": 0.5277777777777778,
          "premise_flip_rate_ci95": null,
          "shared_flip_fraction_of_choice_flips": 0.9878419452887538,
          "shared_flip_fraction_of_choice_flips_ci95": null,
          "shift_away_from_target_rate": 0.4577777777777778,
          "shift_away_from_target_rate_ci95": null
        },
        "S": {
          "choice_flip_rate": 0.26555555555555554,
          "choice_flip_rate_ci95": null,
          "delta_favored_mean": -0.3099099099099099,
          "delta_favored_mean_ci95": null,
          "delta_pA_mean": -0.016216216216216217,
          "n": 900,
          "p_choice_flip_given_no_premise_flip": 0.009852216748768473,
          "p_choice_flip_given_no_premise_flip_ci95": null,
          "p_choice_flip_given_premise_flip": 0.8006872852233677,
          "p_choice_flip_given_premise_flip_ci95": null,
          "premise_flip_rate": 0.3233333333333333,
          "premise_flip_rate_ci95": null,
          "shared_flip_fraction_of_choice_flips": 0.9748953974895398,
          "shared_flip_fraction_of_choice_flips_ci95": null,
          "shift_away_from_target_rate": 0.14222222222222222,
          "shift_away_from_target_rate_ci95": null
        }
      }
    }
  },