{
  "agreement": {
    "tau_vs_choice": 0.7412073490813649
  },
  "alignment": {
    "pair_driver_vs_premise": NaN,
    "tau_driver_vs_premise": 0.6241469816272965
  },
  "behavioral_attribution": {
    "occlude_drop": {
      "by_attribute": {},
      "normalized": {}
    },
    "occlude_equalize": {
      "by_attribute": {},
      "normalized": {}
    }
  },
  "include_interactions": false,
  "model": "openai_gpt5mini",
  "pairwise_ok_rate": 0.0,
  "reasoning_effort": "low",
  "stageA_weights": {
    "A": 0.2650817749519604,
    "D": 0.17195191094280077,
    "E": 0.2878600480713515,
    "S": 0.27510626603388744
  },
  "tau_ok_rate": 1.0,
  "tau_stability": {
    "A": {
      "mean_std": 0.05309624160341621,
      "median_std": 0.05477225575051658
    },
    "D": {
      "mean_std": 0.056280493908659614,
      "median_std": 0.054772255750516585
    },
    "E": {
      "mean_std": 0.03832483749047748,
      "median_std": 0.02738612787525833
    },
    "S": {
      "mean_std": 0.05820629645339761,
      "median_std": 0.05477225575051665
    }
  },
  "tau_weight_correlation": 0.7999999999999999
}