{
  "AME": {
    "A": 1.7402416304226302,
    "D": 2.5924249466079132,
    "E": 3.101412602631351,
    "S": 2.5554935003408863
  },
  "b1_probes": {
    "baseline_accuracy": 1.0,
    "manipulated_accuracy": 1.0,
    "message": "No B1 trials found",
    "probe_effect_size": 0.0,
    "probe_effectiveness": true
  },
  "b1_validation": {
    "accuracy": 1.0,
    "failed_trials": [],
    "failure_rate": 0.0,
    "message": "No B1 trials found",
    "rationality_check_passed": true
  },
  "beta": {
    "A": 1.7402416304226302,
    "D": 2.5924249466079132,
    "E": 3.101412602631351,
    "S": 2.5554935003408863
  },
  "cv": {
    "accuracy": 0.8548546379973354,
    "brier": 0.07896881113997498,
    "log_loss": 0.37172944920295564
  },
  "evaluation": {
    "accuracy": 0.8671679197994987,
    "brier": 0.07364070662530234,
    "log_loss": 0.3535724305274467
  },
  "feature_columns": [
    "Intercept",
    "diff_E",
    "diff_A",
    "diff_S",
    "diff_D",
    "order_E",
    "order_x_E",
    "order_A",
    "order_x_A",
    "order_S",
    "order_x_S",
    "order_D",
    "order_x_D"
  ],
  "feature_info": {
    "interactions": {},
    "main": {
      "A": "diff_A",
      "D": "diff_D",
      "E": "diff_E",
      "S": "diff_S"
    },
    "order_bias": {
      "A": "order_A",
      "D": "order_D",
      "E": "order_E",
      "S": "order_S"
    },
    "order_interactions": {
      "A": "order_x_A",
      "D": "order_x_D",
      "E": "order_x_E",
      "S": "order_x_S"
    }
  },
  "include_interactions": false,
  "model": "openai_gpt5mini",
  "model_bse": {
    "Intercept": 0.06980667865728354,
    "diff_A": 0.1062246448647682,
    "diff_D": 0.12945433568000217,
    "diff_E": 0.15043997849749177,
    "diff_S": 0.12943670539434482,
    "order_A": 0.04967527809573142,
    "order_D": 0.04964117918504002,
    "order_E": 0.051530176135908025,
    "order_S": 0.050080614486296256,
    "order_x_A": 0.05352320760669923,
    "order_x_D": 0.04788820681876219,
    "order_x_E": 0.055409651432468114,
    "order_x_S": 0.04563766136267026
  },
  "model_params": {
    "Intercept": 0.5088636295211789,
    "diff_A": 1.7402416304226302,
    "diff_D": 2.5924249466079132,
    "diff_E": 3.101412602631351,
    "diff_S": 2.5554935003408863,
    "order_A": 0.027361238100196552,
    "order_D": -0.03170234431532879,
    "order_E": 0.11121238411080664,
    "order_S": -0.10687127789568215,
    "order_x_A": -0.23965678956538167,
    "order_x_D": 0.031707425620644304,
    "order_x_E": 0.013560161567875048,
    "order_x_S": -0.05651991218242209
  },
  "reasoning_effort": "minimal",
  "weights": {
    "A": 0.1742058130180345,
    "D": 0.25951309727166344,
    "E": 0.310464992045134,
    "S": 0.2558160976651681
  }
}