{
  "agreement": {
    "dfq_vs_choice": 0.6758333333333333,
    "qe_vs_choice": 0.6741666666666667,
    "tau_vs_choice": 0.6775
  },
  "alignment": {
    "dfq_driver_vs_premise": 0.4975,
    "pair_driver_vs_premise": NaN,
    "qe_driver_vs_premise": 0.4975,
    "tau_driver_vs_premise": 0.4975
  },
  "argllm_semantics": {
    "claim_base_score": 0.5,
    "conservativeness": 1.0
  },
  "behavioral_attribution": {},
  "dfq_weight_correlation": 0.7999999999999999,
  "include_interactions": false,
  "model": "local_ministral3_14b_reasoning_vllm_low",
  "pairwise_ok_rate": 0.0,
  "qe_weight_correlation": 0.7999999999999999,
  "reasoning_effort": "low",
  "stageA_weights": {
    "A": 0.29937739818599,
    "D": 0.0,
    "E": 0.4094404488296121,
    "S": 0.29118215298439787
  },
  "tau_ok_rate": 1.0,
  "tau_stability": {
    "A": {
      "mean_std": 0.1357094843692117,
      "median_std": 0.11547005383792516
    },
    "D": {
      "mean_std": 0.03945261751278894,
      "median_std": 0.05773502691896258
    },
    "E": {
      "mean_std": 0.11223179300745462,
      "median_std": 0.10000000000000002
    },
    "S": {
      "mean_std": 0.12879172915932677,
      "median_std": 0.11547005383792512
    }
  },
  "tau_weight_correlation": 0.7999999999999999
}