{
  "agreement": {
    "dfq_vs_choice": 0.7633333333333333,
    "qe_vs_choice": 0.76,
    "tau_vs_choice": 0.76
  },
  "alignment": {
    "dfq_driver_vs_premise": 0.6541666666666667,
    "pair_driver_vs_premise": NaN,
    "qe_driver_vs_premise": 0.6525,
    "tau_driver_vs_premise": 0.6533333333333333
  },
  "argllm_semantics": {
    "claim_base_score": 0.5,
    "conservativeness": 1.0
  },
  "behavioral_attribution": {},
  "dfq_weight_correlation": 0.7999999999999999,
  "include_interactions": false,
  "model": "openai_gpt5nano",
  "pairwise_ok_rate": 0.0,
  "qe_weight_correlation": 0.7999999999999999,
  "reasoning_effort": "low",
  "stageA_weights": {
    "A": 0.2507848175206162,
    "D": 0.0,
    "E": 0.36660091388097654,
    "S": 0.3826142685984073
  },
  "tau_ok_rate": 1.0,
  "tau_stability": {
    "A": {
      "mean_std": 0.0745166794595341,
      "median_std": 0.057735026918962595
    },
    "D": {
      "mean_std": 0.07749951715800085,
      "median_std": 0.05773502691896258
    },
    "E": {
      "mean_std": 0.05465895375706294,
      "median_std": 0.05773502691896253
    },
    "S": {
      "mean_std": 0.08863633975571573,
      "median_std": 0.09999999999999998
    }
  },
  "tau_weight_correlation": 0.7999999999999999
}