{
  "AME": {
    "A": 1.3050877059020571,
    "D": 2.0711829353553863,
    "E": 2.5915826996394298,
    "S": 1.4987355000599996
  },
  "b1_probes": {
    "baseline_accuracy": 1.0,
    "manipulated_accuracy": 1.0,
    "message": "No B1 trials found",
    "probe_effect_size": 0.0,
    "probe_effectiveness": true
  },
  "b1_validation": {
    "accuracy": 1.0,
    "failed_trials": [],
    "failure_rate": 0.0,
    "message": "No B1 trials found",
    "rationality_check_passed": true
  },
  "beta": {
    "A": 1.3050877059020571,
    "D": 2.0711829353553863,
    "E": 2.5915826996394298,
    "S": 1.4987355000599996
  },
  "cv": {
    "accuracy": 0.8284283683224846,
    "brier": 0.07291443945816158,
    "log_loss": 0.41552452822948344
  },
  "evaluation": {
    "accuracy": 0.83,
    "brier": 0.06794778102483143,
    "log_loss": 0.40152739931902154
  },
  "feature_columns": [
    "Intercept",
    "diff_E",
    "diff_A",
    "diff_S",
    "diff_D",
    "order_E",
    "order_x_E",
    "order_A",
    "order_x_A",
    "order_S",
    "order_x_S",
    "order_D",
    "order_x_D"
  ],
  "feature_info": {
    "interactions": {},
    "main": {
      "A": "diff_A",
      "D": "diff_D",
      "E": "diff_E",
      "S": "diff_S"
    },
    "order_bias": {
      "A": "order_A",
      "D": "order_D",
      "E": "order_E",
      "S": "order_S"
    },
    "order_interactions": {
      "A": "order_x_A",
      "D": "order_x_D",
      "E": "order_x_E",
      "S": "order_x_S"
    }
  },
  "include_interactions": false,
  "model": "openai_gpt5nano",
  "model_bse": {
    "Intercept": 0.05668070251860337,
    "diff_A": 0.07396632961507799,
    "diff_D": 0.09220871943175797,
    "diff_E": 0.10981936401094197,
    "diff_S": 0.08163679662411967,
    "order_A": 0.03974926634359164,
    "order_D": 0.040896009118534166,
    "order_E": 0.04162890236445615,
    "order_S": 0.04145960579428155,
    "order_x_A": 0.03714863160490908,
    "order_x_D": 0.039282613788983685,
    "order_x_E": 0.04438402489683534,
    "order_x_S": 0.03523920088663957
  },
  "model_params": {
    "Intercept": -0.32263235831926884,
    "diff_A": 1.3050877059020571,
    "diff_D": 2.0711829353553863,
    "diff_E": 2.5915826996394298,
    "diff_S": 1.4987355000599996,
    "order_A": -0.10537155173490818,
    "order_D": 0.19458446824308187,
    "order_E": -0.024752654974651865,
    "order_S": -0.06446026153352688,
    "order_x_A": -0.029331659084782226,
    "order_x_D": 0.0626513237514692,
    "order_x_E": -0.025815934184904826,
    "order_x_S": -0.12271411062824522
  },
  "reasoning_effort": "minimal",
  "weights": {
    "A": 0.17479035389536796,
    "D": 0.2773934629953397,
    "E": 0.347090586456788,
    "S": 0.2007255966525044
  }
}