{
  "agreement": {
    "tau_vs_choice": 0.5742574257425742
  },
  "alignment": {
    "pair_driver_vs_premise": NaN,
    "tau_driver_vs_premise": 0.42685370741482964
  },
  "behavioral_attribution": {
    "occlude_drop": {
      "by_attribute": {},
      "normalized": {}
    },
    "occlude_equalize": {
      "by_attribute": {},
      "normalized": {}
    }
  },
  "include_interactions": false,
  "model": "openai_gpt5nano",
  "pairwise_ok_rate": 0.0,
  "reasoning_effort": "minimal",
  "stageA_weights": {
    "A": 0.20297549955830294,
    "D": 0.3090793160185912,
    "E": 0.3145899044301777,
    "S": 0.17335527999292819
  },
  "tau_ok_rate": 0.9881188118811881,
  "tau_stability": {
    "A": {
      "mean_std": 0.15031984819221095,
      "median_std": 0.16355427233796127
    },
    "D": {
      "mean_std": 0.18313687107961954,
      "median_std": 0.21908902300206645
    },
    "E": {
      "mean_std": 0.1620367863399942,
      "median_std": 0.21679483388678802
    },
    "S": {
      "mean_std": 0.1671104696611644,
      "median_std": 0.17444196742756604
    }
  },
  "tau_weight_correlation": -0.39999999999999997
}