{
  "agreement": {
    "tau_vs_choice": 0.7917525773195876
  },
  "alignment": {
    "pair_driver_vs_premise": NaN,
    "tau_driver_vs_premise": 0.6185567010309279
  },
  "behavioral_attribution": {
    "occlude_drop": {
      "by_attribute": {},
      "normalized": {}
    },
    "occlude_equalize": {
      "by_attribute": {},
      "normalized": {}
    }
  },
  "include_interactions": false,
  "model": "openai_gpt5mini",
  "pairwise_ok_rate": 0.0,
  "reasoning_effort": "low",
  "stageA_weights": {
    "A": 0.2508459389093889,
    "D": 0.18535659260366705,
    "E": 0.2939397481714589,
    "S": 0.2698577203154852
  },
  "tau_ok_rate": 1.0,
  "tau_stability": {
    "A": {
      "mean_std": 0.048350560939593404,
      "median_std": 0.0447213595499958
    },
    "D": {
      "mean_std": 0.05808205357324353,
      "median_std": 0.0547722557505166
    },
    "E": {
      "mean_std": 0.03994368755129595,
      "median_std": 0.02738612787525832
    },
    "S": {
      "mean_std": 0.06313638969669788,
      "median_std": 0.06708203932499371
    }
  },
  "tau_weight_correlation": 1.0
}