{
  "AME": {
    "A": 1.8864752784836745,
    "D": 1.5556682327085467,
    "E": 1.7039276449435588,
    "S": 1.963121227044291
  },
  "b1_probes": {
    "baseline_accuracy": 1.0,
    "manipulated_accuracy": 1.0,
    "message": "No B1 trials found",
    "probe_effect_size": 0.0,
    "probe_effectiveness": true
  },
  "b1_validation": {
    "accuracy": 1.0,
    "failed_trials": [],
    "failure_rate": 0.0,
    "message": "No B1 trials found",
    "rationality_check_passed": true
  },
  "beta": {
    "A": 1.8864752784836745,
    "D": 1.5556682327085467,
    "E": 1.7039276449435588,
    "S": 1.963121227044291
  },
  "cv": {
    "accuracy": 0.8244092571030034,
    "brier": 0.061193093401248455,
    "log_loss": 0.4397941840617971
  },
  "evaluation": {
    "accuracy": 0.828,
    "brier": 0.058444537343152525,
    "log_loss": 0.4307961544239595
  },
  "feature_columns": [
    "Intercept",
    "diff_E",
    "diff_A",
    "diff_S",
    "diff_D",
    "order_E",
    "order_x_E",
    "order_A",
    "order_x_A",
    "order_S",
    "order_x_S",
    "order_D",
    "order_x_D"
  ],
  "feature_info": {
    "interactions": {},
    "main": {
      "A": "diff_A",
      "D": "diff_D",
      "E": "diff_E",
      "S": "diff_S"
    },
    "order_bias": {
      "A": "order_A",
      "D": "order_D",
      "E": "order_E",
      "S": "order_S"
    },
    "order_interactions": {
      "A": "order_x_A",
      "D": "order_x_D",
      "E": "order_x_E",
      "S": "order_x_S"
    }
  },
  "include_interactions": false,
  "model": "openai_gpt5nano",
  "model_bse": {
    "Intercept": 0.05443259302380058,
    "diff_A": 0.08048420979089829,
    "diff_D": 0.07433936008325787,
    "diff_E": 0.0783297464478883,
    "diff_S": 0.08488490877126592,
    "order_A": 0.0378398126282856,
    "order_D": 0.03947009698583801,
    "order_E": 0.04035775870325862,
    "order_S": 0.04053671234959306,
    "order_x_A": 0.03267866606559559,
    "order_x_D": 0.03362713842777187,
    "order_x_E": 0.03203609955069514,
    "order_x_S": 0.035351396732658726
  },
  "model_params": {
    "Intercept": -0.30256920830561046,
    "diff_A": 1.8864752784836745,
    "diff_D": 1.5556682327085467,
    "diff_E": 1.7039276449435588,
    "diff_S": 1.963121227044291,
    "order_A": 0.015137248927439069,
    "order_D": -0.028240901514514992,
    "order_E": 0.18086223196427617,
    "order_S": -0.1677585793771987,
    "order_x_A": -0.014461860243263326,
    "order_x_D": 0.055761872147961855,
    "order_x_E": -0.011760106514334737,
    "order_x_S": -0.010460928832788062
  },
  "reasoning_effort": "low",
  "weights": {
    "A": 0.26535718500837924,
    "D": 0.2188248888001914,
    "E": 0.2396794956590218,
    "S": 0.27613843053240755
  }
}