trial_id,config_id,seed,choice_ok,choice,premise_ok,premise_attr,premise_text,choice_raw,premise_raw
train_0001__p_at_oa_vs_q_at_oa,train_cfg_0001,1670758467,True,B,True,M,STAFF SUSTAINABILITY,<B>. Staff sustainability.,<B>. Staff sustainability.
train_0001__p_at_oa_vs_q_at_oa,train_cfg_0001,3740883222,True,B,True,M,STAFF SUSTAINABILITY,<B>. Staff sustainability.,<B>. Staff sustainability.
train_0001__p_at_oa_vs_q_at_oa,train_cfg_0001,3291262577,True,B,True,M,STAFF SUSTAINABILITY,<B>. Staff sustainability.,<B>. Staff sustainability.
train_0001__q_at_oa_vs_p_at_oa,train_cfg_0001,1207570317,True,A,True,M,STAFF SUSTAINABILITY,A. Staff sustainability.,A. Staff sustainability.
train_0001__q_at_oa_vs_p_at_oa,train_cfg_0001,1863170430,True,A,True,M,STAFF SUSTAINABILITY,A. Staff sustainability.,A. Staff sustainability.
train_0001__q_at_oa_vs_p_at_oa,train_cfg_0001,842197668,True,A,True,M,STAFF SUSTAINABILITY,A. Staff sustainability.,A. Staff sustainability.
train_0001__p_at_ob_vs_q_at_ob,train_cfg_0001,1404428065,True,B,True,M,STAFF SUSTAINABILITY,<B>. Staff sustainability.,<B>. Staff sustainability.
train_0001__p_at_ob_vs_q_at_ob,train_cfg_0001,2160885299,True,B,True,M,STAFF SUSTAINABILITY,<B>. Staff sustainability.,<B>. Staff sustainability.
train_0001__p_at_ob_vs_q_at_ob,train_cfg_0001,3036192536,True,B,True,M,STAFF SUSTAINABILITY,<B>. Staff sustainability.,<B>. Staff sustainability.
train_0001__q_at_ob_vs_p_at_ob,train_cfg_0001,610257626,True,A,True,M,STAFF SUSTAINABILITY,A. Staff sustainability.,A. Staff sustainability.
train_0001__q_at_ob_vs_p_at_ob,train_cfg_0001,1626686484,True,A,True,M,STAFF SUSTAINABILITY,A. Staff sustainability.,A. Staff sustainability.
train_0001__q_at_ob_vs_p_at_ob,train_cfg_0001,1336018328,True,A,True,M,STAFF SUSTAINABILITY,A. Staff sustainability.,A. Staff sustainability.
train_0002__p_at_oa_vs_q_at_oa,train_cfg_0002,4078305705,True,A,True,C,SERVICE CONTINUITY,A. Service continuity.,A. Service continuity.
train_0002__p_at_oa_vs_q_at_oa,train_cfg_0002,3184514733,True,B,True,M,STAFF SUSTAINABILITY,<B>. Staff sustainability.,<B>. Staff sustainability.
train_0002__p_at_oa_vs_q_at_oa,train_cfg_0002,4285469849,True,B,True,M,STAFF SUSTAINABILITY,<B>. Staff sustainability.,<B>. Staff sustainability.
train_0002__q_at_oa_vs_p_at_oa,train_cfg_0002,2069000989,True,B,True,C,SERVICE CONTINUITY,<B>. Service continuity.,<B>. Service continuity.
train_0002__q_at_oa_vs_p_at_oa,train_cfg_0002,1737861493,True,B,True,C,SERVICE CONTINUITY,<B>. Service continuity.,<B>. Service continuity.
train_0002__q_at_oa_vs_p_at_oa,train_cfg_0002,1409930134,True,B,True,C,SERVICE CONTINUITY,<B>. Service continuity.,<B>. Service continuity.
train_0002__p_at_ob_vs_q_at_ob,train_cfg_0002,1425266590,True,A,True,T,THREAT REDUCTION,A. Threat reduction.,A. Threat reduction.
train_0002__p_at_ob_vs_q_at_ob,train_cfg_0002,1467633013,True,A,True,T,THREAT REDUCTION,A. Threat reduction.,A. Threat reduction.
train_0002__p_at_ob_vs_q_at_ob,train_cfg_0002,298023188,True,A,True,T,THREAT REDUCTION,A. Threat reduction.,A. Threat reduction.
train_0002__q_at_ob_vs_p_at_ob,train_cfg_0002,3025715692,True,A,True,M,STAFF SUSTAINABILITY,A. Staff sustainability.,A. Staff sustainability.
train_0002__q_at_ob_vs_p_at_ob,train_cfg_0002,3402575848,True,A,True,M,STAFF SUSTAINABILITY,A. Staff sustainability.,A. Staff sustainability.
train_0002__q_at_ob_vs_p_at_ob,train_cfg_0002,26184221,True,A,True,M,STAFF SUSTAINABILITY,A. Staff sustainability.,A. Staff sustainability.
train_0003__p_at_oa_vs_q_at_oa,train_cfg_0003,3599936749,True,B,True,T,THREAT REDUCTION,<B>. Threat reduction.,<B>. Threat reduction.
train_0003__p_at_oa_vs_q_at_oa,train_cfg_0003,1607443565,True,B,True,T,THREAT REDUCTION,<B>. Threat reduction.,<B>. Threat reduction.
train_0003__p_at_oa_vs_q_at_oa,train_cfg_0003,1645076257,True,B,True,T,THREAT REDUCTION,<B>. Threat reduction.,<B>. Threat reduction.
train_0003__q_at_oa_vs_p_at_oa,train_cfg_0003,109037321,True,A,True,T,THREAT REDUCTION,A. Threat reduction.,A. Threat reduction.
train_0003__q_at_oa_vs_p_at_oa,train_cfg_0003,4029204046,True,A,True,T,THREAT REDUCTION,A. Threat reduction.,A. Threat reduction.
train_0003__q_at_oa_vs_p_at_oa,train_cfg_0003,2097622075,True,A,True,T,THREAT REDUCTION,A. Threat reduction.,A. Threat reduction.
train_0003__p_at_ob_vs_q_at_ob,train_cfg_0003,1963313254,True,B,True,C,SERVICE CONTINUITY,<B>. Service continuity.,<B>. Service continuity.
train_0003__p_at_ob_vs_q_at_ob,train_cfg_0003,1806944260,True,B,True,C,SERVICE CONTINUITY,<B>. Service continuity.,<B>. Service continuity.
train_0003__p_at_ob_vs_q_at_ob,train_cfg_0003,2413125185,True,B,True,C,SERVICE CONTINUITY,<B>. Service continuity.,<B>. Service continuity.
train_0003__q_at_ob_vs_p_at_ob,train_cfg_0003,3309669090,True,A,True,T,THREAT REDUCTION,A. Threat reduction.,A. Threat reduction.
train_0003__q_at_ob_vs_p_at_ob,train_cfg_0003,3756736678,True,A,True,T,THREAT REDUCTION,A. Threat reduction.,A. Threat reduction.
train_0003__q_at_ob_vs_p_at_ob,train_cfg_0003,3292866767,True,A,True,T,THREAT REDUCTION,A. Threat reduction.,A. Threat reduction.
train_0004__p_at_oa_vs_q_at_oa,train_cfg_0004,799405372,True,A,True,C,SERVICE CONTINUITY,A. Service continuity.,A. Service continuity.
train_0004__p_at_oa_vs_q_at_oa,train_cfg_0004,3433021165,True,A,True,C,SERVICE CONTINUITY,A. Service continuity.,A. Service continuity.
train_0004__p_at_oa_vs_q_at_oa,train_cfg_0004,3209967708,True,A,True,C,SERVICE CONTINUITY,A. Service continuity.,A. Service continuity.
train_0004__q_at_oa_vs_p_at_oa,train_cfg_0004,237581025,True,B,True,C,SERVICE CONTINUITY,<B>. Service continuity.,<B>. Service continuity.
train_0004__q_at_oa_vs_p_at_oa,train_cfg_0004,4100248513,True,B,True,C,SERVICE CONTINUITY,<B>. Service continuity.,<B>. Service continuity.
train_0004__q_at_oa_vs_p_at_oa,train_cfg_0004,2396993793,True,B,True,C,SERVICE CONTINUITY,<B>. Service continuity.,<B>. Service continuity.
train_0004__p_at_ob_vs_q_at_ob,train_cfg_0004,4146922512,True,A,True,C,SERVICE CONTINUITY,A. Service continuity.,A. Service continuity.
train_0004__p_at_ob_vs_q_at_ob,train_cfg_0004,2509259458,True,A,True,C,SERVICE CONTINUITY,A. Service continuity.,A. Service continuity.
train_0004__p_at_ob_vs_q_at_ob,train_cfg_0004,2416812947,True,A,True,C,SERVICE CONTINUITY,A. Service continuity.,A. Service continuity.
train_0004__q_at_ob_vs_p_at_ob,train_cfg_0004,2155274981,True,B,True,C,SERVICE CONTINUITY,<B>. Service continuity.,<B>. Service continuity.
train_0004__q_at_ob_vs_p_at_ob,train_cfg_0004,2851941914,True,B,True,C,SERVICE CONTINUITY,<B>. Service continuity.,<B>. Service continuity.
train_0004__q_at_ob_vs_p_at_ob,train_cfg_0004,1393884840,True,B,True,C,SERVICE CONTINUITY,<B>. Service continuity.,<B>. Service continuity.
train_0005__p_at_oa_vs_q_at_oa,train_cfg_0005,963124064,True,B,True,M,STAFF SUSTAINABILITY,<B>. Staff sustainability.,<B>. Staff sustainability.
train_0005__p_at_oa_vs_q_at_oa,train_cfg_0005,2164835765,True,B,True,M,STAFF SUSTAINABILITY,<B>. Staff sustainability.,<B>. Staff sustainability.
train_0005__p_at_oa_vs_q_at_oa,train_cfg_0005,1364256743,True,B,True,M,STAFF SUSTAINABILITY,<B>. Staff sustainability.,<B>. Staff sustainability.
train_0005__q_at_oa_vs_p_at_oa,train_cfg_0005,3894337101,True,A,True,M,STAFF SUSTAINABILITY,A. Staff sustainability.,A. Staff sustainability.
train_0005__q_at_oa_vs_p_at_oa,train_cfg_0005,3843634757,True,A,True,M,STAFF SUSTAINABILITY,A. Staff sustainability.,A. Staff sustainability.
train_0005__q_at_oa_vs_p_at_oa,train_cfg_0005,1108822445,True,A,True,M,STAFF SUSTAINABILITY,A. Staff sustainability.,A. Staff sustainability.
train_0005__p_at_ob_vs_q_at_ob,train_cfg_0005,2923451979,True,B,True,M,STAFF SUSTAINABILITY,<B>. Staff sustainability.,<B>. Staff sustainability.
train_0005__p_at_ob_vs_q_at_ob,train_cfg_0005,3962190408,True,B,True,M,STAFF SUSTAINABILITY,<B>. Staff sustainability.,<B>. Staff sustainability.
train_0005__p_at_ob_vs_q_at_ob,train_cfg_0005,537863894,True,B,True,M,STAFF SUSTAINABILITY,B. Staff sustainability.,B. Staff sustainability.
train_0005__q_at_ob_vs_p_at_ob,train_cfg_0005,2980481507,True,A,True,A,AUDIT READINESS,A. Audit readiness.,A. Audit readiness.
train_0005__q_at_ob_vs_p_at_ob,train_cfg_0005,1534542093,True,A,True,A,AUDIT READINESS,A. Audit readiness.,A. Audit readiness.
train_0005__q_at_ob_vs_p_at_ob,train_cfg_0005,3094315113,True,A,True,A,AUDIT READINESS,A. Audit readiness.,A. Audit readiness.
train_0006__p_at_oa_vs_q_at_oa,train_cfg_0006,606545379,True,A,True,M,STAFF SUSTAINABILITY,A. Staff sustainability.,A. Staff sustainability.
train_0006__p_at_oa_vs_q_at_oa,train_cfg_0006,2224840560,True,A,True,M,STAFF SUSTAINABILITY,A. Staff sustainability.,A. Staff sustainability.
train_0006__p_at_oa_vs_q_at_oa,train_cfg_0006,1828022688,True,A,True,M,STAFF SUSTAINABILITY,A. Staff sustainability.,A. Staff sustainability.
train_0006__q_at_oa_vs_p_at_oa,train_cfg_0006,3889479710,True,B,True,M,STAFF SUSTAINABILITY,<B>. Staff sustainability.,<B>. Staff sustainability.
train_0006__q_at_oa_vs_p_at_oa,train_cfg_0006,956006196,True,B,True,M,STAFF SUSTAINABILITY,<B>. Staff sustainability.,<B>. Staff sustainability.
train_0006__q_at_oa_vs_p_at_oa,train_cfg_0006,551593191,True,B,True,M,STAFF SUSTAINABILITY,<B>. Staff sustainability.,<B>. Staff sustainability.
train_0006__p_at_ob_vs_q_at_ob,train_cfg_0006,3648623826,True,A,True,M,STAFF SUSTAINABILITY,A. Staff sustainability.,A. Staff sustainability.
train_0006__p_at_ob_vs_q_at_ob,train_cfg_0006,462580202,True,A,True,M,STAFF SUSTAINABILITY,A. Staff sustainability.,A. Staff sustainability.
train_0006__p_at_ob_vs_q_at_ob,train_cfg_0006,1537692733,True,A,True,M,STAFF SUSTAINABILITY,A. Staff sustainability.,A. Staff sustainability.
train_0006__q_at_ob_vs_p_at_ob,train_cfg_0006,2800067316,True,B,True,M,STAFF SUSTAINABILITY,<B>. Staff sustainability.,<B>. Staff sustainability.
train_0006__q_at_ob_vs_p_at_ob,train_cfg_0006,58555097,True,B,True,M,STAFF SUSTAINABILITY,<B>. Staff sustainability.,<B>. Staff sustainability.
train_0006__q_at_ob_vs_p_at_ob,train_cfg_0006,2869905731,True,B,True,M,STAFF SUSTAINABILITY,<B>. Staff sustainability.,<B>. Staff sustainability.
train_0007__p_at_oa_vs_q_at_oa,train_cfg_0007,3768191245,True,A,True,M,STAFF SUSTAINABILITY,A. Staff sustainability.,A. Staff sustainability.
train_0007__p_at_oa_vs_q_at_oa,train_cfg_0007,2901740008,True,A,True,M,STAFF SUSTAINABILITY,A. Staff sustainability.,A. Staff sustainability.
train_0007__p_at_oa_vs_q_at_oa,train_cfg_0007,3733658905,True,A,True,M,STAFF SUSTAINABILITY,A. Staff sustainability.,A. Staff sustainability.
train_0007__q_at_oa_vs_p_at_oa,train_cfg_0007,4240065677,True,B,True,M,STAFF SUSTAINABILITY,<B>. Staff sustainability.,<B>. Staff sustainability.
train_0007__q_at_oa_vs_p_at_oa,train_cfg_0007,169161182,True,B,True,M,STAFF SUSTAINABILITY,<B>. Staff sustainability.,<B>. Staff sustainability.
train_0007__q_at_oa_vs_p_at_oa,train_cfg_0007,400725495,True,B,True,M,STAFF SUSTAINABILITY,<B>. Staff sustainability.,<B>. Staff sustainability.
train_0007__p_at_ob_vs_q_at_ob,train_cfg_0007,950611314,True,A,True,M,STAFF SUSTAINABILITY,A. Staff sustainability.,A. Staff sustainability.
train_0007__p_at_ob_vs_q_at_ob,train_cfg_0007,3627569585,True,A,True,M,STAFF SUSTAINABILITY,A. Staff sustainability.,A. Staff sustainability.
train_0007__p_at_ob_vs_q_at_ob,train_cfg_0007,3650558487,True,A,True,M,STAFF SUSTAINABILITY,A. Staff sustainability.,A. Staff sustainability.
train_0007__q_at_ob_vs_p_at_ob,train_cfg_0007,3763078256,True,B,True,M,STAFF SUSTAINABILITY,<B>. Staff sustainability.,<B>. Staff sustainability.
train_0007__q_at_ob_vs_p_at_ob,train_cfg_0007,320062565,True,B,True,M,STAFF SUSTAINABILITY,<B>. Staff sustainability.,<B>. Staff sustainability.
train_0007__q_at_ob_vs_p_at_ob,train_cfg_0007,4265657444,True,B,True,M,STAFF SUSTAINABILITY,<B>. Staff sustainability.,<B>. Staff sustainability.
train_0008__p_at_oa_vs_q_at_oa,train_cfg_0008,3770770394,True,B,True,T,THREAT REDUCTION,<B>. Threat reduction.,<B>. Threat reduction.
train_0008__p_at_oa_vs_q_at_oa,train_cfg_0008,3024279267,True,B,True,T,THREAT REDUCTION,<B>. Threat reduction.,<B>. Threat reduction.
train_0008__p_at_oa_vs_q_at_oa,train_cfg_0008,4226104456,True,B,True,T,THREAT REDUCTION,<B>. Threat reduction.,<B>. Threat reduction.
train_0008__q_at_oa_vs_p_at_oa,train_cfg_0008,3087486071,True,A,True,T,THREAT REDUCTION,A. Threat reduction.,A. Threat reduction.
train_0008__q_at_oa_vs_p_at_oa,train_cfg_0008,2424585948,True,A,True,T,THREAT REDUCTION,A. Threat reduction.,A. Threat reduction.
train_0008__q_at_oa_vs_p_at_oa,train_cfg_0008,890077382,True,A,True,T,THREAT REDUCTION,A. Threat reduction.,A. Threat reduction.
train_0008__p_at_ob_vs_q_at_ob,train_cfg_0008,3758862447,True,B,True,T,THREAT REDUCTION,<B>. Threat reduction.,<B>. Threat reduction.
train_0008__p_at_ob_vs_q_at_ob,train_cfg_0008,385458748,True,B,True,T,THREAT REDUCTION,<B>. Threat reduction.,<B>. Threat reduction.
train_0008__p_at_ob_vs_q_at_ob,train_cfg_0008,1420847,True,A,True,C,SERVICE CONTINUITY,A. Service continuity.,A. Service continuity.
train_0008__q_at_ob_vs_p_at_ob,train_cfg_0008,931655259,True,A,True,T,THREAT REDUCTION,A. Threat reduction.,A. Threat reduction.
train_0008__q_at_ob_vs_p_at_ob,train_cfg_0008,2968302365,True,A,True,T,THREAT REDUCTION,A. Threat reduction.,A. Threat reduction.
train_0008__q_at_ob_vs_p_at_ob,train_cfg_0008,4114841432,True,A,True,T,THREAT REDUCTION,A. Threat reduction.,A. Threat reduction.
train_0009__p_at_oa_vs_q_at_oa,train_cfg_0009,2766207011,True,B,True,P,SYSTEM PORTABILITY,<B>. System portability.,<B>. System portability.
train_0009__p_at_oa_vs_q_at_oa,train_cfg_0009,1844195085,True,B,True,P,SYSTEM PORTABILITY,<B>. System portability.,<B>. System portability.
train_0009__p_at_oa_vs_q_at_oa,train_cfg_0009,2953697205,True,B,True,P,SYSTEM PORTABILITY,<B>. System portability.,<B>. System portability.
train_0009__q_at_oa_vs_p_at_oa,train_cfg_0009,1826531687,True,A,True,A,AUDIT READINESS,A. Audit readiness.,A. Audit readiness.
train_0009__q_at_oa_vs_p_at_oa,train_cfg_0009,1518546335,True,A,True,A,AUDIT READINESS,A. Audit readiness.,A. Audit readiness.
train_0009__q_at_oa_vs_p_at_oa,train_cfg_0009,1223790530,True,A,True,A,AUDIT READINESS,A. Audit readiness.,A. Audit readiness.
train_0009__p_at_ob_vs_q_at_ob,train_cfg_0009,300257464,True,B,True,P,SYSTEM PORTABILITY,<B>. System portability.,<B>. System portability.
train_0009__p_at_ob_vs_q_at_ob,train_cfg_0009,1642371312,True,B,True,P,SYSTEM PORTABILITY,<B>. System portability.,<B>. System portability.
train_0009__p_at_ob_vs_q_at_ob,train_cfg_0009,987829940,True,B,True,P,SYSTEM PORTABILITY,<B>. System portability.,<B>. System portability.
train_0009__q_at_ob_vs_p_at_ob,train_cfg_0009,3590118443,True,A,True,C,SERVICE CONTINUITY,A. Service continuity.,A. Service continuity.
train_0009__q_at_ob_vs_p_at_ob,train_cfg_0009,382880035,True,A,True,C,SERVICE CONTINUITY,A. Service continuity.,A. Service continuity.
train_0009__q_at_ob_vs_p_at_ob,train_cfg_0009,601006075,True,A,True,C,SERVICE CONTINUITY,A. Service continuity.,A. Service continuity.
train_0010__p_at_oa_vs_q_at_oa,train_cfg_0010,1526504050,True,B,True,M,STAFF SUSTAINABILITY,<B>. Staff sustainability.,<B>. Staff sustainability.
train_0010__p_at_oa_vs_q_at_oa,train_cfg_0010,3437579201,True,B,True,M,STAFF SUSTAINABILITY,<B>. Staff sustainability.,<B>. Staff sustainability.
train_0010__p_at_oa_vs_q_at_oa,train_cfg_0010,1607025018,True,B,True,M,STAFF SUSTAINABILITY,<B>. Staff sustainability.,<B>. Staff sustainability.
train_0010__q_at_oa_vs_p_at_oa,train_cfg_0010,1761687080,True,A,True,M,STAFF SUSTAINABILITY,A. Staff sustainability.,A. Staff sustainability.
train_0010__q_at_oa_vs_p_at_oa,train_cfg_0010,508222383,True,A,True,M,STAFF SUSTAINABILITY,A. Staff sustainability.,A. Staff sustainability.
train_0010__q_at_oa_vs_p_at_oa,train_cfg_0010,1107008247,True,A,True,C,SERVICE CONTINUITY,A. Service continuity.,A. Service continuity.
train_0010__p_at_ob_vs_q_at_ob,train_cfg_0010,657658787,True,B,True,M,STAFF SUSTAINABILITY,B. Staff sustainability.,B. Staff sustainability.
train_0010__p_at_ob_vs_q_at_ob,train_cfg_0010,712402427,True,B,True,M,STAFF SUSTAINABILITY,<B>. Staff sustainability.,<B>. Staff sustainability.
train_0010__p_at_ob_vs_q_at_ob,train_cfg_0010,1301954081,True,B,True,M,STAFF SUSTAINABILITY,<B>. Staff sustainability.,<B>. Staff sustainability.
train_0010__q_at_ob_vs_p_at_ob,train_cfg_0010,1058082535,True,A,True,M,STAFF SUSTAINABILITY,A. Staff sustainability.,A. Staff sustainability.
train_0010__q_at_ob_vs_p_at_ob,train_cfg_0010,3932912072,True,A,True,M,STAFF SUSTAINABILITY,A. Staff sustainability.,A. Staff sustainability.
train_0010__q_at_ob_vs_p_at_ob,train_cfg_0010,855443282,True,A,True,D,DEPLOYMENT SPEED,A. Deployment speed.,A. Deployment speed.
train_0011__p_at_oa_vs_q_at_oa,train_cfg_0011,1096414680,True,B,True,T,THREAT REDUCTION,<B>. Threat reduction.,<B>. Threat reduction.
train_0011__p_at_oa_vs_q_at_oa,train_cfg_0011,476572986,True,B,True,T,THREAT REDUCTION,<B>. Threat reduction.,<B>. Threat reduction.
train_0011__p_at_oa_vs_q_at_oa,train_cfg_0011,3471483632,True,B,True,T,THREAT REDUCTION,<B>. Threat reduction.,<B>. Threat reduction.
train_0011__q_at_oa_vs_p_at_oa,train_cfg_0011,3299233452,True,A,True,T,THREAT REDUCTION,A. Threat reduction.,A. Threat reduction.
train_0011__q_at_oa_vs_p_at_oa,train_cfg_0011,1004833841,True,A,True,T,THREAT REDUCTION,A. Threat reduction.,A. Threat reduction.
train_0011__q_at_oa_vs_p_at_oa,train_cfg_0011,2215974527,True,A,True,T,THREAT REDUCTION,A. Threat reduction.,A. Threat reduction.
train_0011__p_at_ob_vs_q_at_ob,train_cfg_0011,1636675120,True,B,True,T,THREAT REDUCTION,<B>. Threat reduction.,<B>. Threat reduction.
train_0011__p_at_ob_vs_q_at_ob,train_cfg_0011,1800592704,True,B,True,T,THREAT REDUCTION,<B>. Threat reduction.,<B>. Threat reduction.
train_0011__p_at_ob_vs_q_at_ob,train_cfg_0011,3811752914,True,B,True,T,THREAT REDUCTION,<B>. Threat reduction.,<B>. Threat reduction.
train_0011__q_at_ob_vs_p_at_ob,train_cfg_0011,3311744948,True,A,True,T,THREAT REDUCTION,A. Threat reduction.,A. Threat reduction.
train_0011__q_at_ob_vs_p_at_ob,train_cfg_0011,1435429003,True,A,True,T,THREAT REDUCTION,A. Threat reduction.,A. Threat reduction.
train_0011__q_at_ob_vs_p_at_ob,train_cfg_0011,126033459,True,A,True,T,THREAT REDUCTION,A. Threat reduction.,A. Threat reduction.
train_0012__p_at_oa_vs_q_at_oa,train_cfg_0012,3741294889,True,B,True,D,DEPLOYMENT SPEED,<B>. Deployment speed.,<B>. Deployment speed.
train_0012__p_at_oa_vs_q_at_oa,train_cfg_0012,3069767046,True,B,True,D,DEPLOYMENT SPEED,<B>. Deployment speed.,<B>. Deployment speed.
train_0012__p_at_oa_vs_q_at_oa,train_cfg_0012,2334143375,True,B,True,D,DEPLOYMENT SPEED,<B>. Deployment speed.,<B>. Deployment speed.
train_0012__q_at_oa_vs_p_at_oa,train_cfg_0012,2157738099,True,B,True,M,STAFF SUSTAINABILITY,<B>. Staff sustainability.,<B>. Staff sustainability.
train_0012__q_at_oa_vs_p_at_oa,train_cfg_0012,1638444200,True,B,True,M,STAFF SUSTAINABILITY,<B>. Staff sustainability.,<B>. Staff sustainability.
train_0012__q_at_oa_vs_p_at_oa,train_cfg_0012,375333253,True,B,True,M,STAFF SUSTAINABILITY,<B>. Staff sustainability.,<B>. Staff sustainability.
train_0012__p_at_ob_vs_q_at_ob,train_cfg_0012,2233113434,True,A,True,M,STAFF SUSTAINABILITY,A. Staff sustainability.,A. Staff sustainability.
train_0012__p_at_ob_vs_q_at_ob,train_cfg_0012,469166739,True,A,True,M,STAFF SUSTAINABILITY,A. Staff sustainability.,A. Staff sustainability.
train_0012__p_at_ob_vs_q_at_ob,train_cfg_0012,444230469,True,A,True,M,STAFF SUSTAINABILITY,A. Staff sustainability.,A. Staff sustainability.
train_0012__q_at_ob_vs_p_at_ob,train_cfg_0012,4039241239,True,B,True,M,STAFF SUSTAINABILITY,<B>. Staff sustainability.,<B>. Staff sustainability.
train_0012__q_at_ob_vs_p_at_ob,train_cfg_0012,1843451452,True,B,True,M,STAFF SUSTAINABILITY,<B>. Staff sustainability.,<B>. Staff sustainability.
train_0012__q_at_ob_vs_p_at_ob,train_cfg_0012,731230730,True,B,True,M,STAFF SUSTAINABILITY,<B>. Staff sustainability.,<B>. Staff sustainability.
train_0013__p_at_oa_vs_q_at_oa,train_cfg_0013,3397396174,True,B,True,D,DEPLOYMENT SPEED,<B>. Deployment speed.,<B>. Deployment speed.
train_0013__p_at_oa_vs_q_at_oa,train_cfg_0013,451576015,True,B,True,D,DEPLOYMENT SPEED,<B>. Deployment speed.,<B>. Deployment speed.
train_0013__p_at_oa_vs_q_at_oa,train_cfg_0013,339519323,True,B,True,D,DEPLOYMENT SPEED,<B>. Deployment speed.,<B>. Deployment speed.
train_0013__q_at_oa_vs_p_at_oa,train_cfg_0013,3813885474,True,A,True,T,THREAT REDUCTION,A. Threat reduction.,A. Threat reduction.
train_0013__q_at_oa_vs_p_at_oa,train_cfg_0013,1630097247,True,A,True,T,THREAT REDUCTION,A. Threat reduction.,A. Threat reduction.
train_0013__q_at_oa_vs_p_at_oa,train_cfg_0013,2581803498,True,A,True,T,THREAT REDUCTION,A. Threat reduction.,A. Threat reduction.
train_0013__p_at_ob_vs_q_at_ob,train_cfg_0013,2015154546,True,B,True,D,DEPLOYMENT SPEED,<B>. Deployment speed.,<B>. Deployment speed.
train_0013__p_at_ob_vs_q_at_ob,train_cfg_0013,816271064,True,B,True,D,DEPLOYMENT SPEED,<B>. Deployment speed.,<B>. Deployment speed.
train_0013__p_at_ob_vs_q_at_ob,train_cfg_0013,2320099045,True,B,True,D,DEPLOYMENT SPEED,<B>. Deployment speed.,<B>. Deployment speed.
train_0013__q_at_ob_vs_p_at_ob,train_cfg_0013,1943374455,True,B,True,A,AUDIT READINESS,<B>. Audit readiness.,<B>. Audit readiness.
train_0013__q_at_ob_vs_p_at_ob,train_cfg_0013,2076457088,True,B,True,A,AUDIT READINESS,<B>. Audit readiness.,<B>. Audit readiness.
train_0013__q_at_ob_vs_p_at_ob,train_cfg_0013,264429461,True,B,True,A,AUDIT READINESS,<B>. Audit readiness.,<B>. Audit readiness.
train_0014__p_at_oa_vs_q_at_oa,train_cfg_0014,22927729,True,A,True,T,THREAT REDUCTION,A. Threat reduction.,A. Threat reduction.
train_0014__p_at_oa_vs_q_at_oa,train_cfg_0014,1618027042,True,A,True,T,THREAT REDUCTION,A. Threat reduction.,A. Threat reduction.
train_0014__p_at_oa_vs_q_at_oa,train_cfg_0014,562205232,True,A,True,T,THREAT REDUCTION,A. Threat reduction.,A. Threat reduction.
train_0014__q_at_oa_vs_p_at_oa,train_cfg_0014,3548664975,True,B,True,A,AUDIT READINESS,<B>. Audit readiness.,<B>. Audit readiness.
train_0014__q_at_oa_vs_p_at_oa,train_cfg_0014,3948325452,True,B,True,A,AUDIT READINESS,<B>. Audit readiness.,<B>. Audit readiness.
train_0014__q_at_oa_vs_p_at_oa,train_cfg_0014,1232568060,True,B,True,A,AUDIT READINESS,<B>. Audit readiness.,<B>. Audit readiness.
train_0014__p_at_ob_vs_q_at_ob,train_cfg_0014,1170379954,True,B,True,D,DEPLOYMENT SPEED,<B>. Deployment speed.,<B>. Deployment speed.
train_0014__p_at_ob_vs_q_at_ob,train_cfg_0014,740222243,True,B,True,D,DEPLOYMENT SPEED,<B>. Deployment speed.,<B>. Deployment speed.
train_0014__p_at_ob_vs_q_at_ob,train_cfg_0014,1332207159,True,B,True,D,DEPLOYMENT SPEED,<B>. Deployment speed.,<B>. Deployment speed.
train_0014__q_at_ob_vs_p_at_ob,train_cfg_0014,1389934896,True,A,True,C,SERVICE CONTINUITY,A. Service continuity.,A. Service continuity.
train_0014__q_at_ob_vs_p_at_ob,train_cfg_0014,3600267464,True,A,True,C,SERVICE CONTINUITY,A. Service continuity.,A. Service continuity.
train_0014__q_at_ob_vs_p_at_ob,train_cfg_0014,2614573060,True,A,True,C,SERVICE CONTINUITY,A. Service continuity.,A. Service continuity.
train_0015__p_at_oa_vs_q_at_oa,train_cfg_0015,462082712,True,B,True,D,DEPLOYMENT SPEED,<B>. Deployment speed.,<B>. Deployment speed.
train_0015__p_at_oa_vs_q_at_oa,train_cfg_0015,1351403131,True,B,True,D,DEPLOYMENT SPEED,<B>. Deployment speed.,<B>. Deployment speed.
train_0015__p_at_oa_vs_q_at_oa,train_cfg_0015,1415184563,True,B,True,D,DEPLOYMENT SPEED,<B>. Deployment speed.,<B>. Deployment speed.
train_0015__q_at_oa_vs_p_at_oa,train_cfg_0015,3529428181,True,A,True,D,DEPLOYMENT SPEED,A. Deployment speed.,A. Deployment speed.
train_0015__q_at_oa_vs_p_at_oa,train_cfg_0015,3414136946,True,A,True,D,DEPLOYMENT SPEED,A. Deployment speed.,A. Deployment speed.
train_0015__q_at_oa_vs_p_at_oa,train_cfg_0015,1117177457,True,A,True,D,DEPLOYMENT SPEED,A. Deployment speed.,A. Deployment speed.
train_0015__p_at_ob_vs_q_at_ob,train_cfg_0015,1102499800,True,A,True,M,STAFF SUSTAINABILITY,A. Staff sustainability.,A. Staff sustainability.
train_0015__p_at_ob_vs_q_at_ob,train_cfg_0015,3300559041,True,A,True,M,STAFF SUSTAINABILITY,A. Staff sustainability.,A. Staff sustainability.
train_0015__p_at_ob_vs_q_at_ob,train_cfg_0015,558636208,True,A,True,M,STAFF SUSTAINABILITY,A. Staff sustainability.,A. Staff sustainability.
train_0015__q_at_ob_vs_p_at_ob,train_cfg_0015,926575102,True,A,True,M,STAFF SUSTAINABILITY,A. Staff sustainability.,A. Staff sustainability.
train_0015__q_at_ob_vs_p_at_ob,train_cfg_0015,3223461092,True,A,True,M,STAFF SUSTAINABILITY,A. Staff sustainability.,A. Staff sustainability.
train_0015__q_at_ob_vs_p_at_ob,train_cfg_0015,4049337277,True,A,True,M,STAFF SUSTAINABILITY,A. Staff sustainability.,A. Staff sustainability.
train_0016__p_at_oa_vs_q_at_oa,train_cfg_0016,3140950971,True,B,True,C,SERVICE CONTINUITY,<B>. Service continuity.,<B>. Service continuity.
train_0016__p_at_oa_vs_q_at_oa,train_cfg_0016,3801040591,True,B,True,C,SERVICE CONTINUITY,<B>. Service continuity.,<B>. Service continuity.
train_0016__p_at_oa_vs_q_at_oa,train_cfg_0016,2437564406,True,B,True,C,SERVICE CONTINUITY,<B>. Service continuity.,<B>. Service continuity.
train_0016__q_at_oa_vs_p_at_oa,train_cfg_0016,3575144070,True,A,True,C,SERVICE CONTINUITY,A. Service continuity.,A. Service continuity.
train_0016__q_at_oa_vs_p_at_oa,train_cfg_0016,3292017310,True,A,True,C,SERVICE CONTINUITY,A. Service continuity.,A. Service continuity.
train_0016__q_at_oa_vs_p_at_oa,train_cfg_0016,1721832609,True,A,True,C,SERVICE CONTINUITY,A. Service continuity.,A. Service continuity.
train_0016__p_at_ob_vs_q_at_ob,train_cfg_0016,149315317,True,B,True,C,SERVICE CONTINUITY,<B>. Service continuity.,<B>. Service continuity.
train_0016__p_at_ob_vs_q_at_ob,train_cfg_0016,1553902322,True,B,True,C,SERVICE CONTINUITY,<B>. Service continuity.,<B>. Service continuity.
train_0016__p_at_ob_vs_q_at_ob,train_cfg_0016,1972200908,True,B,True,C,SERVICE CONTINUITY,<B>. Service continuity.,<B>. Service continuity.
train_0016__q_at_ob_vs_p_at_ob,train_cfg_0016,3142028832,True,A,True,C,SERVICE CONTINUITY,A. Service continuity.,A. Service continuity.
train_0016__q_at_ob_vs_p_at_ob,train_cfg_0016,1521707145,True,A,True,C,SERVICE CONTINUITY,A. Service continuity.,A. Service continuity.
train_0016__q_at_ob_vs_p_at_ob,train_cfg_0016,1032347660,True,A,True,C,SERVICE CONTINUITY,A. Service continuity.,A. Service continuity.
train_0017__p_at_oa_vs_q_at_oa,train_cfg_0017,3223415396,True,B,True,T,THREAT REDUCTION,B. Threat reduction.,B. Threat reduction.
train_0017__p_at_oa_vs_q_at_oa,train_cfg_0017,3753668125,True,B,True,T,THREAT REDUCTION,<B>. Threat reduction.,<B>. Threat reduction.
train_0017__p_at_oa_vs_q_at_oa,train_cfg_0017,1035297477,True,B,True,T,THREAT REDUCTION,<B>. Threat reduction.,<B>. Threat reduction.
train_0017__q_at_oa_vs_p_at_oa,train_cfg_0017,2803161325,True,A,True,T,THREAT REDUCTION,A. Threat reduction.,A. Threat reduction.
train_0017__q_at_oa_vs_p_at_oa,train_cfg_0017,3288163220,True,A,True,T,THREAT REDUCTION,A. Threat reduction.,A. Threat reduction.
train_0017__q_at_oa_vs_p_at_oa,train_cfg_0017,3515806506,True,A,True,T,THREAT REDUCTION,A. Threat reduction.,A. Threat reduction.
train_0017__p_at_ob_vs_q_at_ob,train_cfg_0017,2590553552,True,B,True,T,THREAT REDUCTION,<B>. Threat reduction.,<B>. Threat reduction.
train_0017__p_at_ob_vs_q_at_ob,train_cfg_0017,1340817749,True,B,True,T,THREAT REDUCTION,<B>. Threat reduction.,<B>. Threat reduction.
train_0017__p_at_ob_vs_q_at_ob,train_cfg_0017,2965485085,True,B,True,T,THREAT REDUCTION,<B>. Threat reduction.,<B>. Threat reduction.
train_0017__q_at_ob_vs_p_at_ob,train_cfg_0017,3205432225,True,A,True,T,THREAT REDUCTION,A. Threat reduction.,A. Threat reduction.
train_0017__q_at_ob_vs_p_at_ob,train_cfg_0017,2833748157,True,A,True,T,THREAT REDUCTION,A. Threat reduction.,A. Threat reduction.
train_0017__q_at_ob_vs_p_at_ob,train_cfg_0017,1685230975,True,A,True,T,THREAT REDUCTION,A. Threat reduction.,A. Threat reduction.
train_0018__p_at_oa_vs_q_at_oa,train_cfg_0018,2755373121,True,B,True,T,THREAT REDUCTION,<B>. Threat reduction.,<B>. Threat reduction.
train_0018__p_at_oa_vs_q_at_oa,train_cfg_0018,2481749514,True,B,True,T,THREAT REDUCTION,<B>. Threat reduction.,<B>. Threat reduction.
train_0018__p_at_oa_vs_q_at_oa,train_cfg_0018,2680949377,True,B,True,T,THREAT REDUCTION,<B>. Threat reduction.,<B>. Threat reduction.
train_0018__q_at_oa_vs_p_at_oa,train_cfg_0018,1957667654,True,A,True,T,THREAT REDUCTION,A. Threat reduction.,A. Threat reduction.
train_0018__q_at_oa_vs_p_at_oa,train_cfg_0018,1515504536,True,A,True,T,THREAT REDUCTION,A. Threat reduction.,A. Threat reduction.
train_0018__q_at_oa_vs_p_at_oa,train_cfg_0018,4103371127,True,A,True,T,THREAT REDUCTION,A. Threat reduction.,A. Threat reduction.
train_0018__p_at_ob_vs_q_at_ob,train_cfg_0018,2573649237,True,B,True,T,THREAT REDUCTION,<B>. Threat reduction.,<B>. Threat reduction.
train_0018__p_at_ob_vs_q_at_ob,train_cfg_0018,3303167490,True,B,True,T,THREAT REDUCTION,<B>. Threat reduction.,<B>. Threat reduction.
train_0018__p_at_ob_vs_q_at_ob,train_cfg_0018,2353375767,True,B,True,T,THREAT REDUCTION,<B>. Threat reduction.,<B>. Threat reduction.
train_0018__q_at_ob_vs_p_at_ob,train_cfg_0018,1597891936,True,A,True,T,THREAT REDUCTION,A. Threat reduction.,A. Threat reduction.
train_0018__q_at_ob_vs_p_at_ob,train_cfg_0018,3088044619,True,A,True,T,THREAT REDUCTION,A. Threat reduction.,A. Threat reduction.
train_0018__q_at_ob_vs_p_at_ob,train_cfg_0018,875196080,True,A,True,T,THREAT REDUCTION,A. Threat reduction.,A. Threat reduction.
train_0019__p_at_oa_vs_q_at_oa,train_cfg_0019,555866190,True,A,True,C,SERVICE CONTINUITY,A. Service continuity.,A. Service continuity.
train_0019__p_at_oa_vs_q_at_oa,train_cfg_0019,1097620181,True,A,True,C,SERVICE CONTINUITY,A. Service continuity.,A. Service continuity.
train_0019__p_at_oa_vs_q_at_oa,train_cfg_0019,1651160066,True,A,True,C,SERVICE CONTINUITY,A. Service continuity.,A. Service continuity.
train_0019__q_at_oa_vs_p_at_oa,train_cfg_0019,4200102747,True,B,True,C,SERVICE CONTINUITY,<B>. Service continuity.,<B>. Service continuity.
train_0019__q_at_oa_vs_p_at_oa,train_cfg_0019,3035923441,True,B,True,C,SERVICE CONTINUITY,<B>. Service continuity.,<B>. Service continuity.
train_0019__q_at_oa_vs_p_at_oa,train_cfg_0019,2838024793,True,B,True,C,SERVICE CONTINUITY,<B>. Service continuity.,<B>. Service continuity.
train_0019__p_at_ob_vs_q_at_ob,train_cfg_0019,2633457518,True,A,True,M,STAFF SUSTAINABILITY,A. Staff sustainability.,A. Staff sustainability.
train_0019__p_at_ob_vs_q_at_ob,train_cfg_0019,1692421102,True,A,True,M,STAFF SUSTAINABILITY,A. Staff sustainability.,A. Staff sustainability.
train_0019__p_at_ob_vs_q_at_ob,train_cfg_0019,551062892,True,A,True,M,STAFF SUSTAINABILITY,A. Staff sustainability.,A. Staff sustainability.
train_0019__q_at_ob_vs_p_at_ob,train_cfg_0019,3977387408,True,B,True,C,SERVICE CONTINUITY,<B>. Service continuity.,<B>. Service continuity.
train_0019__q_at_ob_vs_p_at_ob,train_cfg_0019,1163263497,True,B,True,M,STAFF SUSTAINABILITY,<B>. Staff sustainability.,<B>. Staff sustainability.
train_0019__q_at_ob_vs_p_at_ob,train_cfg_0019,2006276805,True,B,True,C,SERVICE CONTINUITY,<B>. Service continuity.,<B>. Service continuity.
train_0020__p_at_oa_vs_q_at_oa,train_cfg_0020,1108458815,True,B,True,T,THREAT REDUCTION,<B>. Threat reduction.,<B>. Threat reduction.
train_0020__p_at_oa_vs_q_at_oa,train_cfg_0020,4179386719,True,B,True,T,THREAT REDUCTION,<B>. Threat reduction.,<B>. Threat reduction.
train_0020__p_at_oa_vs_q_at_oa,train_cfg_0020,878249437,True,B,True,T,THREAT REDUCTION,<B>. Threat reduction.,<B>. Threat reduction.
train_0020__q_at_oa_vs_p_at_oa,train_cfg_0020,3939426122,True,A,True,T,THREAT REDUCTION,A. Threat reduction.,A. Threat reduction.
train_0020__q_at_oa_vs_p_at_oa,train_cfg_0020,1414365991,True,A,True,T,THREAT REDUCTION,A. Threat reduction.,A. Threat reduction.
train_0020__q_at_oa_vs_p_at_oa,train_cfg_0020,2128986891,True,A,True,T,THREAT REDUCTION,A. Threat reduction.,A. Threat reduction.
train_0020__p_at_ob_vs_q_at_ob,train_cfg_0020,3286438312,True,B,True,T,THREAT REDUCTION,<B>. Threat reduction.,<B>. Threat reduction.
train_0020__p_at_ob_vs_q_at_ob,train_cfg_0020,674588214,True,B,True,T,THREAT REDUCTION,<B>. Threat reduction.,<B>. Threat reduction.
train_0020__p_at_ob_vs_q_at_ob,train_cfg_0020,4094674044,True,B,True,T,THREAT REDUCTION,<B>. Threat reduction.,<B>. Threat reduction.
train_0020__q_at_ob_vs_p_at_ob,train_cfg_0020,1532912383,True,A,True,T,THREAT REDUCTION,A. Threat reduction.,A. Threat reduction.
train_0020__q_at_ob_vs_p_at_ob,train_cfg_0020,3215354211,True,A,True,T,THREAT REDUCTION,A. Threat reduction.,A. Threat reduction.
train_0020__q_at_ob_vs_p_at_ob,train_cfg_0020,1825214919,True,A,True,T,THREAT REDUCTION,A. Threat reduction.,A. Threat reduction.
train_0021__p_at_oa_vs_q_at_oa,train_cfg_0021,741721367,True,B,True,T,THREAT REDUCTION,<B>. Threat reduction.,<B>. Threat reduction.
train_0021__p_at_oa_vs_q_at_oa,train_cfg_0021,1587484001,True,B,True,T,THREAT REDUCTION,<B>. Threat reduction.,<B>. Threat reduction.
train_0021__p_at_oa_vs_q_at_oa,train_cfg_0021,929424115,True,B,True,T,THREAT REDUCTION,<B>. Threat reduction.,<B>. Threat reduction.
train_0021__q_at_oa_vs_p_at_oa,train_cfg_0021,3938418011,True,A,True,T,THREAT REDUCTION,A. Threat reduction.,A. Threat reduction.
train_0021__q_at_oa_vs_p_at_oa,train_cfg_0021,4187407588,True,A,True,T,THREAT REDUCTION,A. Threat reduction.,A. Threat reduction.
train_0021__q_at_oa_vs_p_at_oa,train_cfg_0021,4164418784,True,A,True,T,THREAT REDUCTION,A. Threat reduction.,A. Threat reduction.
train_0021__p_at_ob_vs_q_at_ob,train_cfg_0021,1240733870,True,B,True,T,THREAT REDUCTION,<B>. Threat reduction.,<B>. Threat reduction.
train_0021__p_at_ob_vs_q_at_ob,train_cfg_0021,3155107523,True,B,True,T,THREAT REDUCTION,<B>. Threat reduction.,<B>. Threat reduction.
train_0021__p_at_ob_vs_q_at_ob,train_cfg_0021,3243713982,True,B,True,T,THREAT REDUCTION,<B>. Threat reduction.,<B>. Threat reduction.
train_0021__q_at_ob_vs_p_at_ob,train_cfg_0021,1384666165,True,A,True,C,SERVICE CONTINUITY,A. Service continuity.,A. Service continuity.
train_0021__q_at_ob_vs_p_at_ob,train_cfg_0021,2873573116,True,A,True,C,SERVICE CONTINUITY,A. Service continuity.,A. Service continuity.
train_0021__q_at_ob_vs_p_at_ob,train_cfg_0021,4171505564,True,A,True,C,SERVICE CONTINUITY,A. Service continuity.,A. Service continuity.
train_0022__p_at_oa_vs_q_at_oa,train_cfg_0022,67667243,True,B,True,T,THREAT REDUCTION,<B>. Threat reduction.,<B>. Threat reduction.
train_0022__p_at_oa_vs_q_at_oa,train_cfg_0022,275002289,True,B,True,T,THREAT REDUCTION,<B>. Threat reduction.,<B>. Threat reduction.
train_0022__p_at_oa_vs_q_at_oa,train_cfg_0022,4156002143,True,B,True,T,THREAT REDUCTION,<B>. Threat reduction.,<B>. Threat reduction.
train_0022__q_at_oa_vs_p_at_oa,train_cfg_0022,1597442444,True,A,True,C,SERVICE CONTINUITY,A. Service continuity.,A. Service continuity.
train_0022__q_at_oa_vs_p_at_oa,train_cfg_0022,3954586053,True,A,True,C,SERVICE CONTINUITY,A. Service continuity.,A. Service continuity.
train_0022__q_at_oa_vs_p_at_oa,train_cfg_0022,1067900073,True,A,True,C,SERVICE CONTINUITY,A. Service continuity.,A. Service continuity.
train_0022__p_at_ob_vs_q_at_ob,train_cfg_0022,2819471420,True,B,True,C,SERVICE CONTINUITY,<B>. Service continuity.,<B>. Service continuity.
train_0022__p_at_ob_vs_q_at_ob,train_cfg_0022,1232023256,True,B,True,C,SERVICE CONTINUITY,<B>. Service continuity.,<B>. Service continuity.
train_0022__p_at_ob_vs_q_at_ob,train_cfg_0022,4069661414,True,B,True,C,SERVICE CONTINUITY,<B>. Service continuity.,<B>. Service continuity.
train_0022__q_at_ob_vs_p_at_ob,train_cfg_0022,1427473329,True,A,True,C,SERVICE CONTINUITY,A. Service continuity.,A. Service continuity.
train_0022__q_at_ob_vs_p_at_ob,train_cfg_0022,1166065565,True,A,True,C,SERVICE CONTINUITY,A. Service continuity.,A. Service continuity.
train_0022__q_at_ob_vs_p_at_ob,train_cfg_0022,2677287436,True,A,True,C,SERVICE CONTINUITY,A. Service continuity.,A. Service continuity.
train_0023__p_at_oa_vs_q_at_oa,train_cfg_0023,1599946316,True,A,True,C,SERVICE CONTINUITY,A. Service continuity.,A. Service continuity.
train_0023__p_at_oa_vs_q_at_oa,train_cfg_0023,3342261284,True,A,True,C,SERVICE CONTINUITY,A. Service continuity.,A. Service continuity.
train_0023__p_at_oa_vs_q_at_oa,train_cfg_0023,3027696683,True,A,True,C,SERVICE CONTINUITY,A. Service continuity.,A. Service continuity.
train_0023__q_at_oa_vs_p_at_oa,train_cfg_0023,2501498364,True,B,True,C,SERVICE CONTINUITY,<B>. Service continuity.,<B>. Service continuity.
train_0023__q_at_oa_vs_p_at_oa,train_cfg_0023,200182226,True,B,True,C,SERVICE CONTINUITY,<B>. Service continuity.,<B>. Service continuity.
train_0023__q_at_oa_vs_p_at_oa,train_cfg_0023,668993598,True,B,True,C,SERVICE CONTINUITY,<B>. Service continuity.,<B>. Service continuity.
train_0023__p_at_ob_vs_q_at_ob,train_cfg_0023,3960977600,True,A,True,C,SERVICE CONTINUITY,A. Service continuity.,A. Service continuity.
train_0023__p_at_ob_vs_q_at_ob,train_cfg_0023,777963224,True,A,True,C,SERVICE CONTINUITY,A. Service continuity.,A. Service continuity.
train_0023__p_at_ob_vs_q_at_ob,train_cfg_0023,2706303920,True,A,True,C,SERVICE CONTINUITY,A. Service continuity.,A. Service continuity.
train_0023__q_at_ob_vs_p_at_ob,train_cfg_0023,441119516,True,B,True,M,STAFF SUSTAINABILITY,<B>. Staff sustainability.,<B>. Staff sustainability.
train_0023__q_at_ob_vs_p_at_ob,train_cfg_0023,3188534769,True,B,True,M,STAFF SUSTAINABILITY,<B>. Staff sustainability.,<B>. Staff sustainability.
train_0023__q_at_ob_vs_p_at_ob,train_cfg_0023,2197922690,True,B,True,M,STAFF SUSTAINABILITY,<B>. Staff sustainability.,<B>. Staff sustainability.
train_0024__p_at_oa_vs_q_at_oa,train_cfg_0024,4108925926,True,B,True,T,THREAT REDUCTION,<B>. Threat reduction.,<B>. Threat reduction.
train_0024__p_at_oa_vs_q_at_oa,train_cfg_0024,766496514,True,B,True,T,THREAT REDUCTION,<B>. Threat reduction.,<B>. Threat reduction.
train_0024__p_at_oa_vs_q_at_oa,train_cfg_0024,172107720,True,A,True,M,STAFF SUSTAINABILITY,A. Staff sustainability.,A. Staff sustainability.
train_0024__q_at_oa_vs_p_at_oa,train_cfg_0024,760232749,True,B,True,M,STAFF SUSTAINABILITY,<B>. Staff sustainability.,<B>. Staff sustainability.
train_0024__q_at_oa_vs_p_at_oa,train_cfg_0024,4045043040,True,B,True,M,STAFF SUSTAINABILITY,<B>. Staff sustainability.,<B>. Staff sustainability.
train_0024__q_at_oa_vs_p_at_oa,train_cfg_0024,3175055939,True,B,True,M,STAFF SUSTAINABILITY,<B>. Staff sustainability.,<B>. Staff sustainability.
train_0024__p_at_ob_vs_q_at_ob,train_cfg_0024,1392943582,True,A,True,M,STAFF SUSTAINABILITY,A. Staff sustainability.,A. Staff sustainability.
train_0024__p_at_ob_vs_q_at_ob,train_cfg_0024,236201708,True,A,True,M,STAFF SUSTAINABILITY,A. Staff sustainability.,A. Staff sustainability.
train_0024__p_at_ob_vs_q_at_ob,train_cfg_0024,1203338786,True,A,True,M,STAFF SUSTAINABILITY,A. Staff sustainability.,A. Staff sustainability.
train_0024__q_at_ob_vs_p_at_ob,train_cfg_0024,3803721879,True,B,True,M,STAFF SUSTAINABILITY,<B>. Staff sustainability.,<B>. Staff sustainability.
train_0024__q_at_ob_vs_p_at_ob,train_cfg_0024,194359921,True,B,True,M,STAFF SUSTAINABILITY,<B>. Staff sustainability.,<B>. Staff sustainability.
train_0024__q_at_ob_vs_p_at_ob,train_cfg_0024,3197470416,True,B,True,M,STAFF SUSTAINABILITY,<B>. Staff sustainability.,<B>. Staff sustainability.
train_0025__p_at_oa_vs_q_at_oa,train_cfg_0025,3735584777,True,B,True,T,THREAT REDUCTION,<B>. Threat reduction.,<B>. Threat reduction.
train_0025__p_at_oa_vs_q_at_oa,train_cfg_0025,3724019109,True,B,True,D,DEPLOYMENT SPEED,<B>. Deployment speed.,<B>. Deployment speed.
train_0025__p_at_oa_vs_q_at_oa,train_cfg_0025,2745457065,True,B,True,D,DEPLOYMENT SPEED,<B>. Deployment speed.,<B>. Deployment speed.
train_0025__q_at_oa_vs_p_at_oa,train_cfg_0025,1156112428,True,B,True,A,AUDIT READINESS,<B>. Audit readiness.,<B>. Audit readiness.
train_0025__q_at_oa_vs_p_at_oa,train_cfg_0025,1370275819,True,B,True,A,AUDIT READINESS,<B>. Audit readiness.,<B>. Audit readiness.
train_0025__q_at_oa_vs_p_at_oa,train_cfg_0025,174980936,True,B,True,A,AUDIT READINESS,<B>. Audit readiness.,<B>. Audit readiness.
train_0025__p_at_ob_vs_q_at_ob,train_cfg_0025,2983638655,True,A,True,T,THREAT REDUCTION,A. Threat reduction.,A. Threat reduction.
train_0025__p_at_ob_vs_q_at_ob,train_cfg_0025,3920756665,True,A,True,T,THREAT REDUCTION,A. Threat reduction.,A. Threat reduction.
train_0025__p_at_ob_vs_q_at_ob,train_cfg_0025,1415686747,True,A,True,T,THREAT REDUCTION,A. Threat reduction.,A. Threat reduction.
train_0025__q_at_ob_vs_p_at_ob,train_cfg_0025,4264434076,True,B,True,A,AUDIT READINESS,<B>. Audit readiness.,<B>. Audit readiness.
train_0025__q_at_ob_vs_p_at_ob,train_cfg_0025,2722508846,True,B,True,A,AUDIT READINESS,<B>. Audit readiness.,<B>. Audit readiness.
train_0025__q_at_ob_vs_p_at_ob,train_cfg_0025,4184490450,True,A,True,T,THREAT REDUCTION,A. Threat reduction.,A. Threat reduction.
train_0026__p_at_oa_vs_q_at_oa,train_cfg_0026,3559523714,True,B,True,C,SERVICE CONTINUITY,<B>. Service continuity.,<B>. Service continuity.
train_0026__p_at_oa_vs_q_at_oa,train_cfg_0026,1369899102,True,B,True,C,SERVICE CONTINUITY,<B>. Service continuity.,<B>. Service continuity.
train_0026__p_at_oa_vs_q_at_oa,train_cfg_0026,729822739,True,B,True,C,SERVICE CONTINUITY,<B>. Service continuity.,<B>. Service continuity.
train_0026__q_at_oa_vs_p_at_oa,train_cfg_0026,203661544,True,A,True,C,SERVICE CONTINUITY,A. Service continuity.,A. Service continuity.
train_0026__q_at_oa_vs_p_at_oa,train_cfg_0026,2777974867,True,A,True,C,SERVICE CONTINUITY,A. Service continuity.,A. Service continuity.
train_0026__q_at_oa_vs_p_at_oa,train_cfg_0026,1733167571,True,A,True,C,SERVICE CONTINUITY,A. Service continuity.,A. Service continuity.
train_0026__p_at_ob_vs_q_at_ob,train_cfg_0026,3084044654,True,B,True,C,SERVICE CONTINUITY,<B>. Service continuity.,<B>. Service continuity.
train_0026__p_at_ob_vs_q_at_ob,train_cfg_0026,3726643574,True,B,True,C,SERVICE CONTINUITY,<B>. Service continuity.,<B>. Service continuity.
train_0026__p_at_ob_vs_q_at_ob,train_cfg_0026,899589686,True,B,True,C,SERVICE CONTINUITY,<B>. Service continuity.,<B>. Service continuity.
train_0026__q_at_ob_vs_p_at_ob,train_cfg_0026,1489003627,True,A,True,C,SERVICE CONTINUITY,A. Service continuity.,A. Service continuity.
train_0026__q_at_ob_vs_p_at_ob,train_cfg_0026,2669940262,True,A,True,C,SERVICE CONTINUITY,A. Service continuity.,A. Service continuity.
train_0026__q_at_ob_vs_p_at_ob,train_cfg_0026,2007401838,True,A,True,C,SERVICE CONTINUITY,A. Service continuity.,A. Service continuity.
train_0027__p_at_oa_vs_q_at_oa,train_cfg_0027,1337930671,True,A,True,M,STAFF SUSTAINABILITY,A. Staff sustainability.,A. Staff sustainability.
train_0027__p_at_oa_vs_q_at_oa,train_cfg_0027,2800235774,True,A,True,M,STAFF SUSTAINABILITY,A. Staff sustainability.,A. Staff sustainability.
train_0027__p_at_oa_vs_q_at_oa,train_cfg_0027,1270163125,True,A,True,M,STAFF SUSTAINABILITY,A. Staff sustainability.,A. Staff sustainability.
train_0027__q_at_oa_vs_p_at_oa,train_cfg_0027,1357022128,True,B,True,M,STAFF SUSTAINABILITY,<B>. Staff sustainability.,<B>. Staff sustainability.
train_0027__q_at_oa_vs_p_at_oa,train_cfg_0027,1659976870,True,B,True,M,STAFF SUSTAINABILITY,<B>. Staff sustainability.,<B>. Staff sustainability.
train_0027__q_at_oa_vs_p_at_oa,train_cfg_0027,2041974378,True,B,True,M,STAFF SUSTAINABILITY,<B>. Staff sustainability.,<B>. Staff sustainability.
train_0027__p_at_ob_vs_q_at_ob,train_cfg_0027,37354818,True,A,True,M,STAFF SUSTAINABILITY,A. Staff sustainability.,A. Staff sustainability.
train_0027__p_at_ob_vs_q_at_ob,train_cfg_0027,548314213,True,A,True,M,STAFF SUSTAINABILITY,A. Staff sustainability.,A. Staff sustainability.
train_0027__p_at_ob_vs_q_at_ob,train_cfg_0027,3439864614,True,A,True,M,STAFF SUSTAINABILITY,A. Staff sustainability.,A. Staff sustainability.
train_0027__q_at_ob_vs_p_at_ob,train_cfg_0027,4046139910,True,B,True,M,STAFF SUSTAINABILITY,<B>. Staff sustainability.,<B>. Staff sustainability.
train_0027__q_at_ob_vs_p_at_ob,train_cfg_0027,2412406829,True,A,True,T,THREAT REDUCTION,A. Threat reduction.,A. Threat reduction.
train_0027__q_at_ob_vs_p_at_ob,train_cfg_0027,1458662640,True,A,True,T,THREAT REDUCTION,A. Threat reduction.,A. Threat reduction.
train_0028__p_at_oa_vs_q_at_oa,train_cfg_0028,3116416450,True,B,True,C,SERVICE CONTINUITY,<B>. Service continuity.,<B>. Service continuity.
train_0028__p_at_oa_vs_q_at_oa,train_cfg_0028,4167203145,True,B,True,C,SERVICE CONTINUITY,<B>. Service continuity.,<B>. Service continuity.
train_0028__p_at_oa_vs_q_at_oa,train_cfg_0028,215510996,True,B,True,C,SERVICE CONTINUITY,<B>. Service continuity.,<B>. Service continuity.
train_0028__q_at_oa_vs_p_at_oa,train_cfg_0028,829477180,True,A,True,M,STAFF SUSTAINABILITY,A. Staff sustainability.,A. Staff sustainability.
train_0028__q_at_oa_vs_p_at_oa,train_cfg_0028,1409135460,True,A,True,M,STAFF SUSTAINABILITY,A. Staff sustainability.,A. Staff sustainability.
train_0028__q_at_oa_vs_p_at_oa,train_cfg_0028,2936186210,True,A,True,M,STAFF SUSTAINABILITY,A. Staff sustainability.,A. Staff sustainability.
train_0028__p_at_ob_vs_q_at_ob,train_cfg_0028,3266633130,True,B,True,C,SERVICE CONTINUITY,<B>. Service continuity.,<B>. Service continuity.
train_0028__p_at_ob_vs_q_at_ob,train_cfg_0028,2747102579,True,B,True,C,SERVICE CONTINUITY,<B>. Service continuity.,<B>. Service continuity.
train_0028__p_at_ob_vs_q_at_ob,train_cfg_0028,3537539369,True,B,True,C,SERVICE CONTINUITY,<B>. Service continuity.,<B>. Service continuity.
train_0028__q_at_ob_vs_p_at_ob,train_cfg_0028,160744190,True,A,True,C,SERVICE CONTINUITY,A. Service continuity.,A. Service continuity.
train_0028__q_at_ob_vs_p_at_ob,train_cfg_0028,293208562,True,A,True,C,SERVICE CONTINUITY,A. Service continuity.,A. Service continuity.
train_0028__q_at_ob_vs_p_at_ob,train_cfg_0028,327077412,True,A,True,C,SERVICE CONTINUITY,A. Service continuity.,A. Service continuity.
train_0029__p_at_oa_vs_q_at_oa,train_cfg_0029,2080106402,True,B,True,T,THREAT REDUCTION,<B>. Threat reduction.,<B>. Threat reduction.
train_0029__p_at_oa_vs_q_at_oa,train_cfg_0029,1849863056,True,B,True,T,THREAT REDUCTION,<B>. Threat reduction.,<B>. Threat reduction.
train_0029__p_at_oa_vs_q_at_oa,train_cfg_0029,3118588263,True,B,True,T,THREAT REDUCTION,<B>. Threat reduction.,<B>. Threat reduction.
train_0029__q_at_oa_vs_p_at_oa,train_cfg_0029,1908970409,True,B,True,C,SERVICE CONTINUITY,<B>. Service continuity.,<B>. Service continuity.
train_0029__q_at_oa_vs_p_at_oa,train_cfg_0029,1651995771,True,B,True,C,SERVICE CONTINUITY,<B>. Service continuity.,<B>. Service continuity.
train_0029__q_at_oa_vs_p_at_oa,train_cfg_0029,3198848944,True,B,True,C,SERVICE CONTINUITY,<B>. Service continuity.,<B>. Service continuity.
train_0029__p_at_ob_vs_q_at_ob,train_cfg_0029,2132717402,True,A,True,C,SERVICE CONTINUITY,A. Service continuity.,A. Service continuity.
train_0029__p_at_ob_vs_q_at_ob,train_cfg_0029,2003313003,True,A,True,C,SERVICE CONTINUITY,A. Service continuity.,A. Service continuity.
train_0029__p_at_ob_vs_q_at_ob,train_cfg_0029,1236592997,True,A,True,C,SERVICE CONTINUITY,A. Service continuity.,A. Service continuity.
train_0029__q_at_ob_vs_p_at_ob,train_cfg_0029,8766454,True,B,True,C,SERVICE CONTINUITY,<B>. Service continuity.,<B>. Service continuity.
train_0029__q_at_ob_vs_p_at_ob,train_cfg_0029,1094651439,True,B,True,C,SERVICE CONTINUITY,<B>. Service continuity.,<B>. Service continuity.
train_0029__q_at_ob_vs_p_at_ob,train_cfg_0029,4033369325,True,B,True,C,SERVICE CONTINUITY,<B>. Service continuity.,<B>. Service continuity.
train_0030__p_at_oa_vs_q_at_oa,train_cfg_0030,3199989268,True,B,True,A,AUDIT READINESS,<B>. Audit readiness.,<B>. Audit readiness.
train_0030__p_at_oa_vs_q_at_oa,train_cfg_0030,1130113521,True,B,True,A,AUDIT READINESS,<B>. Audit readiness.,<B>. Audit readiness.
train_0030__p_at_oa_vs_q_at_oa,train_cfg_0030,1680445542,True,B,True,A,AUDIT READINESS,<B>. Audit readiness.,<B>. Audit readiness.
train_0030__q_at_oa_vs_p_at_oa,train_cfg_0030,1657998068,True,A,True,A,AUDIT READINESS,A. Audit readiness.,A. Audit readiness.
train_0030__q_at_oa_vs_p_at_oa,train_cfg_0030,900468779,True,A,True,A,AUDIT READINESS,A. Audit readiness.,A. Audit readiness.
train_0030__q_at_oa_vs_p_at_oa,train_cfg_0030,1928592917,True,A,True,A,AUDIT READINESS,A. Audit readiness.,A. Audit readiness.
train_0030__p_at_ob_vs_q_at_ob,train_cfg_0030,2057694359,True,B,True,A,AUDIT READINESS,<B>. Audit readiness.,<B>. Audit readiness.
train_0030__p_at_ob_vs_q_at_ob,train_cfg_0030,3734068847,True,B,True,A,AUDIT READINESS,<B>. Audit readiness.,<B>. Audit readiness.
train_0030__p_at_ob_vs_q_at_ob,train_cfg_0030,4266320953,True,B,True,A,AUDIT READINESS,<B>. Audit readiness.,<B>. Audit readiness.
train_0030__q_at_ob_vs_p_at_ob,train_cfg_0030,2506080342,True,A,True,A,AUDIT READINESS,A. Audit readiness.,A. Audit readiness.
train_0030__q_at_ob_vs_p_at_ob,train_cfg_0030,2758376731,True,A,True,A,AUDIT READINESS,A. Audit readiness.,A. Audit readiness.
train_0030__q_at_ob_vs_p_at_ob,train_cfg_0030,1875626728,True,A,True,A,AUDIT READINESS,A. Audit readiness.,A. Audit readiness.
train_0031__p_at_oa_vs_q_at_oa,train_cfg_0031,3105130740,True,B,True,T,THREAT REDUCTION,<B>. Threat reduction.,<B>. Threat reduction.
train_0031__p_at_oa_vs_q_at_oa,train_cfg_0031,1791460624,True,B,True,T,THREAT REDUCTION,<B>. Threat reduction.,<B>. Threat reduction.
train_0031__p_at_oa_vs_q_at_oa,train_cfg_0031,3193330198,True,B,True,T,THREAT REDUCTION,<B>. Threat reduction.,<B>. Threat reduction.
train_0031__q_at_oa_vs_p_at_oa,train_cfg_0031,617152030,True,A,True,T,THREAT REDUCTION,A. Threat reduction.,A. Threat reduction.
train_0031__q_at_oa_vs_p_at_oa,train_cfg_0031,632887049,True,A,True,T,THREAT REDUCTION,A. Threat reduction.,A. Threat reduction.
train_0031__q_at_oa_vs_p_at_oa,train_cfg_0031,1965060004,True,A,True,T,THREAT REDUCTION,A. Threat reduction.,A. Threat reduction.
train_0031__p_at_ob_vs_q_at_ob,train_cfg_0031,4062711227,True,B,True,T,THREAT REDUCTION,<B>. Threat reduction.,<B>. Threat reduction.
train_0031__p_at_ob_vs_q_at_ob,train_cfg_0031,567462017,True,B,True,T,THREAT REDUCTION,<B>. Threat reduction.,<B>. Threat reduction.
train_0031__p_at_ob_vs_q_at_ob,train_cfg_0031,3751046957,True,B,True,T,THREAT REDUCTION,<B>. Threat reduction.,<B>. Threat reduction.
train_0031__q_at_ob_vs_p_at_ob,train_cfg_0031,300133192,True,A,True,T,THREAT REDUCTION,A. Threat reduction.,A. Threat reduction.
train_0031__q_at_ob_vs_p_at_ob,train_cfg_0031,1526438668,True,A,True,T,THREAT REDUCTION,A. Threat reduction.,A. Threat reduction.
train_0031__q_at_ob_vs_p_at_ob,train_cfg_0031,4201003338,True,A,True,T,THREAT REDUCTION,A. Threat reduction.,A. Threat reduction.
train_0032__p_at_oa_vs_q_at_oa,train_cfg_0032,1492453357,True,B,True,T,THREAT REDUCTION,<B>. Threat reduction.,<B>. Threat reduction.
train_0032__p_at_oa_vs_q_at_oa,train_cfg_0032,3485163505,True,B,True,T,THREAT REDUCTION,<B>. Threat reduction.,<B>. Threat reduction.
train_0032__p_at_oa_vs_q_at_oa,train_cfg_0032,3779457799,True,B,True,T,THREAT REDUCTION,<B>. Threat reduction.,<B>. Threat reduction.
train_0032__q_at_oa_vs_p_at_oa,train_cfg_0032,2027085767,True,B,True,D,DEPLOYMENT SPEED,<B>. Deployment speed.,<B>. Deployment speed.
train_0032__q_at_oa_vs_p_at_oa,train_cfg_0032,2886050973,True,B,True,D,DEPLOYMENT SPEED,<B>. Deployment speed.,<B>. Deployment speed.
train_0032__q_at_oa_vs_p_at_oa,train_cfg_0032,2248404998,True,B,True,D,DEPLOYMENT SPEED,<B>. Deployment speed.,<B>. Deployment speed.
train_0032__p_at_ob_vs_q_at_ob,train_cfg_0032,3579890183,True,B,True,M,STAFF SUSTAINABILITY,<B>. Staff sustainability.,<B>. Staff sustainability.
train_0032__p_at_ob_vs_q_at_ob,train_cfg_0032,2403264028,True,A,True,A,AUDIT READINESS,A. Audit readiness.,A. Audit readiness.
train_0032__p_at_ob_vs_q_at_ob,train_cfg_0032,905233875,True,B,True,M,STAFF SUSTAINABILITY,<B>. Staff sustainability.,<B>. Staff sustainability.
train_0032__q_at_ob_vs_p_at_ob,train_cfg_0032,2780705121,True,A,True,C,SERVICE CONTINUITY,A. Service continuity.,A. Service continuity.
train_0032__q_at_ob_vs_p_at_ob,train_cfg_0032,1808700543,True,A,True,C,SERVICE CONTINUITY,A. Service continuity.,A. Service continuity.
train_0032__q_at_ob_vs_p_at_ob,train_cfg_0032,466586949,True,A,True,C,SERVICE CONTINUITY,A. Service continuity.,A. Service continuity.
train_0033__p_at_oa_vs_q_at_oa,train_cfg_0033,239851153,True,B,True,T,THREAT REDUCTION,<B>. Threat reduction.,<B>. Threat reduction.
train_0033__p_at_oa_vs_q_at_oa,train_cfg_0033,1977041322,True,B,True,T,THREAT REDUCTION,<B>. Threat reduction.,<B>. Threat reduction.
train_0033__p_at_oa_vs_q_at_oa,train_cfg_0033,3041548093,True,B,True,T,THREAT REDUCTION,<B>. Threat reduction.,<B>. Threat reduction.
train_0033__q_at_oa_vs_p_at_oa,train_cfg_0033,2825061723,True,A,True,M,STAFF SUSTAINABILITY,A. Staff sustainability.,A. Staff sustainability.
train_0033__q_at_oa_vs_p_at_oa,train_cfg_0033,584781533,True,A,True,M,STAFF SUSTAINABILITY,A. Staff sustainability.,A. Staff sustainability.
train_0033__q_at_oa_vs_p_at_oa,train_cfg_0033,2309869460,True,A,True,M,STAFF SUSTAINABILITY,A. Staff sustainability.,A. Staff sustainability.
train_0033__p_at_ob_vs_q_at_ob,train_cfg_0033,4245515776,True,B,True,T,THREAT REDUCTION,<B>. Threat reduction.,<B>. Threat reduction.
train_0033__p_at_ob_vs_q_at_ob,train_cfg_0033,1891531701,True,B,True,T,THREAT REDUCTION,<B>. Threat reduction.,<B>. Threat reduction.
train_0033__p_at_ob_vs_q_at_ob,train_cfg_0033,2579811865,True,B,True,T,THREAT REDUCTION,B. Threat reduction.,B. Threat reduction.
train_0033__q_at_ob_vs_p_at_ob,train_cfg_0033,4214603124,True,A,True,T,THREAT REDUCTION,A. Threat reduction.,A. Threat reduction.
train_0033__q_at_ob_vs_p_at_ob,train_cfg_0033,539424400,True,A,True,T,THREAT REDUCTION,A. Threat reduction.,A. Threat reduction.
train_0033__q_at_ob_vs_p_at_ob,train_cfg_0033,520844222,True,A,True,T,THREAT REDUCTION,A. Threat reduction.,A. Threat reduction.
train_0034__p_at_oa_vs_q_at_oa,train_cfg_0034,1786645828,True,B,True,M,STAFF SUSTAINABILITY,<B>. Staff sustainability.,<B>. Staff sustainability.
train_0034__p_at_oa_vs_q_at_oa,train_cfg_0034,433211270,True,B,True,M,STAFF SUSTAINABILITY,<B>. Staff sustainability.,<B>. Staff sustainability.
train_0034__p_at_oa_vs_q_at_oa,train_cfg_0034,2918421485,True,B,True,M,STAFF SUSTAINABILITY,<B>. Staff sustainability.,<B>. Staff sustainability.
train_0034__q_at_oa_vs_p_at_oa,train_cfg_0034,4279155937,True,A,True,C,SERVICE CONTINUITY,A. Service continuity.,A. Service continuity.
train_0034__q_at_oa_vs_p_at_oa,train_cfg_0034,365334884,True,A,True,C,SERVICE CONTINUITY,A. Service continuity.,A. Service continuity.
train_0034__q_at_oa_vs_p_at_oa,train_cfg_0034,2766542697,True,A,True,C,SERVICE CONTINUITY,A. Service continuity.,A. Service continuity.
train_0034__p_at_ob_vs_q_at_ob,train_cfg_0034,3916927273,True,B,True,M,STAFF SUSTAINABILITY,<B>. Staff sustainability.,<B>. Staff sustainability.
train_0034__p_at_ob_vs_q_at_ob,train_cfg_0034,342464990,True,B,True,M,STAFF SUSTAINABILITY,<B>. Staff sustainability.,<B>. Staff sustainability.
train_0034__p_at_ob_vs_q_at_ob,train_cfg_0034,1053647985,True,B,True,M,STAFF SUSTAINABILITY,<B>. Staff sustainability.,<B>. Staff sustainability.
train_0034__q_at_ob_vs_p_at_ob,train_cfg_0034,2278609226,True,A,True,T,THREAT REDUCTION,A. Threat reduction.,A. Threat reduction.
train_0034__q_at_ob_vs_p_at_ob,train_cfg_0034,860798275,True,A,True,T,THREAT REDUCTION,A. Threat reduction.,A. Threat reduction.
train_0034__q_at_ob_vs_p_at_ob,train_cfg_0034,3882720686,True,A,True,T,THREAT REDUCTION,A. Threat reduction.,A. Threat reduction.
train_0035__p_at_oa_vs_q_at_oa,train_cfg_0035,3541005081,True,B,True,D,DEPLOYMENT SPEED,<B>. Deployment speed.,<B>. Deployment speed.
train_0035__p_at_oa_vs_q_at_oa,train_cfg_0035,1054199654,True,B,True,D,DEPLOYMENT SPEED,<B>. Deployment speed.,<B>. Deployment speed.
train_0035__p_at_oa_vs_q_at_oa,train_cfg_0035,1514343710,True,B,True,D,DEPLOYMENT SPEED,<B>. Deployment speed.,<B>. Deployment speed.
train_0035__q_at_oa_vs_p_at_oa,train_cfg_0035,2910525506,True,A,True,C,SERVICE CONTINUITY,A. Service continuity.,A. Service continuity.
train_0035__q_at_oa_vs_p_at_oa,train_cfg_0035,1149473992,True,A,True,C,SERVICE CONTINUITY,A. Service continuity.,A. Service continuity.
train_0035__q_at_oa_vs_p_at_oa,train_cfg_0035,4127573428,True,A,True,C,SERVICE CONTINUITY,A. Service continuity.,A. Service continuity.
train_0035__p_at_ob_vs_q_at_ob,train_cfg_0035,1814588906,True,B,True,D,DEPLOYMENT SPEED,<B>. Deployment speed.,<B>. Deployment speed.
train_0035__p_at_ob_vs_q_at_ob,train_cfg_0035,203902949,True,B,True,D,DEPLOYMENT SPEED,<B>. Deployment speed.,<B>. Deployment speed.
train_0035__p_at_ob_vs_q_at_ob,train_cfg_0035,3549042787,True,B,True,D,DEPLOYMENT SPEED,<B>. Deployment speed.,<B>. Deployment speed.
train_0035__q_at_ob_vs_p_at_ob,train_cfg_0035,950099649,True,A,True,C,SERVICE CONTINUITY,A. Service continuity.,A. Service continuity.
train_0035__q_at_ob_vs_p_at_ob,train_cfg_0035,502765298,True,A,True,C,SERVICE CONTINUITY,A. Service continuity.,A. Service continuity.
train_0035__q_at_ob_vs_p_at_ob,train_cfg_0035,1994046504,True,A,True,C,SERVICE CONTINUITY,A. Service continuity.,A. Service continuity.
train_0036__p_at_oa_vs_q_at_oa,train_cfg_0036,292516866,True,B,True,T,THREAT REDUCTION,<B>. Threat reduction.,<B>. Threat reduction.
train_0036__p_at_oa_vs_q_at_oa,train_cfg_0036,212260280,True,B,True,T,THREAT REDUCTION,<B>. Threat reduction.,<B>. Threat reduction.
train_0036__p_at_oa_vs_q_at_oa,train_cfg_0036,2132087242,True,B,True,T,THREAT REDUCTION,<B>. Threat reduction.,<B>. Threat reduction.
train_0036__q_at_oa_vs_p_at_oa,train_cfg_0036,2628369922,True,A,True,M,STAFF SUSTAINABILITY,A. Staff sustainability.,A. Staff sustainability.
train_0036__q_at_oa_vs_p_at_oa,train_cfg_0036,3514110862,True,A,True,M,STAFF SUSTAINABILITY,A. Staff sustainability.,A. Staff sustainability.
train_0036__q_at_oa_vs_p_at_oa,train_cfg_0036,207294139,True,A,True,M,STAFF SUSTAINABILITY,A. Staff sustainability.,A. Staff sustainability.
train_0036__p_at_ob_vs_q_at_ob,train_cfg_0036,216975952,True,B,True,T,THREAT REDUCTION,<B>. Threat reduction.,<B>. Threat reduction.
train_0036__p_at_ob_vs_q_at_ob,train_cfg_0036,1964093342,True,B,True,T,THREAT REDUCTION,<B>. Threat reduction.,<B>. Threat reduction.
train_0036__p_at_ob_vs_q_at_ob,train_cfg_0036,3297353264,True,B,True,T,THREAT REDUCTION,<B>. Threat reduction.,<B>. Threat reduction.
train_0036__q_at_ob_vs_p_at_ob,train_cfg_0036,3672802448,True,A,True,T,THREAT REDUCTION,A. Threat reduction.,A. Threat reduction.
train_0036__q_at_ob_vs_p_at_ob,train_cfg_0036,412739974,True,A,True,T,THREAT REDUCTION,A. Threat reduction.,A. Threat reduction.
train_0036__q_at_ob_vs_p_at_ob,train_cfg_0036,2146793126,True,A,True,T,THREAT REDUCTION,A. Threat reduction.,A. Threat reduction.
train_0037__p_at_oa_vs_q_at_oa,train_cfg_0037,417372466,True,A,True,A,AUDIT READINESS,A. Audit readiness.,A. Audit readiness.
train_0037__p_at_oa_vs_q_at_oa,train_cfg_0037,1304028097,True,A,True,A,AUDIT READINESS,A. Audit readiness.,A. Audit readiness.
train_0037__p_at_oa_vs_q_at_oa,train_cfg_0037,3985890395,True,A,True,A,AUDIT READINESS,A. Audit readiness.,A. Audit readiness.
train_0037__q_at_oa_vs_p_at_oa,train_cfg_0037,3718789175,True,B,True,M,STAFF SUSTAINABILITY,<B>. Staff sustainability.,<B>. Staff sustainability.
train_0037__q_at_oa_vs_p_at_oa,train_cfg_0037,1298002069,True,B,True,M,STAFF SUSTAINABILITY,<B>. Staff sustainability.,<B>. Staff sustainability.
train_0037__q_at_oa_vs_p_at_oa,train_cfg_0037,3617846086,True,B,True,M,STAFF SUSTAINABILITY,<B>. Staff sustainability.,<B>. Staff sustainability.
train_0037__p_at_ob_vs_q_at_ob,train_cfg_0037,809269996,True,A,True,M,STAFF SUSTAINABILITY,A. Staff sustainability.,A. Staff sustainability.
train_0037__p_at_ob_vs_q_at_ob,train_cfg_0037,4121498095,True,A,True,M,STAFF SUSTAINABILITY,A. Staff sustainability.,A. Staff sustainability.
train_0037__p_at_ob_vs_q_at_ob,train_cfg_0037,2396887070,True,A,True,M,STAFF SUSTAINABILITY,A. Staff sustainability.,A. Staff sustainability.
train_0037__q_at_ob_vs_p_at_ob,train_cfg_0037,3830751136,True,B,True,M,STAFF SUSTAINABILITY,<B>. Staff sustainability.,<B>. Staff sustainability.
train_0037__q_at_ob_vs_p_at_ob,train_cfg_0037,3408567064,True,B,True,M,STAFF SUSTAINABILITY,<B>. Staff sustainability.,<B>. Staff sustainability.
train_0037__q_at_ob_vs_p_at_ob,train_cfg_0037,513278210,True,B,True,M,STAFF SUSTAINABILITY,<B>. Staff sustainability.,<B>. Staff sustainability.
train_0038__p_at_oa_vs_q_at_oa,train_cfg_0038,1093097833,True,B,True,C,SERVICE CONTINUITY,<B>. Service continuity.,<B>. Service continuity.
train_0038__p_at_oa_vs_q_at_oa,train_cfg_0038,4009942396,True,B,True,C,SERVICE CONTINUITY,<B>. Service continuity.,<B>. Service continuity.
train_0038__p_at_oa_vs_q_at_oa,train_cfg_0038,148289877,True,B,True,C,SERVICE CONTINUITY,<B>. Service continuity.,<B>. Service continuity.
train_0038__q_at_oa_vs_p_at_oa,train_cfg_0038,805186661,True,A,True,C,SERVICE CONTINUITY,A. Service continuity.,A. Service continuity.
train_0038__q_at_oa_vs_p_at_oa,train_cfg_0038,1191682687,True,A,True,C,SERVICE CONTINUITY,A. Service continuity.,A. Service continuity.
train_0038__q_at_oa_vs_p_at_oa,train_cfg_0038,2465293237,True,A,True,C,SERVICE CONTINUITY,A. Service continuity.,A. Service continuity.
train_0038__p_at_ob_vs_q_at_ob,train_cfg_0038,1342846347,True,A,True,C,SERVICE CONTINUITY,A. Service continuity.,A. Service continuity.
train_0038__p_at_ob_vs_q_at_ob,train_cfg_0038,1176411176,True,A,True,C,SERVICE CONTINUITY,A. Service continuity.,A. Service continuity.
train_0038__p_at_ob_vs_q_at_ob,train_cfg_0038,1662750097,True,A,True,C,SERVICE CONTINUITY,A. Service continuity.,A. Service continuity.
train_0038__q_at_ob_vs_p_at_ob,train_cfg_0038,1778698259,True,B,True,A,AUDIT READINESS,<B>. Audit readiness.,<B>. Audit readiness.
train_0038__q_at_ob_vs_p_at_ob,train_cfg_0038,485865568,True,B,True,A,AUDIT READINESS,<B>. Audit readiness.,<B>. Audit readiness.
train_0038__q_at_ob_vs_p_at_ob,train_cfg_0038,2869862454,True,A,True,C,SERVICE CONTINUITY,A. Service continuity.,A. Service continuity.
train_0039__p_at_oa_vs_q_at_oa,train_cfg_0039,2821884359,True,B,True,M,STAFF SUSTAINABILITY,<B>. Staff sustainability.,<B>. Staff sustainability.
train_0039__p_at_oa_vs_q_at_oa,train_cfg_0039,981245543,True,B,True,M,STAFF SUSTAINABILITY,<B>. Staff sustainability.,<B>. Staff sustainability.
train_0039__p_at_oa_vs_q_at_oa,train_cfg_0039,2745126729,True,B,True,M,STAFF SUSTAINABILITY,<B>. Staff sustainability.,<B>. Staff sustainability.
train_0039__q_at_oa_vs_p_at_oa,train_cfg_0039,2364855708,True,A,True,M,STAFF SUSTAINABILITY,A. Staff sustainability.,A. Staff sustainability.
train_0039__q_at_oa_vs_p_at_oa,train_cfg_0039,883915611,True,A,True,M,STAFF SUSTAINABILITY,A. Staff sustainability.,A. Staff sustainability.
train_0039__q_at_oa_vs_p_at_oa,train_cfg_0039,136024419,True,A,True,C,SERVICE CONTINUITY,A. Service continuity.,A. Service continuity.
train_0039__p_at_ob_vs_q_at_ob,train_cfg_0039,3432337683,True,B,True,M,STAFF SUSTAINABILITY,<B>. Staff sustainability.,<B>. Staff sustainability.
train_0039__p_at_ob_vs_q_at_ob,train_cfg_0039,2497706631,True,B,True,M,STAFF SUSTAINABILITY,<B>. Staff sustainability.,<B>. Staff sustainability.
train_0039__p_at_ob_vs_q_at_ob,train_cfg_0039,1910281532,True,B,True,M,STAFF SUSTAINABILITY,<B>. Staff sustainability.,<B>. Staff sustainability.
train_0039__q_at_ob_vs_p_at_ob,train_cfg_0039,3886943120,True,A,True,M,STAFF SUSTAINABILITY,A. Staff sustainability.,A. Staff sustainability.
train_0039__q_at_ob_vs_p_at_ob,train_cfg_0039,3335250929,True,A,True,M,STAFF SUSTAINABILITY,A. Staff sustainability.,A. Staff sustainability.
train_0039__q_at_ob_vs_p_at_ob,train_cfg_0039,2212530176,True,A,True,M,STAFF SUSTAINABILITY,A. Staff sustainability.,A. Staff sustainability.
train_0040__p_at_oa_vs_q_at_oa,train_cfg_0040,1738053918,True,B,True,M,STAFF SUSTAINABILITY,<B>. Staff sustainability.,<B>. Staff sustainability.
train_0040__p_at_oa_vs_q_at_oa,train_cfg_0040,1551795376,True,B,True,M,STAFF SUSTAINABILITY,<B>. Staff sustainability.,<B>. Staff sustainability.
train_0040__p_at_oa_vs_q_at_oa,train_cfg_0040,2234546882,True,B,True,M,STAFF SUSTAINABILITY,<B>. Staff sustainability.,<B>. Staff sustainability.
train_0040__q_at_oa_vs_p_at_oa,train_cfg_0040,2786198361,True,A,True,M,STAFF SUSTAINABILITY,A. Staff sustainability.,A. Staff sustainability.
train_0040__q_at_oa_vs_p_at_oa,train_cfg_0040,1647174157,True,A,True,M,STAFF SUSTAINABILITY,A. Staff sustainability.,A. Staff sustainability.
train_0040__q_at_oa_vs_p_at_oa,train_cfg_0040,1309013606,True,A,True,M,STAFF SUSTAINABILITY,A. Staff sustainability.,A. Staff sustainability.
train_0040__p_at_ob_vs_q_at_ob,train_cfg_0040,2891310140,True,B,True,M,STAFF SUSTAINABILITY,<B>. Staff sustainability.,<B>. Staff sustainability.
train_0040__p_at_ob_vs_q_at_ob,train_cfg_0040,2089841019,True,B,True,M,STAFF SUSTAINABILITY,<B>. Staff sustainability.,<B>. Staff sustainability.
train_0040__p_at_ob_vs_q_at_ob,train_cfg_0040,3444978501,True,B,True,M,STAFF SUSTAINABILITY,<B>. Staff sustainability.,<B>. Staff sustainability.
train_0040__q_at_ob_vs_p_at_ob,train_cfg_0040,439090724,True,A,True,T,THREAT REDUCTION,A. Threat reduction.,A. Threat reduction.
train_0040__q_at_ob_vs_p_at_ob,train_cfg_0040,2069488002,True,A,True,M,STAFF SUSTAINABILITY,A. Staff sustainability.,A. Staff sustainability.
train_0040__q_at_ob_vs_p_at_ob,train_cfg_0040,4054224252,True,A,True,T,THREAT REDUCTION,A. Threat reduction.,A. Threat reduction.
train_0041__p_at_oa_vs_q_at_oa,train_cfg_0041,1306634435,True,B,True,T,THREAT REDUCTION,<B>. Threat reduction.,<B>. Threat reduction.
train_0041__p_at_oa_vs_q_at_oa,train_cfg_0041,2214185877,True,B,True,T,THREAT REDUCTION,<B>. Threat reduction.,<B>. Threat reduction.
train_0041__p_at_oa_vs_q_at_oa,train_cfg_0041,2453242422,True,B,True,T,THREAT REDUCTION,<B>. Threat reduction.,<B>. Threat reduction.
train_0041__q_at_oa_vs_p_at_oa,train_cfg_0041,518419677,True,A,True,T,THREAT REDUCTION,A. Threat reduction.,A. Threat reduction.
train_0041__q_at_oa_vs_p_at_oa,train_cfg_0041,1332582077,True,A,True,T,THREAT REDUCTION,A. Threat reduction.,A. Threat reduction.
train_0041__q_at_oa_vs_p_at_oa,train_cfg_0041,930954032,True,A,True,T,THREAT REDUCTION,A. Threat reduction.,A. Threat reduction.
train_0041__p_at_ob_vs_q_at_ob,train_cfg_0041,419589090,True,B,True,T,THREAT REDUCTION,<B>. Threat reduction.,<B>. Threat reduction.
train_0041__p_at_ob_vs_q_at_ob,train_cfg_0041,1383137842,True,A,True,M,STAFF SUSTAINABILITY,A. Staff sustainability.,A. Staff sustainability.
train_0041__p_at_ob_vs_q_at_ob,train_cfg_0041,967513223,True,B,True,T,THREAT REDUCTION,<B>. Threat reduction.,<B>. Threat reduction.
train_0041__q_at_ob_vs_p_at_ob,train_cfg_0041,4221864389,True,A,True,T,THREAT REDUCTION,A. Threat reduction.,A. Threat reduction.
train_0041__q_at_ob_vs_p_at_ob,train_cfg_0041,1169858592,True,A,True,T,THREAT REDUCTION,A. Threat reduction.,A. Threat reduction.
train_0041__q_at_ob_vs_p_at_ob,train_cfg_0041,386409422,True,A,True,T,THREAT REDUCTION,A. Threat reduction.,A. Threat reduction.
train_0042__p_at_oa_vs_q_at_oa,train_cfg_0042,2398351417,True,A,True,C,SERVICE CONTINUITY,A. Service continuity.,A. Service continuity.
train_0042__p_at_oa_vs_q_at_oa,train_cfg_0042,3976885447,True,A,True,C,SERVICE CONTINUITY,A. Service continuity.,A. Service continuity.
train_0042__p_at_oa_vs_q_at_oa,train_cfg_0042,799346078,True,A,True,C,SERVICE CONTINUITY,A. Service continuity.,A. Service continuity.
train_0042__q_at_oa_vs_p_at_oa,train_cfg_0042,146913879,True,B,True,C,SERVICE CONTINUITY,<B>. Service continuity.,<B>. Service continuity.
train_0042__q_at_oa_vs_p_at_oa,train_cfg_0042,4071487765,True,B,True,C,SERVICE CONTINUITY,<B>. Service continuity.,<B>. Service continuity.
train_0042__q_at_oa_vs_p_at_oa,train_cfg_0042,1146952001,True,B,True,C,SERVICE CONTINUITY,<B>. Service continuity.,<B>. Service continuity.
train_0042__p_at_ob_vs_q_at_ob,train_cfg_0042,933628408,True,A,True,C,SERVICE CONTINUITY,A. Service continuity.,A. Service continuity.
train_0042__p_at_ob_vs_q_at_ob,train_cfg_0042,1221084714,True,A,True,C,SERVICE CONTINUITY,A. Service continuity.,A. Service continuity.
train_0042__p_at_ob_vs_q_at_ob,train_cfg_0042,3702052940,True,A,True,C,SERVICE CONTINUITY,A. Service continuity.,A. Service continuity.
train_0042__q_at_ob_vs_p_at_ob,train_cfg_0042,2267325115,True,B,True,C,SERVICE CONTINUITY,B. Service continuity.,B. Service continuity.
train_0042__q_at_ob_vs_p_at_ob,train_cfg_0042,470406856,True,B,True,C,SERVICE CONTINUITY,<B>. Service continuity.,<B>. Service continuity.
train_0042__q_at_ob_vs_p_at_ob,train_cfg_0042,3852686811,True,B,True,C,SERVICE CONTINUITY,<B>. Service continuity.,<B>. Service continuity.
train_0043__p_at_oa_vs_q_at_oa,train_cfg_0043,534953879,True,B,True,P,SYSTEM PORTABILITY,B. System portability.,B. System portability.
train_0043__p_at_oa_vs_q_at_oa,train_cfg_0043,2858368862,True,B,True,P,SYSTEM PORTABILITY,B. System portability.,B. System portability.
train_0043__p_at_oa_vs_q_at_oa,train_cfg_0043,1111777409,True,B,True,P,SYSTEM PORTABILITY,B. System portability.,B. System portability.
train_0043__q_at_oa_vs_p_at_oa,train_cfg_0043,804393288,True,A,True,D,DEPLOYMENT SPEED,A. Deployment speed.,A. Deployment speed.
train_0043__q_at_oa_vs_p_at_oa,train_cfg_0043,3240082727,True,A,True,D,DEPLOYMENT SPEED,A. Deployment speed.,A. Deployment speed.
train_0043__q_at_oa_vs_p_at_oa,train_cfg_0043,1003052044,True,A,True,D,DEPLOYMENT SPEED,A. Deployment speed.,A. Deployment speed.
train_0043__p_at_ob_vs_q_at_ob,train_cfg_0043,1437596127,True,B,True,P,SYSTEM PORTABILITY,<B>. System portability.,<B>. System portability.
train_0043__p_at_ob_vs_q_at_ob,train_cfg_0043,3170097551,True,B,True,P,SYSTEM PORTABILITY,<B>. System portability.,<B>. System portability.
train_0043__p_at_ob_vs_q_at_ob,train_cfg_0043,3043741563,True,B,True,P,SYSTEM PORTABILITY,<B>. System portability.,<B>. System portability.
train_0043__q_at_ob_vs_p_at_ob,train_cfg_0043,2735198961,True,A,True,C,SERVICE CONTINUITY,A. Service continuity.,A. Service continuity.
train_0043__q_at_ob_vs_p_at_ob,train_cfg_0043,750783936,True,A,True,C,SERVICE CONTINUITY,A. Service continuity.,A. Service continuity.
train_0043__q_at_ob_vs_p_at_ob,train_cfg_0043,2851769073,True,A,True,C,SERVICE CONTINUITY,A. Service continuity.,A. Service continuity.
train_0044__p_at_oa_vs_q_at_oa,train_cfg_0044,3036300621,True,B,True,T,THREAT REDUCTION,B. Threat reduction.,B. Threat reduction.
train_0044__p_at_oa_vs_q_at_oa,train_cfg_0044,1257856724,True,B,True,T,THREAT REDUCTION,<B>. Threat reduction.,<B>. Threat reduction.
train_0044__p_at_oa_vs_q_at_oa,train_cfg_0044,4090885963,True,B,True,T,THREAT REDUCTION,<B>. Threat reduction.,<B>. Threat reduction.
train_0044__q_at_oa_vs_p_at_oa,train_cfg_0044,2482351626,True,A,True,T,THREAT REDUCTION,A. Threat reduction.,A. Threat reduction.
train_0044__q_at_oa_vs_p_at_oa,train_cfg_0044,4000469644,True,A,True,T,THREAT REDUCTION,A. Threat reduction.,A. Threat reduction.
train_0044__q_at_oa_vs_p_at_oa,train_cfg_0044,3013882945,True,A,True,T,THREAT REDUCTION,A. Threat reduction.,A. Threat reduction.
train_0044__p_at_ob_vs_q_at_ob,train_cfg_0044,379057227,True,B,True,C,SERVICE CONTINUITY,B. Service continuity.,B. Service continuity.
train_0044__p_at_ob_vs_q_at_ob,train_cfg_0044,158773356,True,B,True,C,SERVICE CONTINUITY,B. Service continuity.,B. Service continuity.
train_0044__p_at_ob_vs_q_at_ob,train_cfg_0044,2040060466,True,B,True,C,SERVICE CONTINUITY,B. Service continuity.,B. Service continuity.
train_0044__q_at_ob_vs_p_at_ob,train_cfg_0044,1920128775,True,A,True,T,THREAT REDUCTION,A. Threat reduction.,A. Threat reduction.
train_0044__q_at_ob_vs_p_at_ob,train_cfg_0044,4262984766,True,A,True,T,THREAT REDUCTION,A. Threat reduction.,A. Threat reduction.
train_0044__q_at_ob_vs_p_at_ob,train_cfg_0044,2295166622,True,A,True,T,THREAT REDUCTION,A. Threat reduction.,A. Threat reduction.
train_0045__p_at_oa_vs_q_at_oa,train_cfg_0045,3173189363,True,B,True,T,THREAT REDUCTION,<B>. Threat reduction.,<B>. Threat reduction.
train_0045__p_at_oa_vs_q_at_oa,train_cfg_0045,3815256250,True,B,True,T,THREAT REDUCTION,<B>. Threat reduction.,<B>. Threat reduction.
train_0045__p_at_oa_vs_q_at_oa,train_cfg_0045,3034689839,True,B,True,T,THREAT REDUCTION,<B>. Threat reduction.,<B>. Threat reduction.
train_0045__q_at_oa_vs_p_at_oa,train_cfg_0045,4207735816,True,A,True,T,THREAT REDUCTION,A. Threat reduction.,A. Threat reduction.
train_0045__q_at_oa_vs_p_at_oa,train_cfg_0045,790368825,True,A,True,T,THREAT REDUCTION,A. Threat reduction.,A. Threat reduction.
train_0045__q_at_oa_vs_p_at_oa,train_cfg_0045,3756647923,True,A,True,T,THREAT REDUCTION,A. Threat reduction.,A. Threat reduction.
train_0045__p_at_ob_vs_q_at_ob,train_cfg_0045,1534473696,True,B,True,T,THREAT REDUCTION,<B>. Threat reduction.,<B>. Threat reduction.
train_0045__p_at_ob_vs_q_at_ob,train_cfg_0045,1705169372,True,B,True,T,THREAT REDUCTION,<B>. Threat reduction.,<B>. Threat reduction.
train_0045__p_at_ob_vs_q_at_ob,train_cfg_0045,29116748,True,B,True,T,THREAT REDUCTION,<B>. Threat reduction.,<B>. Threat reduction.
train_0045__q_at_ob_vs_p_at_ob,train_cfg_0045,1078530300,True,A,True,T,THREAT REDUCTION,A. Threat reduction.,A. Threat reduction.
train_0045__q_at_ob_vs_p_at_ob,train_cfg_0045,1616724305,True,A,True,T,THREAT REDUCTION,A. Threat reduction.,A. Threat reduction.
train_0045__q_at_ob_vs_p_at_ob,train_cfg_0045,3063332454,True,A,True,T,THREAT REDUCTION,A. Threat reduction.,A. Threat reduction.
train_0046__p_at_oa_vs_q_at_oa,train_cfg_0046,3527687376,True,B,True,D,DEPLOYMENT SPEED,<B>. Deployment speed.,<B>. Deployment speed.
train_0046__p_at_oa_vs_q_at_oa,train_cfg_0046,4055296961,True,B,True,D,DEPLOYMENT SPEED,<B>. Deployment speed.,<B>. Deployment speed.
train_0046__p_at_oa_vs_q_at_oa,train_cfg_0046,4227958247,True,B,True,D,DEPLOYMENT SPEED,<B>. Deployment speed.,<B>. Deployment speed.
train_0046__q_at_oa_vs_p_at_oa,train_cfg_0046,2794373949,True,A,True,D,DEPLOYMENT SPEED,A. Deployment speed.,A. Deployment speed.
train_0046__q_at_oa_vs_p_at_oa,train_cfg_0046,3738317915,True,A,True,D,DEPLOYMENT SPEED,A. Deployment speed.,A. Deployment speed.
train_0046__q_at_oa_vs_p_at_oa,train_cfg_0046,3733906413,True,A,True,D,DEPLOYMENT SPEED,A. Deployment speed.,A. Deployment speed.
train_0046__p_at_ob_vs_q_at_ob,train_cfg_0046,936940040,True,A,True,M,STAFF SUSTAINABILITY,A. Staff sustainability.,A. Staff sustainability.
train_0046__p_at_ob_vs_q_at_ob,train_cfg_0046,3292750078,True,A,True,M,STAFF SUSTAINABILITY,A. Staff sustainability.,A. Staff sustainability.
train_0046__p_at_ob_vs_q_at_ob,train_cfg_0046,3430938738,True,A,True,M,STAFF SUSTAINABILITY,A. Staff sustainability.,A. Staff sustainability.
train_0046__q_at_ob_vs_p_at_ob,train_cfg_0046,2623478972,True,A,True,D,DEPLOYMENT SPEED,A. Deployment speed.,A. Deployment speed.
train_0046__q_at_ob_vs_p_at_ob,train_cfg_0046,2292823643,True,A,True,D,DEPLOYMENT SPEED,A. Deployment speed.,A. Deployment speed.
train_0046__q_at_ob_vs_p_at_ob,train_cfg_0046,2064511792,True,A,True,D,DEPLOYMENT SPEED,A. Deployment speed.,A. Deployment speed.
train_0047__p_at_oa_vs_q_at_oa,train_cfg_0047,522426369,True,B,True,T,THREAT REDUCTION,<B>. Threat reduction.,<B>. Threat reduction.
train_0047__p_at_oa_vs_q_at_oa,train_cfg_0047,1988853416,True,B,True,T,THREAT REDUCTION,<B>. Threat reduction.,<B>. Threat reduction.
train_0047__p_at_oa_vs_q_at_oa,train_cfg_0047,161060860,True,B,True,T,THREAT REDUCTION,<B>. Threat reduction.,<B>. Threat reduction.
train_0047__q_at_oa_vs_p_at_oa,train_cfg_0047,1484269782,True,A,True,M,STAFF SUSTAINABILITY,A. Staff sustainability.,A. Staff sustainability.
train_0047__q_at_oa_vs_p_at_oa,train_cfg_0047,636642309,True,A,True,M,STAFF SUSTAINABILITY,A. Staff sustainability.,A. Staff sustainability.
train_0047__q_at_oa_vs_p_at_oa,train_cfg_0047,2948948506,True,A,True,M,STAFF SUSTAINABILITY,A. Staff sustainability.,A. Staff sustainability.
train_0047__p_at_ob_vs_q_at_ob,train_cfg_0047,1497527547,True,B,True,M,STAFF SUSTAINABILITY,<B>. Staff sustainability.,<B>. Staff sustainability.
train_0047__p_at_ob_vs_q_at_ob,train_cfg_0047,1950405122,True,B,True,M,STAFF SUSTAINABILITY,<B>. Staff sustainability.,<B>. Staff sustainability.
train_0047__p_at_ob_vs_q_at_ob,train_cfg_0047,2713840857,True,B,True,M,STAFF SUSTAINABILITY,<B>. Staff sustainability.,<B>. Staff sustainability.
train_0047__q_at_ob_vs_p_at_ob,train_cfg_0047,750891516,True,A,True,C,SERVICE CONTINUITY,A. Service continuity.,A. Service continuity.
train_0047__q_at_ob_vs_p_at_ob,train_cfg_0047,2228096416,True,A,True,C,SERVICE CONTINUITY,A. Service continuity.,A. Service continuity.
train_0047__q_at_ob_vs_p_at_ob,train_cfg_0047,1282174442,True,A,True,C,SERVICE CONTINUITY,A. Service continuity.,A. Service continuity.
train_0048__p_at_oa_vs_q_at_oa,train_cfg_0048,480529146,True,B,True,T,THREAT REDUCTION,<B>. Threat reduction.,<B>. Threat reduction.
train_0048__p_at_oa_vs_q_at_oa,train_cfg_0048,1584469130,True,B,True,T,THREAT REDUCTION,<B>. Threat reduction.,<B>. Threat reduction.
train_0048__p_at_oa_vs_q_at_oa,train_cfg_0048,2078448306,True,B,True,T,THREAT REDUCTION,<B>. Threat reduction.,<B>. Threat reduction.
train_0048__q_at_oa_vs_p_at_oa,train_cfg_0048,3746817560,True,A,True,T,THREAT REDUCTION,A. Threat reduction.,A. Threat reduction.
train_0048__q_at_oa_vs_p_at_oa,train_cfg_0048,949318299,True,A,True,T,THREAT REDUCTION,A. Threat reduction.,A. Threat reduction.
train_0048__q_at_oa_vs_p_at_oa,train_cfg_0048,1955405010,True,A,True,T,THREAT REDUCTION,A. Threat reduction.,A. Threat reduction.
train_0048__p_at_ob_vs_q_at_ob,train_cfg_0048,204629509,True,B,True,T,THREAT REDUCTION,<B>. Threat reduction.,<B>. Threat reduction.
train_0048__p_at_ob_vs_q_at_ob,train_cfg_0048,2492317989,True,B,True,T,THREAT REDUCTION,<B>. Threat reduction.,<B>. Threat reduction.
train_0048__p_at_ob_vs_q_at_ob,train_cfg_0048,2545403360,True,B,True,T,THREAT REDUCTION,<B>. Threat reduction.,<B>. Threat reduction.
train_0048__q_at_ob_vs_p_at_ob,train_cfg_0048,2514594153,True,A,True,C,SERVICE CONTINUITY,A. Service continuity.,A. Service continuity.
train_0048__q_at_ob_vs_p_at_ob,train_cfg_0048,3996081384,True,A,True,C,SERVICE CONTINUITY,A. Service continuity.,A. Service continuity.
train_0048__q_at_ob_vs_p_at_ob,train_cfg_0048,2479708511,True,A,True,C,SERVICE CONTINUITY,A. Service continuity.,A. Service continuity.
train_0049__p_at_oa_vs_q_at_oa,train_cfg_0049,1864921132,True,B,True,C,SERVICE CONTINUITY,<B>. Service continuity.,<B>. Service continuity.
train_0049__p_at_oa_vs_q_at_oa,train_cfg_0049,2374581229,True,B,True,T,THREAT REDUCTION,<B>. Threat reduction.,<B>. Threat reduction.
train_0049__p_at_oa_vs_q_at_oa,train_cfg_0049,3844762407,True,B,True,T,THREAT REDUCTION,<B>. Threat reduction.,<B>. Threat reduction.
train_0049__q_at_oa_vs_p_at_oa,train_cfg_0049,1921401050,True,A,True,C,SERVICE CONTINUITY,A. Service continuity.,A. Service continuity.
train_0049__q_at_oa_vs_p_at_oa,train_cfg_0049,3548386787,True,A,True,C,SERVICE CONTINUITY,A. Service continuity.,A. Service continuity.
train_0049__q_at_oa_vs_p_at_oa,train_cfg_0049,2961044537,True,A,True,C,SERVICE CONTINUITY,A. Service continuity.,A. Service continuity.
train_0049__p_at_ob_vs_q_at_ob,train_cfg_0049,1856068135,True,B,True,C,SERVICE CONTINUITY,<B>. Service continuity.,<B>. Service continuity.
train_0049__p_at_ob_vs_q_at_ob,train_cfg_0049,224341777,True,B,True,C,SERVICE CONTINUITY,<B>. Service continuity.,<B>. Service continuity.
train_0049__p_at_ob_vs_q_at_ob,train_cfg_0049,3831916928,True,B,True,C,SERVICE CONTINUITY,<B>. Service continuity.,<B>. Service continuity.
train_0049__q_at_ob_vs_p_at_ob,train_cfg_0049,817636093,True,A,True,T,THREAT REDUCTION,A. Threat reduction.,A. Threat reduction.
train_0049__q_at_ob_vs_p_at_ob,train_cfg_0049,2481639231,True,A,True,T,THREAT REDUCTION,A. Threat reduction.,A. Threat reduction.
train_0049__q_at_ob_vs_p_at_ob,train_cfg_0049,2470811399,True,A,True,T,THREAT REDUCTION,A. Threat reduction.,A. Threat reduction.
train_0050__p_at_oa_vs_q_at_oa,train_cfg_0050,857861643,True,B,True,M,STAFF SUSTAINABILITY,<B>. Staff sustainability.,<B>. Staff sustainability.
train_0050__p_at_oa_vs_q_at_oa,train_cfg_0050,2801836572,True,B,True,M,STAFF SUSTAINABILITY,<B>. Staff sustainability.,<B>. Staff sustainability.
train_0050__p_at_oa_vs_q_at_oa,train_cfg_0050,4014124648,True,B,True,M,STAFF SUSTAINABILITY,<B>. Staff sustainability.,<B>. Staff sustainability.
train_0050__q_at_oa_vs_p_at_oa,train_cfg_0050,3769911655,True,A,True,M,STAFF SUSTAINABILITY,A. Staff sustainability.,A. Staff sustainability.
train_0050__q_at_oa_vs_p_at_oa,train_cfg_0050,3681900439,True,A,True,M,STAFF SUSTAINABILITY,A. Staff sustainability.,A. Staff sustainability.
train_0050__q_at_oa_vs_p_at_oa,train_cfg_0050,2857360817,True,A,True,M,STAFF SUSTAINABILITY,A. Staff sustainability.,A. Staff sustainability.
train_0050__p_at_ob_vs_q_at_ob,train_cfg_0050,951857323,True,B,True,T,THREAT REDUCTION,<B>. Threat reduction.,<B>. Threat reduction.
train_0050__p_at_ob_vs_q_at_ob,train_cfg_0050,775350838,True,B,True,T,THREAT REDUCTION,<B>. Threat reduction.,<B>. Threat reduction.
train_0050__p_at_ob_vs_q_at_ob,train_cfg_0050,1325658421,True,B,True,T,THREAT REDUCTION,<B>. Threat reduction.,<B>. Threat reduction.
train_0050__q_at_ob_vs_p_at_ob,train_cfg_0050,877596042,True,A,True,T,THREAT REDUCTION,A. Threat reduction.,A. Threat reduction.
train_0050__q_at_ob_vs_p_at_ob,train_cfg_0050,3850471666,True,B,True,D,DEPLOYMENT SPEED,<B>. Deployment speed.,<B>. Deployment speed.
train_0050__q_at_ob_vs_p_at_ob,train_cfg_0050,930902749,True,B,True,D,DEPLOYMENT SPEED,<B>. Deployment speed.,<B>. Deployment speed.
train_0051__p_at_oa_vs_q_at_oa,train_cfg_0051,2989568915,True,A,True,C,SERVICE CONTINUITY,A. Service continuity.,A. Service continuity.
train_0051__p_at_oa_vs_q_at_oa,train_cfg_0051,704009162,True,A,True,A,AUDIT READINESS,A. Audit readiness.,A. Audit readiness.
train_0051__p_at_oa_vs_q_at_oa,train_cfg_0051,3647068540,True,A,True,C,SERVICE CONTINUITY,A. Service continuity.,A. Service continuity.
train_0051__q_at_oa_vs_p_at_oa,train_cfg_0051,2523805533,True,B,True,C,SERVICE CONTINUITY,<B>. Service continuity.,<B>. Service continuity.
train_0051__q_at_oa_vs_p_at_oa,train_cfg_0051,2003039588,True,B,True,C,SERVICE CONTINUITY,<B>. Service continuity.,<B>. Service continuity.
train_0051__q_at_oa_vs_p_at_oa,train_cfg_0051,3942560620,True,B,True,C,SERVICE CONTINUITY,<B>. Service continuity.,<B>. Service continuity.
train_0051__p_at_ob_vs_q_at_ob,train_cfg_0051,1885763188,True,A,True,C,SERVICE CONTINUITY,A. Service continuity.,A. Service continuity.
train_0051__p_at_ob_vs_q_at_ob,train_cfg_0051,3422377553,True,A,True,C,SERVICE CONTINUITY,A. Service continuity.,A. Service continuity.
train_0051__p_at_ob_vs_q_at_ob,train_cfg_0051,1412663412,True,A,True,C,SERVICE CONTINUITY,A. Service continuity.,A. Service continuity.
train_0051__q_at_ob_vs_p_at_ob,train_cfg_0051,2928087516,True,B,True,C,SERVICE CONTINUITY,<B>. Service continuity.,<B>. Service continuity.
train_0051__q_at_ob_vs_p_at_ob,train_cfg_0051,3216680511,True,B,True,C,SERVICE CONTINUITY,<B>. Service continuity.,<B>. Service continuity.
train_0051__q_at_ob_vs_p_at_ob,train_cfg_0051,722243584,True,B,True,C,SERVICE CONTINUITY,<B>. Service continuity.,<B>. Service continuity.
train_0052__p_at_oa_vs_q_at_oa,train_cfg_0052,3846189876,True,B,True,T,THREAT REDUCTION,<B>. Threat reduction.,<B>. Threat reduction.
train_0052__p_at_oa_vs_q_at_oa,train_cfg_0052,2984429784,True,B,True,T,THREAT REDUCTION,<B>. Threat reduction.,<B>. Threat reduction.
train_0052__p_at_oa_vs_q_at_oa,train_cfg_0052,1759439386,True,B,True,T,THREAT REDUCTION,<B>. Threat reduction.,<B>. Threat reduction.
train_0052__q_at_oa_vs_p_at_oa,train_cfg_0052,4227661955,True,A,True,T,THREAT REDUCTION,A. Threat reduction.,A. Threat reduction.
train_0052__q_at_oa_vs_p_at_oa,train_cfg_0052,124968765,True,A,True,T,THREAT REDUCTION,A. Threat reduction.,A. Threat reduction.
train_0052__q_at_oa_vs_p_at_oa,train_cfg_0052,3493173120,True,A,True,T,THREAT REDUCTION,A. Threat reduction.,A. Threat reduction.
train_0052__p_at_ob_vs_q_at_ob,train_cfg_0052,1728499528,True,B,True,T,THREAT REDUCTION,<B>. Threat reduction.,<B>. Threat reduction.
train_0052__p_at_ob_vs_q_at_ob,train_cfg_0052,421213115,True,B,True,T,THREAT REDUCTION,<B>. Threat reduction.,<B>. Threat reduction.
train_0052__p_at_ob_vs_q_at_ob,train_cfg_0052,3661264748,True,B,True,T,THREAT REDUCTION,<B>. Threat reduction.,<B>. Threat reduction.
train_0052__q_at_ob_vs_p_at_ob,train_cfg_0052,47099358,True,A,True,T,THREAT REDUCTION,A. Threat reduction.,A. Threat reduction.
train_0052__q_at_ob_vs_p_at_ob,train_cfg_0052,1634400799,True,A,True,T,THREAT REDUCTION,A. Threat reduction.,A. Threat reduction.
train_0052__q_at_ob_vs_p_at_ob,train_cfg_0052,1089763440,True,A,True,T,THREAT REDUCTION,A. Threat reduction.,A. Threat reduction.
train_0053__p_at_oa_vs_q_at_oa,train_cfg_0053,1039385097,True,A,True,M,STAFF SUSTAINABILITY,A. Staff sustainability.,A. Staff sustainability.
train_0053__p_at_oa_vs_q_at_oa,train_cfg_0053,1886310560,True,A,True,M,STAFF SUSTAINABILITY,A. Staff sustainability.,A. Staff sustainability.
train_0053__p_at_oa_vs_q_at_oa,train_cfg_0053,3212724062,True,A,True,M,STAFF SUSTAINABILITY,A. Staff sustainability.,A. Staff sustainability.
train_0053__q_at_oa_vs_p_at_oa,train_cfg_0053,3208848423,True,B,True,C,SERVICE CONTINUITY,<B>. Service continuity.,<B>. Service continuity.
train_0053__q_at_oa_vs_p_at_oa,train_cfg_0053,122686340,True,B,True,C,SERVICE CONTINUITY,<B>. Service continuity.,<B>. Service continuity.
train_0053__q_at_oa_vs_p_at_oa,train_cfg_0053,298509233,True,B,True,C,SERVICE CONTINUITY,<B>. Service continuity.,<B>. Service continuity.
train_0053__p_at_ob_vs_q_at_ob,train_cfg_0053,3756699445,True,A,True,C,SERVICE CONTINUITY,A. Service continuity.,A. Service continuity.
train_0053__p_at_ob_vs_q_at_ob,train_cfg_0053,2667153492,True,A,True,C,SERVICE CONTINUITY,A. Service continuity.,A. Service continuity.
train_0053__p_at_ob_vs_q_at_ob,train_cfg_0053,2009941382,True,A,True,C,SERVICE CONTINUITY,A. Service continuity.,A. Service continuity.
train_0053__q_at_ob_vs_p_at_ob,train_cfg_0053,1636479112,True,B,True,C,SERVICE CONTINUITY,<B>. Service continuity.,<B>. Service continuity.
train_0053__q_at_ob_vs_p_at_ob,train_cfg_0053,2173548398,True,B,True,C,SERVICE CONTINUITY,<B>. Service continuity.,<B>. Service continuity.
train_0053__q_at_ob_vs_p_at_ob,train_cfg_0053,2057628686,True,B,True,C,SERVICE CONTINUITY,<B>. Service continuity.,<B>. Service continuity.
train_0054__p_at_oa_vs_q_at_oa,train_cfg_0054,35514952,True,B,True,D,DEPLOYMENT SPEED,<B>. Deployment speed.,<B>. Deployment speed.
train_0054__p_at_oa_vs_q_at_oa,train_cfg_0054,2211515730,True,B,True,P,SYSTEM PORTABILITY,<B>. System portability.,<B>. System portability.
train_0054__p_at_oa_vs_q_at_oa,train_cfg_0054,3089972577,True,B,True,D,DEPLOYMENT SPEED,<B>. Deployment speed.,<B>. Deployment speed.
train_0054__q_at_oa_vs_p_at_oa,train_cfg_0054,2399166870,True,A,True,D,DEPLOYMENT SPEED,A. Deployment speed.,A. Deployment speed.
train_0054__q_at_oa_vs_p_at_oa,train_cfg_0054,2530620324,True,A,True,D,DEPLOYMENT SPEED,A. Deployment speed.,A. Deployment speed.
train_0054__q_at_oa_vs_p_at_oa,train_cfg_0054,2524479827,True,A,True,D,DEPLOYMENT SPEED,A. Deployment speed.,A. Deployment speed.
train_0054__p_at_ob_vs_q_at_ob,train_cfg_0054,3582826545,True,B,True,D,DEPLOYMENT SPEED,<B>. Deployment speed.,<B>. Deployment speed.
train_0054__p_at_ob_vs_q_at_ob,train_cfg_0054,255510010,True,B,True,D,DEPLOYMENT SPEED,<B>. Deployment speed.,<B>. Deployment speed.
train_0054__p_at_ob_vs_q_at_ob,train_cfg_0054,1444800634,True,B,True,D,DEPLOYMENT SPEED,<B>. Deployment speed.,<B>. Deployment speed.
train_0054__q_at_ob_vs_p_at_ob,train_cfg_0054,3357522410,True,A,True,D,DEPLOYMENT SPEED,A. Deployment speed.,A. Deployment speed.
train_0054__q_at_ob_vs_p_at_ob,train_cfg_0054,107755933,True,A,True,D,DEPLOYMENT SPEED,A. Deployment speed.,A. Deployment speed.
train_0054__q_at_ob_vs_p_at_ob,train_cfg_0054,110406971,True,A,True,D,DEPLOYMENT SPEED,A. Deployment speed.,A. Deployment speed.
train_0055__p_at_oa_vs_q_at_oa,train_cfg_0055,3895584680,True,A,True,T,THREAT REDUCTION,A. Threat reduction.,A. Threat reduction.
train_0055__p_at_oa_vs_q_at_oa,train_cfg_0055,2195841908,True,A,True,T,THREAT REDUCTION,A. Threat reduction.,A. Threat reduction.
train_0055__p_at_oa_vs_q_at_oa,train_cfg_0055,15045703,True,A,True,T,THREAT REDUCTION,A. Threat reduction.,A. Threat reduction.
train_0055__q_at_oa_vs_p_at_oa,train_cfg_0055,468528410,True,B,True,C,SERVICE CONTINUITY,<B>. Service continuity.,<B>. Service continuity.
train_0055__q_at_oa_vs_p_at_oa,train_cfg_0055,1839212701,True,B,True,C,SERVICE CONTINUITY,<B>. Service continuity.,<B>. Service continuity.
train_0055__q_at_oa_vs_p_at_oa,train_cfg_0055,2328126878,True,B,True,C,SERVICE CONTINUITY,<B>. Service continuity.,<B>. Service continuity.
train_0055__p_at_ob_vs_q_at_ob,train_cfg_0055,4051917310,True,A,True,C,SERVICE CONTINUITY,A. Service continuity.,A. Service continuity.
train_0055__p_at_ob_vs_q_at_ob,train_cfg_0055,1725162908,True,A,True,C,SERVICE CONTINUITY,A. Service continuity.,A. Service continuity.
train_0055__p_at_ob_vs_q_at_ob,train_cfg_0055,619265078,True,A,True,C,SERVICE CONTINUITY,A. Service continuity.,A. Service continuity.
train_0055__q_at_ob_vs_p_at_ob,train_cfg_0055,2343197898,True,B,True,C,SERVICE CONTINUITY,<B>. Service continuity.,<B>. Service continuity.
train_0055__q_at_ob_vs_p_at_ob,train_cfg_0055,3447745700,True,B,True,C,SERVICE CONTINUITY,<B>. Service continuity.,<B>. Service continuity.
train_0055__q_at_ob_vs_p_at_ob,train_cfg_0055,2506838585,True,B,True,C,SERVICE CONTINUITY,<B>. Service continuity.,<B>. Service continuity.
train_0056__p_at_oa_vs_q_at_oa,train_cfg_0056,2175946678,True,B,True,T,THREAT REDUCTION,<B>. Threat reduction.,<B>. Threat reduction.
train_0056__p_at_oa_vs_q_at_oa,train_cfg_0056,4011529349,True,B,True,T,THREAT REDUCTION,<B>. Threat reduction.,<B>. Threat reduction.
train_0056__p_at_oa_vs_q_at_oa,train_cfg_0056,3641273622,True,B,True,T,THREAT REDUCTION,<B>. Threat reduction.,<B>. Threat reduction.
train_0056__q_at_oa_vs_p_at_oa,train_cfg_0056,3082242350,True,A,True,T,THREAT REDUCTION,A. Threat reduction.,A. Threat reduction.
train_0056__q_at_oa_vs_p_at_oa,train_cfg_0056,3246006753,True,A,True,T,THREAT REDUCTION,A. Threat reduction.,A. Threat reduction.
train_0056__q_at_oa_vs_p_at_oa,train_cfg_0056,4072306519,True,A,True,T,THREAT REDUCTION,A. Threat reduction.,A. Threat reduction.
train_0056__p_at_ob_vs_q_at_ob,train_cfg_0056,1517833551,True,B,True,T,THREAT REDUCTION,<B>. Threat reduction.,<B>. Threat reduction.
train_0056__p_at_ob_vs_q_at_ob,train_cfg_0056,1918963677,True,B,True,T,THREAT REDUCTION,<B>. Threat reduction.,<B>. Threat reduction.
train_0056__p_at_ob_vs_q_at_ob,train_cfg_0056,2129124184,True,B,True,T,THREAT REDUCTION,<B>. Threat reduction.,<B>. Threat reduction.
train_0056__q_at_ob_vs_p_at_ob,train_cfg_0056,1538758624,True,A,True,T,THREAT REDUCTION,A. Threat reduction.,A. Threat reduction.
train_0056__q_at_ob_vs_p_at_ob,train_cfg_0056,3802790324,True,A,True,T,THREAT REDUCTION,A. Threat reduction.,A. Threat reduction.
train_0056__q_at_ob_vs_p_at_ob,train_cfg_0056,3955929102,True,A,True,T,THREAT REDUCTION,A. Threat reduction.,A. Threat reduction.
train_0057__p_at_oa_vs_q_at_oa,train_cfg_0057,2569547189,True,B,True,D,DEPLOYMENT SPEED,<B>. Deployment speed.,<B>. Deployment speed.
train_0057__p_at_oa_vs_q_at_oa,train_cfg_0057,1753652965,True,B,True,D,DEPLOYMENT SPEED,<B>. Deployment speed.,<B>. Deployment speed.
train_0057__p_at_oa_vs_q_at_oa,train_cfg_0057,297236830,True,B,True,D,DEPLOYMENT SPEED,<B>. Deployment speed.,<B>. Deployment speed.
train_0057__q_at_oa_vs_p_at_oa,train_cfg_0057,3698012762,True,A,True,M,STAFF SUSTAINABILITY,A. Staff sustainability.,A. Staff sustainability.
train_0057__q_at_oa_vs_p_at_oa,train_cfg_0057,2127594602,True,A,True,M,STAFF SUSTAINABILITY,A. Staff sustainability.,A. Staff sustainability.
train_0057__q_at_oa_vs_p_at_oa,train_cfg_0057,818772085,True,A,True,M,STAFF SUSTAINABILITY,A. Staff sustainability.,A. Staff sustainability.
train_0057__p_at_ob_vs_q_at_ob,train_cfg_0057,4293310390,True,B,True,D,DEPLOYMENT SPEED,<B>. Deployment speed.,<B>. Deployment speed.
train_0057__p_at_ob_vs_q_at_ob,train_cfg_0057,452325452,True,B,True,D,DEPLOYMENT SPEED,<B>. Deployment speed.,<B>. Deployment speed.
train_0057__p_at_ob_vs_q_at_ob,train_cfg_0057,3801068430,True,B,True,D,DEPLOYMENT SPEED,<B>. Deployment speed.,<B>. Deployment speed.
train_0057__q_at_ob_vs_p_at_ob,train_cfg_0057,2862371915,True,A,True,M,STAFF SUSTAINABILITY,A. Staff sustainability.,A. Staff sustainability.
train_0057__q_at_ob_vs_p_at_ob,train_cfg_0057,2471640417,True,A,True,M,STAFF SUSTAINABILITY,A. Staff sustainability.,A. Staff sustainability.
train_0057__q_at_ob_vs_p_at_ob,train_cfg_0057,1297523041,True,A,True,M,STAFF SUSTAINABILITY,A. Staff sustainability.,A. Staff sustainability.
train_0058__p_at_oa_vs_q_at_oa,train_cfg_0058,539510214,True,B,True,C,SERVICE CONTINUITY,<B>. Service continuity.,<B>. Service continuity.
train_0058__p_at_oa_vs_q_at_oa,train_cfg_0058,2845230147,True,B,True,C,SERVICE CONTINUITY,<B>. Service continuity.,<B>. Service continuity.
train_0058__p_at_oa_vs_q_at_oa,train_cfg_0058,4162194019,True,B,True,C,SERVICE CONTINUITY,<B>. Service continuity.,<B>. Service continuity.
train_0058__q_at_oa_vs_p_at_oa,train_cfg_0058,1908272895,True,A,True,C,SERVICE CONTINUITY,A. Service continuity.,A. Service continuity.
train_0058__q_at_oa_vs_p_at_oa,train_cfg_0058,1338016143,True,A,True,C,SERVICE CONTINUITY,A. Service continuity.,A. Service continuity.
train_0058__q_at_oa_vs_p_at_oa,train_cfg_0058,299148434,True,A,True,C,SERVICE CONTINUITY,A. Service continuity.,A. Service continuity.
train_0058__p_at_ob_vs_q_at_ob,train_cfg_0058,3728038274,True,B,True,C,SERVICE CONTINUITY,<B>. Service continuity.,<B>. Service continuity.
train_0058__p_at_ob_vs_q_at_ob,train_cfg_0058,4013608872,True,B,True,C,SERVICE CONTINUITY,<B>. Service continuity.,<B>. Service continuity.
train_0058__p_at_ob_vs_q_at_ob,train_cfg_0058,962554901,True,B,True,C,SERVICE CONTINUITY,<B>. Service continuity.,<B>. Service continuity.
train_0058__q_at_ob_vs_p_at_ob,train_cfg_0058,3373088625,True,A,True,C,SERVICE CONTINUITY,A. Service continuity.,A. Service continuity.
train_0058__q_at_ob_vs_p_at_ob,train_cfg_0058,3211102459,True,A,True,C,SERVICE CONTINUITY,A. Service continuity.,A. Service continuity.
train_0058__q_at_ob_vs_p_at_ob,train_cfg_0058,2232227876,True,A,True,C,SERVICE CONTINUITY,A. Service continuity.,A. Service continuity.
train_0059__p_at_oa_vs_q_at_oa,train_cfg_0059,2559866253,True,B,True,T,THREAT REDUCTION,<B>. Threat reduction.,<B>. Threat reduction.
train_0059__p_at_oa_vs_q_at_oa,train_cfg_0059,2742034574,True,B,True,T,THREAT REDUCTION,<B>. Threat reduction.,<B>. Threat reduction.
train_0059__p_at_oa_vs_q_at_oa,train_cfg_0059,4197345267,True,B,True,T,THREAT REDUCTION,<B>. Threat reduction.,<B>. Threat reduction.
train_0059__q_at_oa_vs_p_at_oa,train_cfg_0059,3573326687,True,A,True,T,THREAT REDUCTION,A. Threat reduction.,A. Threat reduction.
train_0059__q_at_oa_vs_p_at_oa,train_cfg_0059,2006573703,True,A,True,T,THREAT REDUCTION,A. Threat reduction.,A. Threat reduction.
train_0059__q_at_oa_vs_p_at_oa,train_cfg_0059,3195834332,True,A,True,T,THREAT REDUCTION,A. Threat reduction.,A. Threat reduction.
train_0059__p_at_ob_vs_q_at_ob,train_cfg_0059,3201345570,True,B,True,T,THREAT REDUCTION,<B>. Threat reduction.,<B>. Threat reduction.
train_0059__p_at_ob_vs_q_at_ob,train_cfg_0059,492728378,True,B,True,T,THREAT REDUCTION,<B>. Threat reduction.,<B>. Threat reduction.
train_0059__p_at_ob_vs_q_at_ob,train_cfg_0059,1325854436,True,B,True,T,THREAT REDUCTION,<B>. Threat reduction.,<B>. Threat reduction.
train_0059__q_at_ob_vs_p_at_ob,train_cfg_0059,2718702855,True,A,True,M,STAFF SUSTAINABILITY,A. Staff sustainability.,A. Staff sustainability.
train_0059__q_at_ob_vs_p_at_ob,train_cfg_0059,2996066903,True,A,True,M,STAFF SUSTAINABILITY,A. Staff sustainability.,A. Staff sustainability.
train_0059__q_at_ob_vs_p_at_ob,train_cfg_0059,3733116133,True,A,True,M,STAFF SUSTAINABILITY,A. Staff sustainability.,A. Staff sustainability.
train_0060__p_at_oa_vs_q_at_oa,train_cfg_0060,1052924926,True,B,True,T,THREAT REDUCTION,<B>. Threat reduction.,<B>. Threat reduction.
train_0060__p_at_oa_vs_q_at_oa,train_cfg_0060,2356178781,True,B,True,T,THREAT REDUCTION,<B>. Threat reduction.,<B>. Threat reduction.
train_0060__p_at_oa_vs_q_at_oa,train_cfg_0060,1105899908,True,A,True,C,SERVICE CONTINUITY,A. Service continuity.,A. Service continuity.
train_0060__q_at_oa_vs_p_at_oa,train_cfg_0060,1455859076,True,B,True,A,AUDIT READINESS,<B>. Audit readiness.,<B>. Audit readiness.
train_0060__q_at_oa_vs_p_at_oa,train_cfg_0060,2964350602,True,B,True,M,STAFF SUSTAINABILITY,<B>. Staff sustainability.,<B>. Staff sustainability.
train_0060__q_at_oa_vs_p_at_oa,train_cfg_0060,2231109316,True,B,True,A,AUDIT READINESS,<B>. Audit readiness.,<B>. Audit readiness.
train_0060__p_at_ob_vs_q_at_ob,train_cfg_0060,1340997390,True,A,True,C,SERVICE CONTINUITY,A. Service continuity.,A. Service continuity.
train_0060__p_at_ob_vs_q_at_ob,train_cfg_0060,3344801599,True,A,True,C,SERVICE CONTINUITY,A. Service continuity.,A. Service continuity.
train_0060__p_at_ob_vs_q_at_ob,train_cfg_0060,2505427277,True,A,True,C,SERVICE CONTINUITY,A. Service continuity.,A. Service continuity.
train_0060__q_at_ob_vs_p_at_ob,train_cfg_0060,297106569,True,B,True,M,STAFF SUSTAINABILITY,<B>. Staff sustainability.,<B>. Staff sustainability.
train_0060__q_at_ob_vs_p_at_ob,train_cfg_0060,307524163,True,B,True,M,STAFF SUSTAINABILITY,<B>. Staff sustainability.,<B>. Staff sustainability.
train_0060__q_at_ob_vs_p_at_ob,train_cfg_0060,2714829741,True,B,True,M,STAFF SUSTAINABILITY,<B>. Staff sustainability.,<B>. Staff sustainability.
train_0061__p_at_oa_vs_q_at_oa,train_cfg_0061,4176736182,True,B,True,C,SERVICE CONTINUITY,B. Service continuity.,B. Service continuity.
train_0061__p_at_oa_vs_q_at_oa,train_cfg_0061,1687656043,True,B,True,M,STAFF SUSTAINABILITY,B. Staff sustainability.,B. Staff sustainability.
train_0061__p_at_oa_vs_q_at_oa,train_cfg_0061,1966552462,True,B,True,M,STAFF SUSTAINABILITY,B. Staff sustainability.,B. Staff sustainability.
train_0061__q_at_oa_vs_p_at_oa,train_cfg_0061,2188753297,True,A,True,C,SERVICE CONTINUITY,A. Service continuity.,A. Service continuity.
train_0061__q_at_oa_vs_p_at_oa,train_cfg_0061,3276375476,True,A,True,C,SERVICE CONTINUITY,A. Service continuity.,A. Service continuity.
train_0061__q_at_oa_vs_p_at_oa,train_cfg_0061,1631953622,True,A,True,C,SERVICE CONTINUITY,A. Service continuity.,A. Service continuity.
train_0061__p_at_ob_vs_q_at_ob,train_cfg_0061,207984970,True,B,True,C,SERVICE CONTINUITY,<B>. Service continuity.,<B>. Service continuity.
train_0061__p_at_ob_vs_q_at_ob,train_cfg_0061,1528571811,True,B,True,C,SERVICE CONTINUITY,<B>. Service continuity.,<B>. Service continuity.
train_0061__p_at_ob_vs_q_at_ob,train_cfg_0061,3084230490,True,B,True,C,SERVICE CONTINUITY,<B>. Service continuity.,<B>. Service continuity.
train_0061__q_at_ob_vs_p_at_ob,train_cfg_0061,861378797,True,A,True,C,SERVICE CONTINUITY,A. Service continuity.,A. Service continuity.
train_0061__q_at_ob_vs_p_at_ob,train_cfg_0061,3112066279,True,A,True,C,SERVICE CONTINUITY,A. Service continuity.,A. Service continuity.
train_0061__q_at_ob_vs_p_at_ob,train_cfg_0061,2503891214,True,A,True,C,SERVICE CONTINUITY,A. Service continuity.,A. Service continuity.
train_0062__p_at_oa_vs_q_at_oa,train_cfg_0062,814799353,True,A,True,M,STAFF SUSTAINABILITY,A. Staff sustainability.,A. Staff sustainability.
train_0062__p_at_oa_vs_q_at_oa,train_cfg_0062,966423299,True,A,True,M,STAFF SUSTAINABILITY,A. Staff sustainability.,A. Staff sustainability.
train_0062__p_at_oa_vs_q_at_oa,train_cfg_0062,1297803718,True,A,True,M,STAFF SUSTAINABILITY,A. Staff sustainability.,A. Staff sustainability.
train_0062__q_at_oa_vs_p_at_oa,train_cfg_0062,3842572640,True,B,True,M,STAFF SUSTAINABILITY,<B>. Staff sustainability.,<B>. Staff sustainability.
train_0062__q_at_oa_vs_p_at_oa,train_cfg_0062,2570961955,True,B,True,M,STAFF SUSTAINABILITY,<B>. Staff sustainability.,<B>. Staff sustainability.
train_0062__q_at_oa_vs_p_at_oa,train_cfg_0062,3414709072,True,B,True,M,STAFF SUSTAINABILITY,<B>. Staff sustainability.,<B>. Staff sustainability.
train_0062__p_at_ob_vs_q_at_ob,train_cfg_0062,3060501368,True,A,True,M,STAFF SUSTAINABILITY,A. Staff sustainability.,A. Staff sustainability.
train_0062__p_at_ob_vs_q_at_ob,train_cfg_0062,3579591032,True,A,True,M,STAFF SUSTAINABILITY,A. Staff sustainability.,A. Staff sustainability.
train_0062__p_at_ob_vs_q_at_ob,train_cfg_0062,556900636,True,A,True,M,STAFF SUSTAINABILITY,A. Staff sustainability.,A. Staff sustainability.
train_0062__q_at_ob_vs_p_at_ob,train_cfg_0062,2517786670,True,B,True,M,STAFF SUSTAINABILITY,<B>. Staff sustainability.,<B>. Staff sustainability.
train_0062__q_at_ob_vs_p_at_ob,train_cfg_0062,2600323263,True,B,True,M,STAFF SUSTAINABILITY,<B>. Staff sustainability.,<B>. Staff sustainability.
train_0062__q_at_ob_vs_p_at_ob,train_cfg_0062,3233411213,True,B,True,M,STAFF SUSTAINABILITY,<B>. Staff sustainability.,<B>. Staff sustainability.
train_0063__p_at_oa_vs_q_at_oa,train_cfg_0063,981421675,True,B,True,T,THREAT REDUCTION,<B>. Threat reduction.,<B>. Threat reduction.
train_0063__p_at_oa_vs_q_at_oa,train_cfg_0063,513975603,True,B,True,T,THREAT REDUCTION,<B>. Threat reduction.,<B>. Threat reduction.
train_0063__p_at_oa_vs_q_at_oa,train_cfg_0063,2690355917,True,B,True,T,THREAT REDUCTION,<B>. Threat reduction.,<B>. Threat reduction.
train_0063__q_at_oa_vs_p_at_oa,train_cfg_0063,2418338219,True,B,True,D,DEPLOYMENT SPEED,<B>. Deployment speed.,<B>. Deployment speed.
train_0063__q_at_oa_vs_p_at_oa,train_cfg_0063,1145275838,True,B,True,D,DEPLOYMENT SPEED,<B>. Deployment speed.,<B>. Deployment speed.
train_0063__q_at_oa_vs_p_at_oa,train_cfg_0063,2249876305,True,B,True,D,DEPLOYMENT SPEED,<B>. Deployment speed.,<B>. Deployment speed.
train_0063__p_at_ob_vs_q_at_ob,train_cfg_0063,3679951076,True,B,True,T,THREAT REDUCTION,<B>. Threat reduction.,<B>. Threat reduction.
train_0063__p_at_ob_vs_q_at_ob,train_cfg_0063,1253487910,True,B,True,T,THREAT REDUCTION,<B>. Threat reduction.,<B>. Threat reduction.
train_0063__p_at_ob_vs_q_at_ob,train_cfg_0063,1753880099,True,B,True,T,THREAT REDUCTION,<B>. Threat reduction.,<B>. Threat reduction.
train_0063__q_at_ob_vs_p_at_ob,train_cfg_0063,115302430,True,A,True,T,THREAT REDUCTION,A. Threat reduction.,A. Threat reduction.
train_0063__q_at_ob_vs_p_at_ob,train_cfg_0063,3736720303,True,A,True,T,THREAT REDUCTION,A. Threat reduction.,A. Threat reduction.
train_0063__q_at_ob_vs_p_at_ob,train_cfg_0063,2213376313,True,A,True,T,THREAT REDUCTION,A. Threat reduction.,A. Threat reduction.
train_0064__p_at_oa_vs_q_at_oa,train_cfg_0064,1466569919,True,B,True,C,SERVICE CONTINUITY,<B>. Service continuity.,<B>. Service continuity.
train_0064__p_at_oa_vs_q_at_oa,train_cfg_0064,1328830511,True,B,True,C,SERVICE CONTINUITY,<B>. Service continuity.,<B>. Service continuity.
train_0064__p_at_oa_vs_q_at_oa,train_cfg_0064,1980786927,True,B,True,C,SERVICE CONTINUITY,<B>. Service continuity.,<B>. Service continuity.
train_0064__q_at_oa_vs_p_at_oa,train_cfg_0064,1195372759,True,A,True,C,SERVICE CONTINUITY,A. Service continuity.,A. Service continuity.
train_0064__q_at_oa_vs_p_at_oa,train_cfg_0064,1641952562,True,A,True,C,SERVICE CONTINUITY,A. Service continuity.,A. Service continuity.
train_0064__q_at_oa_vs_p_at_oa,train_cfg_0064,2431617880,True,A,True,C,SERVICE CONTINUITY,A. Service continuity.,A. Service continuity.
train_0064__p_at_ob_vs_q_at_ob,train_cfg_0064,2619212948,True,B,True,D,DEPLOYMENT SPEED,<B>. Deployment speed.,<B>. Deployment speed.
train_0064__p_at_ob_vs_q_at_ob,train_cfg_0064,3734114206,True,A,True,M,STAFF SUSTAINABILITY,A. Staff sustainability.,A. Staff sustainability.
train_0064__p_at_ob_vs_q_at_ob,train_cfg_0064,608085287,True,B,True,D,DEPLOYMENT SPEED,<B>. Deployment speed.,<B>. Deployment speed.
train_0064__q_at_ob_vs_p_at_ob,train_cfg_0064,143754933,True,B,True,M,STAFF SUSTAINABILITY,<B>. Staff sustainability.,<B>. Staff sustainability.
train_0064__q_at_ob_vs_p_at_ob,train_cfg_0064,1550975149,True,B,True,M,STAFF SUSTAINABILITY,<B>. Staff sustainability.,<B>. Staff sustainability.
train_0064__q_at_ob_vs_p_at_ob,train_cfg_0064,1017502026,True,B,True,M,STAFF SUSTAINABILITY,<B>. Staff sustainability.,<B>. Staff sustainability.
train_0065__p_at_oa_vs_q_at_oa,train_cfg_0065,714790515,True,B,True,T,THREAT REDUCTION,<B>. Threat reduction.,<B>. Threat reduction.
train_0065__p_at_oa_vs_q_at_oa,train_cfg_0065,2954962565,True,B,True,T,THREAT REDUCTION,<B>. Threat reduction.,<B>. Threat reduction.
train_0065__p_at_oa_vs_q_at_oa,train_cfg_0065,3695052605,True,B,True,T,THREAT REDUCTION,<B>. Threat reduction.,<B>. Threat reduction.
train_0065__q_at_oa_vs_p_at_oa,train_cfg_0065,3359995592,True,A,True,T,THREAT REDUCTION,A. Threat reduction.,A. Threat reduction.
train_0065__q_at_oa_vs_p_at_oa,train_cfg_0065,914233632,True,A,True,T,THREAT REDUCTION,A. Threat reduction.,A. Threat reduction.
train_0065__q_at_oa_vs_p_at_oa,train_cfg_0065,2567548536,True,A,True,T,THREAT REDUCTION,A. Threat reduction.,A. Threat reduction.
train_0065__p_at_ob_vs_q_at_ob,train_cfg_0065,2434186419,True,B,True,A,AUDIT READINESS,<B>. Audit readiness.,<B>. Audit readiness.
train_0065__p_at_ob_vs_q_at_ob,train_cfg_0065,1066825220,True,B,True,A,AUDIT READINESS,<B>. Audit readiness.,<B>. Audit readiness.
train_0065__p_at_ob_vs_q_at_ob,train_cfg_0065,1663733283,True,B,True,A,AUDIT READINESS,<B>. Audit readiness.,<B>. Audit readiness.
train_0065__q_at_ob_vs_p_at_ob,train_cfg_0065,1050498305,True,A,True,C,SERVICE CONTINUITY,A. Service continuity.,A. Service continuity.
train_0065__q_at_ob_vs_p_at_ob,train_cfg_0065,3137151006,True,B,True,C,SERVICE CONTINUITY,<B>. Service continuity.,<B>. Service continuity.
train_0065__q_at_ob_vs_p_at_ob,train_cfg_0065,3961677883,True,B,True,C,SERVICE CONTINUITY,<B>. Service continuity.,<B>. Service continuity.
train_0066__p_at_oa_vs_q_at_oa,train_cfg_0066,2264637470,True,B,True,T,THREAT REDUCTION,<B>. Threat reduction.,<B>. Threat reduction.
train_0066__p_at_oa_vs_q_at_oa,train_cfg_0066,202676377,True,B,True,T,THREAT REDUCTION,<B>. Threat reduction.,<B>. Threat reduction.
train_0066__p_at_oa_vs_q_at_oa,train_cfg_0066,2422704024,True,B,True,T,THREAT REDUCTION,<B>. Threat reduction.,<B>. Threat reduction.
train_0066__q_at_oa_vs_p_at_oa,train_cfg_0066,1795640047,True,A,True,T,THREAT REDUCTION,A. Threat reduction.,A. Threat reduction.
train_0066__q_at_oa_vs_p_at_oa,train_cfg_0066,954743884,True,A,True,T,THREAT REDUCTION,A. Threat reduction.,A. Threat reduction.
train_0066__q_at_oa_vs_p_at_oa,train_cfg_0066,3686799701,True,A,True,T,THREAT REDUCTION,A. Threat reduction.,A. Threat reduction.
train_0066__p_at_ob_vs_q_at_ob,train_cfg_0066,1974044571,True,B,True,T,THREAT REDUCTION,<B>. Threat reduction.,<B>. Threat reduction.
train_0066__p_at_ob_vs_q_at_ob,train_cfg_0066,74237703,True,B,True,T,THREAT REDUCTION,<B>. Threat reduction.,<B>. Threat reduction.
train_0066__p_at_ob_vs_q_at_ob,train_cfg_0066,3680418753,True,B,True,T,THREAT REDUCTION,<B>. Threat reduction.,<B>. Threat reduction.
train_0066__q_at_ob_vs_p_at_ob,train_cfg_0066,989639994,True,A,True,T,THREAT REDUCTION,A. Threat reduction.,A. Threat reduction.
train_0066__q_at_ob_vs_p_at_ob,train_cfg_0066,3245534619,True,A,True,T,THREAT REDUCTION,A. Threat reduction.,A. Threat reduction.
train_0066__q_at_ob_vs_p_at_ob,train_cfg_0066,388809011,True,A,True,T,THREAT REDUCTION,A. Threat reduction.,A. Threat reduction.
train_0067__p_at_oa_vs_q_at_oa,train_cfg_0067,1263768675,True,B,True,T,THREAT REDUCTION,<B>. Threat reduction.,<B>. Threat reduction.
train_0067__p_at_oa_vs_q_at_oa,train_cfg_0067,4231845381,True,B,True,T,THREAT REDUCTION,<B>. Threat reduction.,<B>. Threat reduction.
train_0067__p_at_oa_vs_q_at_oa,train_cfg_0067,915203605,True,B,True,T,THREAT REDUCTION,<B>. Threat reduction.,<B>. Threat reduction.
train_0067__q_at_oa_vs_p_at_oa,train_cfg_0067,4081301327,True,A,True,T,THREAT REDUCTION,A. Threat reduction.,A. Threat reduction.
train_0067__q_at_oa_vs_p_at_oa,train_cfg_0067,2124376192,True,A,True,T,THREAT REDUCTION,A. Threat reduction.,A. Threat reduction.
train_0067__q_at_oa_vs_p_at_oa,train_cfg_0067,1514236638,True,A,True,T,THREAT REDUCTION,A. Threat reduction.,A. Threat reduction.
train_0067__p_at_ob_vs_q_at_ob,train_cfg_0067,1646077959,True,B,True,T,THREAT REDUCTION,<B>. Threat reduction.,<B>. Threat reduction.
train_0067__p_at_ob_vs_q_at_ob,train_cfg_0067,1292296170,True,B,True,T,THREAT REDUCTION,<B>. Threat reduction.,<B>. Threat reduction.
train_0067__p_at_ob_vs_q_at_ob,train_cfg_0067,3209542616,True,B,True,T,THREAT REDUCTION,<B>. Threat reduction.,<B>. Threat reduction.
train_0067__q_at_ob_vs_p_at_ob,train_cfg_0067,3726847406,True,A,True,T,THREAT REDUCTION,A. Threat reduction.,A. Threat reduction.
train_0067__q_at_ob_vs_p_at_ob,train_cfg_0067,3880194203,True,A,True,T,THREAT REDUCTION,A. Threat reduction.,A. Threat reduction.
train_0067__q_at_ob_vs_p_at_ob,train_cfg_0067,3393012452,True,A,True,T,THREAT REDUCTION,A. Threat reduction.,A. Threat reduction.
train_0068__p_at_oa_vs_q_at_oa,train_cfg_0068,1112762448,True,B,True,C,SERVICE CONTINUITY,<B>. Service continuity.,<B>. Service continuity.
train_0068__p_at_oa_vs_q_at_oa,train_cfg_0068,1768279306,True,B,True,C,SERVICE CONTINUITY,<B>. Service continuity.,<B>. Service continuity.
train_0068__p_at_oa_vs_q_at_oa,train_cfg_0068,1134338328,True,B,True,C,SERVICE CONTINUITY,<B>. Service continuity.,<B>. Service continuity.
train_0068__q_at_oa_vs_p_at_oa,train_cfg_0068,992898998,True,A,True,C,SERVICE CONTINUITY,A. Service continuity.,A. Service continuity.
train_0068__q_at_oa_vs_p_at_oa,train_cfg_0068,2997251696,True,A,True,C,SERVICE CONTINUITY,A. Service continuity.,A. Service continuity.
train_0068__q_at_oa_vs_p_at_oa,train_cfg_0068,3838208816,True,A,True,C,SERVICE CONTINUITY,A. Service continuity.,A. Service continuity.
train_0068__p_at_ob_vs_q_at_ob,train_cfg_0068,3377019316,True,B,True,C,SERVICE CONTINUITY,<B>. Service continuity.,<B>. Service continuity.
train_0068__p_at_ob_vs_q_at_ob,train_cfg_0068,1884740999,True,B,True,C,SERVICE CONTINUITY,<B>. Service continuity.,<B>. Service continuity.
train_0068__p_at_ob_vs_q_at_ob,train_cfg_0068,3841708530,True,B,True,C,SERVICE CONTINUITY,<B>. Service continuity.,<B>. Service continuity.
train_0068__q_at_ob_vs_p_at_ob,train_cfg_0068,1730324450,True,A,True,C,SERVICE CONTINUITY,A. Service continuity.,A. Service continuity.
train_0068__q_at_ob_vs_p_at_ob,train_cfg_0068,3120721062,True,A,True,C,SERVICE CONTINUITY,A. Service continuity.,A. Service continuity.
train_0068__q_at_ob_vs_p_at_ob,train_cfg_0068,2666815442,True,A,True,C,SERVICE CONTINUITY,A. Service continuity.,A. Service continuity.
train_0069__p_at_oa_vs_q_at_oa,train_cfg_0069,1820600425,True,B,True,T,THREAT REDUCTION,<B>. Threat reduction.,<B>. Threat reduction.
train_0069__p_at_oa_vs_q_at_oa,train_cfg_0069,3586527224,True,B,True,T,THREAT REDUCTION,<B>. Threat reduction.,<B>. Threat reduction.
train_0069__p_at_oa_vs_q_at_oa,train_cfg_0069,4274739173,True,B,True,T,THREAT REDUCTION,B. Threat reduction.,B. Threat reduction.
train_0069__q_at_oa_vs_p_at_oa,train_cfg_0069,2598330343,True,B,True,M,STAFF SUSTAINABILITY,<B>. Staff sustainability.,<B>. Staff sustainability.
train_0069__q_at_oa_vs_p_at_oa,train_cfg_0069,2794687908,True,B,True,M,STAFF SUSTAINABILITY,B. Staff sustainability.,B. Staff sustainability.
train_0069__q_at_oa_vs_p_at_oa,train_cfg_0069,290407363,True,B,True,M,STAFF SUSTAINABILITY,B. Staff sustainability.,B. Staff sustainability.
train_0069__p_at_ob_vs_q_at_ob,train_cfg_0069,3822252898,True,A,True,M,STAFF SUSTAINABILITY,A. Staff sustainability.,A. Staff sustainability.
train_0069__p_at_ob_vs_q_at_ob,train_cfg_0069,2153976994,True,A,True,M,STAFF SUSTAINABILITY,A. Staff sustainability.,A. Staff sustainability.
train_0069__p_at_ob_vs_q_at_ob,train_cfg_0069,292911574,True,A,True,M,STAFF SUSTAINABILITY,A. Staff sustainability.,A. Staff sustainability.
train_0069__q_at_ob_vs_p_at_ob,train_cfg_0069,373590726,True,B,True,M,STAFF SUSTAINABILITY,B. Staff sustainability.,B. Staff sustainability.
train_0069__q_at_ob_vs_p_at_ob,train_cfg_0069,2951840942,True,B,True,M,STAFF SUSTAINABILITY,<B>. Staff sustainability.,<B>. Staff sustainability.
train_0069__q_at_ob_vs_p_at_ob,train_cfg_0069,2155811415,True,B,True,M,STAFF SUSTAINABILITY,B. Staff sustainability.,B. Staff sustainability.
train_0070__p_at_oa_vs_q_at_oa,train_cfg_0070,564620830,True,B,True,T,THREAT REDUCTION,<B>. Threat reduction.,<B>. Threat reduction.
train_0070__p_at_oa_vs_q_at_oa,train_cfg_0070,3426919101,True,B,True,T,THREAT REDUCTION,<B>. Threat reduction.,<B>. Threat reduction.
train_0070__p_at_oa_vs_q_at_oa,train_cfg_0070,3498620853,True,B,True,T,THREAT REDUCTION,<B>. Threat reduction.,<B>. Threat reduction.
train_0070__q_at_oa_vs_p_at_oa,train_cfg_0070,205084909,True,A,True,T,THREAT REDUCTION,A. Threat reduction.,A. Threat reduction.
train_0070__q_at_oa_vs_p_at_oa,train_cfg_0070,2892849337,True,A,True,T,THREAT REDUCTION,A. Threat reduction.,A. Threat reduction.
train_0070__q_at_oa_vs_p_at_oa,train_cfg_0070,902289855,True,A,True,T,THREAT REDUCTION,A. Threat reduction.,A. Threat reduction.
train_0070__p_at_ob_vs_q_at_ob,train_cfg_0070,139068715,True,B,True,T,THREAT REDUCTION,<B>. Threat reduction.,<B>. Threat reduction.
train_0070__p_at_ob_vs_q_at_ob,train_cfg_0070,1728413020,True,B,True,T,THREAT REDUCTION,<B>. Threat reduction.,<B>. Threat reduction.
train_0070__p_at_ob_vs_q_at_ob,train_cfg_0070,1050391218,True,B,True,T,THREAT REDUCTION,<B>. Threat reduction.,<B>. Threat reduction.
train_0070__q_at_ob_vs_p_at_ob,train_cfg_0070,3082159349,True,B,True,C,SERVICE CONTINUITY,<B>. Service continuity.,<B>. Service continuity.
train_0070__q_at_ob_vs_p_at_ob,train_cfg_0070,1924440255,True,B,True,C,SERVICE CONTINUITY,<B>. Service continuity.,<B>. Service continuity.
train_0070__q_at_ob_vs_p_at_ob,train_cfg_0070,3607834093,True,B,True,C,SERVICE CONTINUITY,<B>. Service continuity.,<B>. Service continuity.
train_0071__p_at_oa_vs_q_at_oa,train_cfg_0071,662301123,True,B,True,T,THREAT REDUCTION,<B>. Threat reduction.,<B>. Threat reduction.
train_0071__p_at_oa_vs_q_at_oa,train_cfg_0071,3369221992,True,B,True,T,THREAT REDUCTION,<B>. Threat reduction.,<B>. Threat reduction.
train_0071__p_at_oa_vs_q_at_oa,train_cfg_0071,4145313771,True,B,True,T,THREAT REDUCTION,<B>. Threat reduction.,<B>. Threat reduction.
train_0071__q_at_oa_vs_p_at_oa,train_cfg_0071,1363676722,True,B,True,M,STAFF SUSTAINABILITY,<B>. Staff sustainability.,<B>. Staff sustainability.
train_0071__q_at_oa_vs_p_at_oa,train_cfg_0071,3261296182,True,B,True,M,STAFF SUSTAINABILITY,<B>. Staff sustainability.,<B>. Staff sustainability.
train_0071__q_at_oa_vs_p_at_oa,train_cfg_0071,2039379610,True,B,True,M,STAFF SUSTAINABILITY,<B>. Staff sustainability.,<B>. Staff sustainability.
train_0071__p_at_ob_vs_q_at_ob,train_cfg_0071,1881439616,True,B,True,T,THREAT REDUCTION,<B>. Threat reduction.,<B>. Threat reduction.
train_0071__p_at_ob_vs_q_at_ob,train_cfg_0071,3845086892,True,B,True,T,THREAT REDUCTION,<B>. Threat reduction.,<B>. Threat reduction.
train_0071__p_at_ob_vs_q_at_ob,train_cfg_0071,2329188416,True,B,True,T,THREAT REDUCTION,<B>. Threat reduction.,<B>. Threat reduction.
train_0071__q_at_ob_vs_p_at_ob,train_cfg_0071,2574970982,True,A,True,T,THREAT REDUCTION,A. Threat reduction.,A. Threat reduction.
train_0071__q_at_ob_vs_p_at_ob,train_cfg_0071,240410424,True,A,True,T,THREAT REDUCTION,A. Threat reduction.,A. Threat reduction.
train_0071__q_at_ob_vs_p_at_ob,train_cfg_0071,3605201571,True,A,True,T,THREAT REDUCTION,A. Threat reduction.,A. Threat reduction.
train_0072__p_at_oa_vs_q_at_oa,train_cfg_0072,947440818,True,B,True,T,THREAT REDUCTION,<B>. Threat reduction.,<B>. Threat reduction.
train_0072__p_at_oa_vs_q_at_oa,train_cfg_0072,842572206,True,B,True,T,THREAT REDUCTION,<B>. Threat reduction.,<B>. Threat reduction.
train_0072__p_at_oa_vs_q_at_oa,train_cfg_0072,2375525495,True,B,True,T,THREAT REDUCTION,B. Threat reduction.,B. Threat reduction.
train_0072__q_at_oa_vs_p_at_oa,train_cfg_0072,525565779,True,A,True,T,THREAT REDUCTION,A. Threat reduction.,A. Threat reduction.
train_0072__q_at_oa_vs_p_at_oa,train_cfg_0072,513769765,True,A,True,T,THREAT REDUCTION,A. Threat reduction.,A. Threat reduction.
train_0072__q_at_oa_vs_p_at_oa,train_cfg_0072,1143222301,True,A,True,T,THREAT REDUCTION,A. Threat reduction.,A. Threat reduction.
train_0072__p_at_ob_vs_q_at_ob,train_cfg_0072,669259640,True,B,True,T,THREAT REDUCTION,<B>. Threat reduction.,<B>. Threat reduction.
train_0072__p_at_ob_vs_q_at_ob,train_cfg_0072,3497458429,True,B,True,T,THREAT REDUCTION,B. Threat reduction.,B. Threat reduction.
train_0072__p_at_ob_vs_q_at_ob,train_cfg_0072,4089742522,True,B,True,T,THREAT REDUCTION,<B>. Threat reduction.,<B>. Threat reduction.
train_0072__q_at_ob_vs_p_at_ob,train_cfg_0072,363253253,True,A,True,M,STAFF SUSTAINABILITY,A. Staff sustainability.,A. Staff sustainability.
train_0072__q_at_ob_vs_p_at_ob,train_cfg_0072,2861903298,True,A,True,M,STAFF SUSTAINABILITY,A. Staff sustainability.,A. Staff sustainability.
train_0072__q_at_ob_vs_p_at_ob,train_cfg_0072,54522709,True,A,True,M,STAFF SUSTAINABILITY,A. Staff sustainability.,A. Staff sustainability.
train_0073__p_at_oa_vs_q_at_oa,train_cfg_0073,2243389565,True,A,True,M,STAFF SUSTAINABILITY,A. Staff sustainability.,A. Staff sustainability.
train_0073__p_at_oa_vs_q_at_oa,train_cfg_0073,690008280,True,A,True,M,STAFF SUSTAINABILITY,A. Staff sustainability.,A. Staff sustainability.
train_0073__p_at_oa_vs_q_at_oa,train_cfg_0073,689582608,True,A,True,M,STAFF SUSTAINABILITY,A. Staff sustainability.,A. Staff sustainability.
train_0073__q_at_oa_vs_p_at_oa,train_cfg_0073,1142334523,True,B,True,M,STAFF SUSTAINABILITY,<B>. Staff sustainability.,<B>. Staff sustainability.
train_0073__q_at_oa_vs_p_at_oa,train_cfg_0073,3743477938,True,B,True,M,STAFF SUSTAINABILITY,<B>. Staff sustainability.,<B>. Staff sustainability.
train_0073__q_at_oa_vs_p_at_oa,train_cfg_0073,2853583337,True,B,True,M,STAFF SUSTAINABILITY,<B>. Staff sustainability.,<B>. Staff sustainability.
train_0073__p_at_ob_vs_q_at_ob,train_cfg_0073,2194439485,True,A,True,M,STAFF SUSTAINABILITY,A. Staff sustainability.,A. Staff sustainability.
train_0073__p_at_ob_vs_q_at_ob,train_cfg_0073,1329181408,True,A,True,M,STAFF SUSTAINABILITY,A. Staff sustainability.,A. Staff sustainability.
train_0073__p_at_ob_vs_q_at_ob,train_cfg_0073,3180423100,True,A,True,M,STAFF SUSTAINABILITY,A. Staff sustainability.,A. Staff sustainability.
train_0073__q_at_ob_vs_p_at_ob,train_cfg_0073,1541682051,True,B,True,C,SERVICE CONTINUITY,<B>. Service continuity.,<B>. Service continuity.
train_0073__q_at_ob_vs_p_at_ob,train_cfg_0073,3970928887,True,B,True,C,SERVICE CONTINUITY,<B>. Service continuity.,<B>. Service continuity.
train_0073__q_at_ob_vs_p_at_ob,train_cfg_0073,3123514834,True,B,True,C,SERVICE CONTINUITY,<B>. Service continuity.,<B>. Service continuity.
train_0074__p_at_oa_vs_q_at_oa,train_cfg_0074,2010087993,True,B,True,C,SERVICE CONTINUITY,<B>. Service continuity.,<B>. Service continuity.
train_0074__p_at_oa_vs_q_at_oa,train_cfg_0074,3815445252,True,B,True,C,SERVICE CONTINUITY,<B>. Service continuity.,<B>. Service continuity.
train_0074__p_at_oa_vs_q_at_oa,train_cfg_0074,2248845801,True,B,True,C,SERVICE CONTINUITY,<B>. Service continuity.,<B>. Service continuity.
train_0074__q_at_oa_vs_p_at_oa,train_cfg_0074,756555114,True,A,True,A,AUDIT READINESS,A. Audit readiness.,A. Audit readiness.
train_0074__q_at_oa_vs_p_at_oa,train_cfg_0074,1170376010,True,A,True,C,SERVICE CONTINUITY,A. Service continuity.,A. Service continuity.
train_0074__q_at_oa_vs_p_at_oa,train_cfg_0074,2991898431,True,A,True,C,SERVICE CONTINUITY,A. Service continuity.,A. Service continuity.
train_0074__p_at_ob_vs_q_at_ob,train_cfg_0074,7066014,True,B,True,A,AUDIT READINESS,<B>. Audit readiness.,<B>. Audit readiness.
train_0074__p_at_ob_vs_q_at_ob,train_cfg_0074,1830700396,True,B,True,A,AUDIT READINESS,<B>. Audit readiness.,<B>. Audit readiness.
train_0074__p_at_ob_vs_q_at_ob,train_cfg_0074,2342781629,True,B,True,A,AUDIT READINESS,<B>. Audit readiness.,<B>. Audit readiness.
train_0074__q_at_ob_vs_p_at_ob,train_cfg_0074,3037993506,True,A,True,C,SERVICE CONTINUITY,A. Service continuity.,A. Service continuity.
train_0074__q_at_ob_vs_p_at_ob,train_cfg_0074,1010162540,True,A,True,C,SERVICE CONTINUITY,A. Service continuity.,A. Service continuity.
train_0074__q_at_ob_vs_p_at_ob,train_cfg_0074,520451890,True,A,True,C,SERVICE CONTINUITY,A. Service continuity.,A. Service continuity.
train_0075__p_at_oa_vs_q_at_oa,train_cfg_0075,3905916548,True,A,True,M,STAFF SUSTAINABILITY,A. Staff sustainability.,A. Staff sustainability.
train_0075__p_at_oa_vs_q_at_oa,train_cfg_0075,1410363124,True,A,True,M,STAFF SUSTAINABILITY,A. Staff sustainability.,A. Staff sustainability.
train_0075__p_at_oa_vs_q_at_oa,train_cfg_0075,2593961027,True,A,True,M,STAFF SUSTAINABILITY,A. Staff sustainability.,A. Staff sustainability.
train_0075__q_at_oa_vs_p_at_oa,train_cfg_0075,3204532835,True,B,True,M,STAFF SUSTAINABILITY,<B>. Staff sustainability.,<B>. Staff sustainability.
train_0075__q_at_oa_vs_p_at_oa,train_cfg_0075,3008060741,True,B,True,M,STAFF SUSTAINABILITY,<B>. Staff sustainability.,<B>. Staff sustainability.
train_0075__q_at_oa_vs_p_at_oa,train_cfg_0075,3176279939,True,B,True,M,STAFF SUSTAINABILITY,<B>. Staff sustainability.,<B>. Staff sustainability.
train_0075__p_at_ob_vs_q_at_ob,train_cfg_0075,892928571,True,A,True,C,SERVICE CONTINUITY,A. Service continuity.,A. Service continuity.
train_0075__p_at_ob_vs_q_at_ob,train_cfg_0075,729780277,True,A,True,M,STAFF SUSTAINABILITY,A. Staff sustainability.,A. Staff sustainability.
train_0075__p_at_ob_vs_q_at_ob,train_cfg_0075,337255772,True,A,True,C,SERVICE CONTINUITY,A. Service continuity.,A. Service continuity.
train_0075__q_at_ob_vs_p_at_ob,train_cfg_0075,1706169788,True,B,True,M,STAFF SUSTAINABILITY,<B>. Staff sustainability.,<B>. Staff sustainability.
train_0075__q_at_ob_vs_p_at_ob,train_cfg_0075,2690293598,True,B,True,M,STAFF SUSTAINABILITY,<B>. Staff sustainability.,<B>. Staff sustainability.
train_0075__q_at_ob_vs_p_at_ob,train_cfg_0075,2611745962,True,B,True,M,STAFF SUSTAINABILITY,<B>. Staff sustainability.,<B>. Staff sustainability.
train_0076__p_at_oa_vs_q_at_oa,train_cfg_0076,2959328485,True,B,True,C,SERVICE CONTINUITY,<B>. Service continuity.,<B>. Service continuity.
train_0076__p_at_oa_vs_q_at_oa,train_cfg_0076,1743562349,True,B,True,C,SERVICE CONTINUITY,<B>. Service continuity.,<B>. Service continuity.
train_0076__p_at_oa_vs_q_at_oa,train_cfg_0076,3375264385,True,B,True,C,SERVICE CONTINUITY,<B>. Service continuity.,<B>. Service continuity.
train_0076__q_at_oa_vs_p_at_oa,train_cfg_0076,683911355,True,A,True,C,SERVICE CONTINUITY,A. Service continuity.,A. Service continuity.
train_0076__q_at_oa_vs_p_at_oa,train_cfg_0076,730313060,True,A,True,C,SERVICE CONTINUITY,A. Service continuity.,A. Service continuity.
train_0076__q_at_oa_vs_p_at_oa,train_cfg_0076,109447330,True,A,True,C,SERVICE CONTINUITY,A. Service continuity.,A. Service continuity.
train_0076__p_at_ob_vs_q_at_ob,train_cfg_0076,781036742,True,B,True,C,SERVICE CONTINUITY,<B>. Service continuity.,<B>. Service continuity.
train_0076__p_at_ob_vs_q_at_ob,train_cfg_0076,3050432819,True,B,True,C,SERVICE CONTINUITY,<B>. Service continuity.,<B>. Service continuity.
train_0076__p_at_ob_vs_q_at_ob,train_cfg_0076,3574298200,True,B,True,C,SERVICE CONTINUITY,<B>. Service continuity.,<B>. Service continuity.
train_0076__q_at_ob_vs_p_at_ob,train_cfg_0076,4061794167,True,A,True,C,SERVICE CONTINUITY,A. Service continuity.,A. Service continuity.
train_0076__q_at_ob_vs_p_at_ob,train_cfg_0076,215851553,True,A,True,C,SERVICE CONTINUITY,A. Service continuity.,A. Service continuity.
train_0076__q_at_ob_vs_p_at_ob,train_cfg_0076,3406273495,True,A,True,C,SERVICE CONTINUITY,A. Service continuity.,A. Service continuity.
train_0077__p_at_oa_vs_q_at_oa,train_cfg_0077,4089860166,True,B,True,C,SERVICE CONTINUITY,<B>. Service continuity.,<B>. Service continuity.
train_0077__p_at_oa_vs_q_at_oa,train_cfg_0077,975496925,True,B,True,C,SERVICE CONTINUITY,<B>. Service continuity.,<B>. Service continuity.
train_0077__p_at_oa_vs_q_at_oa,train_cfg_0077,3033280897,True,B,True,C,SERVICE CONTINUITY,<B>. Service continuity.,<B>. Service continuity.
train_0077__q_at_oa_vs_p_at_oa,train_cfg_0077,3160900576,True,A,True,C,SERVICE CONTINUITY,A. Service continuity.,A. Service continuity.
train_0077__q_at_oa_vs_p_at_oa,train_cfg_0077,4153022007,True,A,True,C,SERVICE CONTINUITY,A. Service continuity.,A. Service continuity.
train_0077__q_at_oa_vs_p_at_oa,train_cfg_0077,3792930516,True,A,True,C,SERVICE CONTINUITY,A. Service continuity.,A. Service continuity.
train_0077__p_at_ob_vs_q_at_ob,train_cfg_0077,454389200,True,B,True,C,SERVICE CONTINUITY,<B>. Service continuity.,<B>. Service continuity.
train_0077__p_at_ob_vs_q_at_ob,train_cfg_0077,1581623318,True,B,True,C,SERVICE CONTINUITY,<B>. Service continuity.,<B>. Service continuity.
train_0077__p_at_ob_vs_q_at_ob,train_cfg_0077,3990253495,True,B,True,C,SERVICE CONTINUITY,<B>. Service continuity.,<B>. Service continuity.
train_0077__q_at_ob_vs_p_at_ob,train_cfg_0077,3577450473,True,A,True,C,SERVICE CONTINUITY,A. Service continuity.,A. Service continuity.
train_0077__q_at_ob_vs_p_at_ob,train_cfg_0077,2493059691,True,A,True,C,SERVICE CONTINUITY,A. Service continuity.,A. Service continuity.
train_0077__q_at_ob_vs_p_at_ob,train_cfg_0077,3976441894,True,A,True,C,SERVICE CONTINUITY,A. Service continuity.,A. Service continuity.
train_0078__p_at_oa_vs_q_at_oa,train_cfg_0078,2452767324,True,B,True,M,STAFF SUSTAINABILITY,<B>. Staff sustainability.,<B>. Staff sustainability.
train_0078__p_at_oa_vs_q_at_oa,train_cfg_0078,4196194543,True,B,True,M,STAFF SUSTAINABILITY,<B>. Staff sustainability.,<B>. Staff sustainability.
train_0078__p_at_oa_vs_q_at_oa,train_cfg_0078,1845736833,True,B,True,M,STAFF SUSTAINABILITY,<B>. Staff sustainability.,<B>. Staff sustainability.
train_0078__q_at_oa_vs_p_at_oa,train_cfg_0078,2503166656,True,A,True,M,STAFF SUSTAINABILITY,A. Staff sustainability.,A. Staff sustainability.
train_0078__q_at_oa_vs_p_at_oa,train_cfg_0078,1288939696,True,A,True,M,STAFF SUSTAINABILITY,A. Staff sustainability.,A. Staff sustainability.
train_0078__q_at_oa_vs_p_at_oa,train_cfg_0078,2244766257,True,A,True,M,STAFF SUSTAINABILITY,A. Staff sustainability.,A. Staff sustainability.
train_0078__p_at_ob_vs_q_at_ob,train_cfg_0078,1297838787,True,B,True,M,STAFF SUSTAINABILITY,<B>. Staff sustainability.,<B>. Staff sustainability.
train_0078__p_at_ob_vs_q_at_ob,train_cfg_0078,293192335,True,B,True,M,STAFF SUSTAINABILITY,<B>. Staff sustainability.,<B>. Staff sustainability.
train_0078__p_at_ob_vs_q_at_ob,train_cfg_0078,1714525364,True,B,True,M,STAFF SUSTAINABILITY,<B>. Staff sustainability.,<B>. Staff sustainability.
train_0078__q_at_ob_vs_p_at_ob,train_cfg_0078,841222603,True,A,True,M,STAFF SUSTAINABILITY,A. Staff sustainability.,A. Staff sustainability.
train_0078__q_at_ob_vs_p_at_ob,train_cfg_0078,713097826,True,A,True,M,STAFF SUSTAINABILITY,A. Staff sustainability.,A. Staff sustainability.
train_0078__q_at_ob_vs_p_at_ob,train_cfg_0078,3190364695,True,A,True,M,STAFF SUSTAINABILITY,A. Staff sustainability.,A. Staff sustainability.
train_0079__p_at_oa_vs_q_at_oa,train_cfg_0079,2597744684,True,B,True,M,STAFF SUSTAINABILITY,<B>. Staff sustainability.,<B>. Staff sustainability.
train_0079__p_at_oa_vs_q_at_oa,train_cfg_0079,1515920500,True,B,True,M,STAFF SUSTAINABILITY,<B>. Staff sustainability.,<B>. Staff sustainability.
train_0079__p_at_oa_vs_q_at_oa,train_cfg_0079,443351570,True,B,True,M,STAFF SUSTAINABILITY,<B>. Staff sustainability.,<B>. Staff sustainability.
train_0079__q_at_oa_vs_p_at_oa,train_cfg_0079,2463021339,True,A,True,M,STAFF SUSTAINABILITY,A. Staff sustainability.,A. Staff sustainability.
train_0079__q_at_oa_vs_p_at_oa,train_cfg_0079,3729521057,True,A,True,M,STAFF SUSTAINABILITY,A. Staff sustainability.,A. Staff sustainability.
train_0079__q_at_oa_vs_p_at_oa,train_cfg_0079,3203958526,True,A,True,M,STAFF SUSTAINABILITY,A. Staff sustainability.,A. Staff sustainability.
train_0079__p_at_ob_vs_q_at_ob,train_cfg_0079,2724292720,True,B,True,M,STAFF SUSTAINABILITY,<B>. Staff sustainability.,<B>. Staff sustainability.
train_0079__p_at_ob_vs_q_at_ob,train_cfg_0079,1202402181,True,B,True,M,STAFF SUSTAINABILITY,<B>. Staff sustainability.,<B>. Staff sustainability.
train_0079__p_at_ob_vs_q_at_ob,train_cfg_0079,1018107363,True,B,True,M,STAFF SUSTAINABILITY,<B>. Staff sustainability.,<B>. Staff sustainability.
train_0079__q_at_ob_vs_p_at_ob,train_cfg_0079,837123583,True,A,True,C,SERVICE CONTINUITY,A. Service continuity.,A. Service continuity.
train_0079__q_at_ob_vs_p_at_ob,train_cfg_0079,802431351,True,A,True,C,SERVICE CONTINUITY,A. Service continuity.,A. Service continuity.
train_0079__q_at_ob_vs_p_at_ob,train_cfg_0079,3335683888,True,A,True,C,SERVICE CONTINUITY,A. Service continuity.,A. Service continuity.
train_0080__p_at_oa_vs_q_at_oa,train_cfg_0080,1807849805,True,A,True,C,SERVICE CONTINUITY,A. Service continuity.,A. Service continuity.
train_0080__p_at_oa_vs_q_at_oa,train_cfg_0080,2917288451,True,A,True,C,SERVICE CONTINUITY,A. Service continuity.,A. Service continuity.
train_0080__p_at_oa_vs_q_at_oa,train_cfg_0080,1429833634,True,A,True,C,SERVICE CONTINUITY,A. Service continuity.,A. Service continuity.
train_0080__q_at_oa_vs_p_at_oa,train_cfg_0080,2065714899,True,B,True,M,STAFF SUSTAINABILITY,<B>. Staff sustainability.,<B>. Staff sustainability.
train_0080__q_at_oa_vs_p_at_oa,train_cfg_0080,2264569625,True,B,True,M,STAFF SUSTAINABILITY,<B>. Staff sustainability.,<B>. Staff sustainability.
train_0080__q_at_oa_vs_p_at_oa,train_cfg_0080,3362738999,True,B,True,M,STAFF SUSTAINABILITY,<B>. Staff sustainability.,<B>. Staff sustainability.
train_0080__p_at_ob_vs_q_at_ob,train_cfg_0080,4183921986,True,A,True,M,STAFF SUSTAINABILITY,A. Staff sustainability.,A. Staff sustainability.
train_0080__p_at_ob_vs_q_at_ob,train_cfg_0080,3056164702,True,A,True,M,STAFF SUSTAINABILITY,A. Staff sustainability.,A. Staff sustainability.
train_0080__p_at_ob_vs_q_at_ob,train_cfg_0080,4047576912,True,A,True,M,STAFF SUSTAINABILITY,A. Staff sustainability.,A. Staff sustainability.
train_0080__q_at_ob_vs_p_at_ob,train_cfg_0080,3365838193,True,B,True,C,SERVICE CONTINUITY,<B>. Service continuity.,<B>. Service continuity.
train_0080__q_at_ob_vs_p_at_ob,train_cfg_0080,3199094907,True,A,True,C,SERVICE CONTINUITY,A. Service continuity.,A. Service continuity.
train_0080__q_at_ob_vs_p_at_ob,train_cfg_0080,468960471,True,A,True,C,SERVICE CONTINUITY,A. Service continuity.,A. Service continuity.
train_0081__p_at_oa_vs_q_at_oa,train_cfg_0081,3061408740,True,B,True,D,DEPLOYMENT SPEED,<B>. Deployment speed.,<B>. Deployment speed.
train_0081__p_at_oa_vs_q_at_oa,train_cfg_0081,1508825501,True,B,True,D,DEPLOYMENT SPEED,<B>. Deployment speed.,<B>. Deployment speed.
train_0081__p_at_oa_vs_q_at_oa,train_cfg_0081,917363577,True,B,True,D,DEPLOYMENT SPEED,<B>. Deployment speed.,<B>. Deployment speed.
train_0081__q_at_oa_vs_p_at_oa,train_cfg_0081,657079795,True,A,True,T,THREAT REDUCTION,A. Threat reduction.,A. Threat reduction.
train_0081__q_at_oa_vs_p_at_oa,train_cfg_0081,2781141402,True,A,True,T,THREAT REDUCTION,A. Threat reduction.,A. Threat reduction.
train_0081__q_at_oa_vs_p_at_oa,train_cfg_0081,2044434849,True,A,True,T,THREAT REDUCTION,A. Threat reduction.,A. Threat reduction.
train_0081__p_at_ob_vs_q_at_ob,train_cfg_0081,20378763,True,B,True,M,STAFF SUSTAINABILITY,<B>. Staff sustainability.,<B>. Staff sustainability.
train_0081__p_at_ob_vs_q_at_ob,train_cfg_0081,4164210580,True,B,True,M,STAFF SUSTAINABILITY,<B>. Staff sustainability.,<B>. Staff sustainability.
train_0081__p_at_ob_vs_q_at_ob,train_cfg_0081,4083013219,True,B,True,M,STAFF SUSTAINABILITY,<B>. Staff sustainability.,<B>. Staff sustainability.
train_0081__q_at_ob_vs_p_at_ob,train_cfg_0081,264478190,True,A,True,C,SERVICE CONTINUITY,A. Service continuity.,A. Service continuity.
train_0081__q_at_ob_vs_p_at_ob,train_cfg_0081,3797018906,True,A,True,C,SERVICE CONTINUITY,A. Service continuity.,A. Service continuity.
train_0081__q_at_ob_vs_p_at_ob,train_cfg_0081,939512533,True,A,True,C,SERVICE CONTINUITY,A. Service continuity.,A. Service continuity.
train_0082__p_at_oa_vs_q_at_oa,train_cfg_0082,3043714213,True,A,True,C,SERVICE CONTINUITY,A. Service continuity.,A. Service continuity.
train_0082__p_at_oa_vs_q_at_oa,train_cfg_0082,2234557766,True,A,True,C,SERVICE CONTINUITY,A. Service continuity.,A. Service continuity.
train_0082__p_at_oa_vs_q_at_oa,train_cfg_0082,2442990385,True,A,True,C,SERVICE CONTINUITY,A. Service continuity.,A. Service continuity.
train_0082__q_at_oa_vs_p_at_oa,train_cfg_0082,3102582564,True,B,True,C,SERVICE CONTINUITY,<B>. Service continuity.,<B>. Service continuity.
train_0082__q_at_oa_vs_p_at_oa,train_cfg_0082,106622862,True,B,True,C,SERVICE CONTINUITY,<B>. Service continuity.,<B>. Service continuity.
train_0082__q_at_oa_vs_p_at_oa,train_cfg_0082,3770702917,True,B,True,C,SERVICE CONTINUITY,<B>. Service continuity.,<B>. Service continuity.
train_0082__p_at_ob_vs_q_at_ob,train_cfg_0082,3563628278,True,A,True,M,STAFF SUSTAINABILITY,A. Staff sustainability.,A. Staff sustainability.
train_0082__p_at_ob_vs_q_at_ob,train_cfg_0082,1866143243,True,A,True,M,STAFF SUSTAINABILITY,A. Staff sustainability.,A. Staff sustainability.
train_0082__p_at_ob_vs_q_at_ob,train_cfg_0082,3701616112,True,A,True,M,STAFF SUSTAINABILITY,A. Staff sustainability.,A. Staff sustainability.
train_0082__q_at_ob_vs_p_at_ob,train_cfg_0082,3037436097,True,B,True,A,AUDIT READINESS,<B>. Audit readiness.,<B>. Audit readiness.
train_0082__q_at_ob_vs_p_at_ob,train_cfg_0082,1082780745,True,B,True,A,AUDIT READINESS,<B>. Audit readiness.,<B>. Audit readiness.
train_0082__q_at_ob_vs_p_at_ob,train_cfg_0082,1157899784,True,B,True,A,AUDIT READINESS,<B>. Audit readiness.,<B>. Audit readiness.
train_0083__p_at_oa_vs_q_at_oa,train_cfg_0083,3685830436,True,B,True,M,STAFF SUSTAINABILITY,<B>. Staff sustainability.,<B>. Staff sustainability.
train_0083__p_at_oa_vs_q_at_oa,train_cfg_0083,767726204,True,B,True,M,STAFF SUSTAINABILITY,<B>. Staff sustainability.,<B>. Staff sustainability.
train_0083__p_at_oa_vs_q_at_oa,train_cfg_0083,433116091,True,B,True,M,STAFF SUSTAINABILITY,<B>. Staff sustainability.,<B>. Staff sustainability.
train_0083__q_at_oa_vs_p_at_oa,train_cfg_0083,3462600608,True,A,True,M,STAFF SUSTAINABILITY,A. Staff sustainability.,A. Staff sustainability.
train_0083__q_at_oa_vs_p_at_oa,train_cfg_0083,832567476,True,A,True,M,STAFF SUSTAINABILITY,A. Staff sustainability.,A. Staff sustainability.
train_0083__q_at_oa_vs_p_at_oa,train_cfg_0083,1192551924,True,A,True,M,STAFF SUSTAINABILITY,A. Staff sustainability.,A. Staff sustainability.
train_0083__p_at_ob_vs_q_at_ob,train_cfg_0083,3128065501,True,B,True,M,STAFF SUSTAINABILITY,<B>. Staff sustainability.,<B>. Staff sustainability.
train_0083__p_at_ob_vs_q_at_ob,train_cfg_0083,1202640260,True,B,True,M,STAFF SUSTAINABILITY,<B>. Staff sustainability.,<B>. Staff sustainability.
train_0083__p_at_ob_vs_q_at_ob,train_cfg_0083,4080777437,True,B,True,M,STAFF SUSTAINABILITY,<B>. Staff sustainability.,<B>. Staff sustainability.
train_0083__q_at_ob_vs_p_at_ob,train_cfg_0083,4248447430,True,A,True,M,STAFF SUSTAINABILITY,A. Staff sustainability.,A. Staff sustainability.
train_0083__q_at_ob_vs_p_at_ob,train_cfg_0083,2882017274,True,A,True,M,STAFF SUSTAINABILITY,A. Staff sustainability.,A. Staff sustainability.
train_0083__q_at_ob_vs_p_at_ob,train_cfg_0083,4283738747,True,A,True,M,STAFF SUSTAINABILITY,A. Staff sustainability.,A. Staff sustainability.
train_0084__p_at_oa_vs_q_at_oa,train_cfg_0084,1542420950,True,A,True,T,THREAT REDUCTION,A. Threat reduction.,A. Threat reduction.
train_0084__p_at_oa_vs_q_at_oa,train_cfg_0084,3487687846,True,A,True,T,THREAT REDUCTION,A. Threat reduction.,A. Threat reduction.
train_0084__p_at_oa_vs_q_at_oa,train_cfg_0084,33965822,True,A,True,T,THREAT REDUCTION,A. Threat reduction.,A. Threat reduction.
train_0084__q_at_oa_vs_p_at_oa,train_cfg_0084,675662593,True,B,True,M,STAFF SUSTAINABILITY,<B>. Staff sustainability.,<B>. Staff sustainability.
train_0084__q_at_oa_vs_p_at_oa,train_cfg_0084,377573220,True,B,True,M,STAFF SUSTAINABILITY,<B>. Staff sustainability.,<B>. Staff sustainability.
train_0084__q_at_oa_vs_p_at_oa,train_cfg_0084,4209359338,True,B,True,M,STAFF SUSTAINABILITY,<B>. Staff sustainability.,<B>. Staff sustainability.
train_0084__p_at_ob_vs_q_at_ob,train_cfg_0084,2212677147,True,A,True,M,STAFF SUSTAINABILITY,A. Staff sustainability.,A. Staff sustainability.
train_0084__p_at_ob_vs_q_at_ob,train_cfg_0084,554878989,True,A,True,M,STAFF SUSTAINABILITY,A. Staff sustainability.,A. Staff sustainability.
train_0084__p_at_ob_vs_q_at_ob,train_cfg_0084,3276929468,True,A,True,M,STAFF SUSTAINABILITY,A. Staff sustainability.,A. Staff sustainability.
train_0084__q_at_ob_vs_p_at_ob,train_cfg_0084,248866066,True,B,True,M,STAFF SUSTAINABILITY,<B>. Staff sustainability.,<B>. Staff sustainability.
train_0084__q_at_ob_vs_p_at_ob,train_cfg_0084,2520339890,True,B,True,M,STAFF SUSTAINABILITY,<B>. Staff sustainability.,<B>. Staff sustainability.
train_0084__q_at_ob_vs_p_at_ob,train_cfg_0084,228798098,True,B,True,M,STAFF SUSTAINABILITY,<B>. Staff sustainability.,<B>. Staff sustainability.
train_0085__p_at_oa_vs_q_at_oa,train_cfg_0085,3993227567,True,B,True,C,SERVICE CONTINUITY,<B>. Service continuity.,<B>. Service continuity.
train_0085__p_at_oa_vs_q_at_oa,train_cfg_0085,2108184554,True,B,True,C,SERVICE CONTINUITY,<B>. Service continuity.,<B>. Service continuity.
train_0085__p_at_oa_vs_q_at_oa,train_cfg_0085,1982835517,True,B,True,C,SERVICE CONTINUITY,<B>. Service continuity.,<B>. Service continuity.
train_0085__q_at_oa_vs_p_at_oa,train_cfg_0085,3369792448,True,A,True,C,SERVICE CONTINUITY,A. Service continuity.,A. Service continuity.
train_0085__q_at_oa_vs_p_at_oa,train_cfg_0085,836236754,True,A,True,C,SERVICE CONTINUITY,A. Service continuity.,A. Service continuity.
train_0085__q_at_oa_vs_p_at_oa,train_cfg_0085,3182302544,True,A,True,C,SERVICE CONTINUITY,A. Service continuity.,A. Service continuity.
train_0085__p_at_ob_vs_q_at_ob,train_cfg_0085,1831945093,True,B,True,C,SERVICE CONTINUITY,<B>. Service continuity.,<B>. Service continuity.
train_0085__p_at_ob_vs_q_at_ob,train_cfg_0085,824562556,True,B,True,C,SERVICE CONTINUITY,<B>. Service continuity.,<B>. Service continuity.
train_0085__p_at_ob_vs_q_at_ob,train_cfg_0085,2219571375,True,B,True,C,SERVICE CONTINUITY,<B>. Service continuity.,<B>. Service continuity.
train_0085__q_at_ob_vs_p_at_ob,train_cfg_0085,2370920204,True,A,True,C,SERVICE CONTINUITY,A. Service continuity.,A. Service continuity.
train_0085__q_at_ob_vs_p_at_ob,train_cfg_0085,2912074939,True,A,True,C,SERVICE CONTINUITY,A. Service continuity.,A. Service continuity.
train_0085__q_at_ob_vs_p_at_ob,train_cfg_0085,1523740088,True,A,True,C,SERVICE CONTINUITY,A. Service continuity.,A. Service continuity.
train_0086__p_at_oa_vs_q_at_oa,train_cfg_0086,2008414159,True,B,True,M,STAFF SUSTAINABILITY,<B>. Staff sustainability.,<B>. Staff sustainability.
train_0086__p_at_oa_vs_q_at_oa,train_cfg_0086,3460012795,True,B,True,M,STAFF SUSTAINABILITY,<B>. Staff sustainability.,<B>. Staff sustainability.
train_0086__p_at_oa_vs_q_at_oa,train_cfg_0086,4015598163,True,B,True,M,STAFF SUSTAINABILITY,<B>. Staff sustainability.,<B>. Staff sustainability.
train_0086__q_at_oa_vs_p_at_oa,train_cfg_0086,1948818516,True,A,True,M,STAFF SUSTAINABILITY,A. Staff sustainability.,A. Staff sustainability.
train_0086__q_at_oa_vs_p_at_oa,train_cfg_0086,530126087,True,A,True,M,STAFF SUSTAINABILITY,A. Staff sustainability.,A. Staff sustainability.
train_0086__q_at_oa_vs_p_at_oa,train_cfg_0086,4202803086,True,A,True,M,STAFF SUSTAINABILITY,A. Staff sustainability.,A. Staff sustainability.
train_0086__p_at_ob_vs_q_at_ob,train_cfg_0086,498475169,True,B,True,M,STAFF SUSTAINABILITY,<B>. Staff sustainability.,<B>. Staff sustainability.
train_0086__p_at_ob_vs_q_at_ob,train_cfg_0086,1847717261,True,B,True,M,STAFF SUSTAINABILITY,<B>. Staff sustainability.,<B>. Staff sustainability.
train_0086__p_at_ob_vs_q_at_ob,train_cfg_0086,126817296,True,B,True,M,STAFF SUSTAINABILITY,B. Staff sustainability.,B. Staff sustainability.
train_0086__q_at_ob_vs_p_at_ob,train_cfg_0086,969360958,True,A,True,M,STAFF SUSTAINABILITY,A. Staff sustainability.,A. Staff sustainability.
train_0086__q_at_ob_vs_p_at_ob,train_cfg_0086,3922175761,True,A,True,M,STAFF SUSTAINABILITY,A. Staff sustainability.,A. Staff sustainability.
train_0086__q_at_ob_vs_p_at_ob,train_cfg_0086,307671578,True,A,True,M,STAFF SUSTAINABILITY,A. Staff sustainability.,A. Staff sustainability.
train_0087__p_at_oa_vs_q_at_oa,train_cfg_0087,860997905,True,A,True,M,STAFF SUSTAINABILITY,A. Staff sustainability.,A. Staff sustainability.
train_0087__p_at_oa_vs_q_at_oa,train_cfg_0087,3491207566,True,A,True,M,STAFF SUSTAINABILITY,A. Staff sustainability.,A. Staff sustainability.
train_0087__p_at_oa_vs_q_at_oa,train_cfg_0087,797697225,True,A,True,M,STAFF SUSTAINABILITY,A. Staff sustainability.,A. Staff sustainability.
train_0087__q_at_oa_vs_p_at_oa,train_cfg_0087,3652961470,True,B,True,A,AUDIT READINESS,<B>. Audit readiness.,<B>. Audit readiness.
train_0087__q_at_oa_vs_p_at_oa,train_cfg_0087,2387906318,True,A,True,M,STAFF SUSTAINABILITY,A. Staff sustainability.,A. Staff sustainability.
train_0087__q_at_oa_vs_p_at_oa,train_cfg_0087,316488552,True,B,True,A,AUDIT READINESS,<B>. Audit readiness.,<B>. Audit readiness.
train_0087__p_at_ob_vs_q_at_ob,train_cfg_0087,63102944,True,B,True,T,THREAT REDUCTION,<B>. Threat reduction.,<B>. Threat reduction.
train_0087__p_at_ob_vs_q_at_ob,train_cfg_0087,747951234,True,B,True,T,THREAT REDUCTION,<B>. Threat reduction.,<B>. Threat reduction.
train_0087__p_at_ob_vs_q_at_ob,train_cfg_0087,2031219906,True,B,True,T,THREAT REDUCTION,<B>. Threat reduction.,<B>. Threat reduction.
train_0087__q_at_ob_vs_p_at_ob,train_cfg_0087,2096909534,True,B,True,D,DEPLOYMENT SPEED,<B>. Deployment speed.,<B>. Deployment speed.
train_0087__q_at_ob_vs_p_at_ob,train_cfg_0087,159768280,True,B,True,D,DEPLOYMENT SPEED,<B>. Deployment speed.,<B>. Deployment speed.
train_0087__q_at_ob_vs_p_at_ob,train_cfg_0087,327003591,True,B,True,D,DEPLOYMENT SPEED,<B>. Deployment speed.,<B>. Deployment speed.
train_0088__p_at_oa_vs_q_at_oa,train_cfg_0088,864751543,True,B,True,T,THREAT REDUCTION,<B>. Threat reduction.,<B>. Threat reduction.
train_0088__p_at_oa_vs_q_at_oa,train_cfg_0088,3792792944,True,B,True,T,THREAT REDUCTION,<B>. Threat reduction.,<B>. Threat reduction.
train_0088__p_at_oa_vs_q_at_oa,train_cfg_0088,2390822808,True,B,True,T,THREAT REDUCTION,<B>. Threat reduction.,<B>. Threat reduction.
train_0088__q_at_oa_vs_p_at_oa,train_cfg_0088,959620666,True,A,True,T,THREAT REDUCTION,A. Threat reduction.,A. Threat reduction.
train_0088__q_at_oa_vs_p_at_oa,train_cfg_0088,3021801708,True,A,True,T,THREAT REDUCTION,A. Threat reduction.,A. Threat reduction.
train_0088__q_at_oa_vs_p_at_oa,train_cfg_0088,805882257,True,A,True,T,THREAT REDUCTION,A. Threat reduction.,A. Threat reduction.
train_0088__p_at_ob_vs_q_at_ob,train_cfg_0088,3057024468,True,B,True,T,THREAT REDUCTION,<B>. Threat reduction.,<B>. Threat reduction.
train_0088__p_at_ob_vs_q_at_ob,train_cfg_0088,268820275,True,B,True,T,THREAT REDUCTION,<B>. Threat reduction.,<B>. Threat reduction.
train_0088__p_at_ob_vs_q_at_ob,train_cfg_0088,3483259897,True,B,True,T,THREAT REDUCTION,<B>. Threat reduction.,<B>. Threat reduction.
train_0088__q_at_ob_vs_p_at_ob,train_cfg_0088,4085999640,True,A,True,T,THREAT REDUCTION,A. Threat reduction.,A. Threat reduction.
train_0088__q_at_ob_vs_p_at_ob,train_cfg_0088,1191600003,True,A,True,T,THREAT REDUCTION,A. Threat reduction.,A. Threat reduction.
train_0088__q_at_ob_vs_p_at_ob,train_cfg_0088,642558592,True,A,True,T,THREAT REDUCTION,A. Threat reduction.,A. Threat reduction.
train_0089__p_at_oa_vs_q_at_oa,train_cfg_0089,3288066298,True,B,True,T,THREAT REDUCTION,<B>. Threat reduction.,<B>. Threat reduction.
train_0089__p_at_oa_vs_q_at_oa,train_cfg_0089,2202939244,True,B,True,T,THREAT REDUCTION,<B>. Threat reduction.,<B>. Threat reduction.
train_0089__p_at_oa_vs_q_at_oa,train_cfg_0089,1215744008,True,B,True,T,THREAT REDUCTION,<B>. Threat reduction.,<B>. Threat reduction.
train_0089__q_at_oa_vs_p_at_oa,train_cfg_0089,2359299999,True,A,True,T,THREAT REDUCTION,A. Threat reduction.,A. Threat reduction.
train_0089__q_at_oa_vs_p_at_oa,train_cfg_0089,3406883293,True,A,True,T,THREAT REDUCTION,A. Threat reduction.,A. Threat reduction.
train_0089__q_at_oa_vs_p_at_oa,train_cfg_0089,3739522366,True,A,True,T,THREAT REDUCTION,A. Threat reduction.,A. Threat reduction.
train_0089__p_at_ob_vs_q_at_ob,train_cfg_0089,43120440,True,B,True,M,STAFF SUSTAINABILITY,<B>. Staff sustainability.,<B>. Staff sustainability.
train_0089__p_at_ob_vs_q_at_ob,train_cfg_0089,3458896565,True,B,True,M,STAFF SUSTAINABILITY,<B>. Staff sustainability.,<B>. Staff sustainability.
train_0089__p_at_ob_vs_q_at_ob,train_cfg_0089,3851889438,True,B,True,M,STAFF SUSTAINABILITY,<B>. Staff sustainability.,<B>. Staff sustainability.
train_0089__q_at_ob_vs_p_at_ob,train_cfg_0089,1534262629,True,A,True,M,STAFF SUSTAINABILITY,A. Staff sustainability.,A. Staff sustainability.
train_0089__q_at_ob_vs_p_at_ob,train_cfg_0089,2083938654,True,A,True,M,STAFF SUSTAINABILITY,A. Staff sustainability.,A. Staff sustainability.
train_0089__q_at_ob_vs_p_at_ob,train_cfg_0089,3474219974,True,A,True,M,STAFF SUSTAINABILITY,A. Staff sustainability.,A. Staff sustainability.
train_0090__p_at_oa_vs_q_at_oa,train_cfg_0090,2830012507,True,B,True,M,STAFF SUSTAINABILITY,<B>. Staff sustainability.,<B>. Staff sustainability.
train_0090__p_at_oa_vs_q_at_oa,train_cfg_0090,1216382126,True,B,True,M,STAFF SUSTAINABILITY,<B>. Staff sustainability.,<B>. Staff sustainability.
train_0090__p_at_oa_vs_q_at_oa,train_cfg_0090,3216974545,True,B,True,M,STAFF SUSTAINABILITY,B. Staff sustainability.,B. Staff sustainability.
train_0090__q_at_oa_vs_p_at_oa,train_cfg_0090,664506334,True,A,True,T,THREAT REDUCTION,A. Threat reduction.,A. Threat reduction.
train_0090__q_at_oa_vs_p_at_oa,train_cfg_0090,3068409080,True,A,True,T,THREAT REDUCTION,A. Threat reduction.,A. Threat reduction.
train_0090__q_at_oa_vs_p_at_oa,train_cfg_0090,871540129,True,A,True,T,THREAT REDUCTION,A. Threat reduction.,A. Threat reduction.
train_0090__p_at_ob_vs_q_at_ob,train_cfg_0090,23470079,True,B,True,T,THREAT REDUCTION,<B>. Threat reduction.,<B>. Threat reduction.
train_0090__p_at_ob_vs_q_at_ob,train_cfg_0090,3441881028,True,B,True,T,THREAT REDUCTION,<B>. Threat reduction.,<B>. Threat reduction.
train_0090__p_at_ob_vs_q_at_ob,train_cfg_0090,3640857013,True,B,True,T,THREAT REDUCTION,<B>. Threat reduction.,<B>. Threat reduction.
train_0090__q_at_ob_vs_p_at_ob,train_cfg_0090,3440918758,True,A,True,T,THREAT REDUCTION,A. Threat reduction.,A. Threat reduction.
train_0090__q_at_ob_vs_p_at_ob,train_cfg_0090,1657484623,True,A,True,T,THREAT REDUCTION,A. Threat reduction.,A. Threat reduction.
train_0090__q_at_ob_vs_p_at_ob,train_cfg_0090,1956834518,True,A,True,T,THREAT REDUCTION,A. Threat reduction.,A. Threat reduction.
train_0091__p_at_oa_vs_q_at_oa,train_cfg_0091,2891362517,True,A,True,T,THREAT REDUCTION,A. Threat reduction.,A. Threat reduction.
train_0091__p_at_oa_vs_q_at_oa,train_cfg_0091,1518348419,True,A,True,T,THREAT REDUCTION,A. Threat reduction.,A. Threat reduction.
train_0091__p_at_oa_vs_q_at_oa,train_cfg_0091,1747887260,True,A,True,T,THREAT REDUCTION,A. Threat reduction.,A. Threat reduction.
train_0091__q_at_oa_vs_p_at_oa,train_cfg_0091,1910436059,True,A,True,T,THREAT REDUCTION,A. Threat reduction.,A. Threat reduction.
train_0091__q_at_oa_vs_p_at_oa,train_cfg_0091,3011213410,True,A,True,C,SERVICE CONTINUITY,A. Service continuity.,A. Service continuity.
train_0091__q_at_oa_vs_p_at_oa,train_cfg_0091,3613952858,True,A,True,T,THREAT REDUCTION,A. Threat reduction.,A. Threat reduction.
train_0091__p_at_ob_vs_q_at_ob,train_cfg_0091,2937310269,True,A,True,C,SERVICE CONTINUITY,A. Service continuity.,A. Service continuity.
train_0091__p_at_ob_vs_q_at_ob,train_cfg_0091,2577502086,True,A,True,C,SERVICE CONTINUITY,A. Service continuity.,A. Service continuity.
train_0091__p_at_ob_vs_q_at_ob,train_cfg_0091,1748000110,True,A,True,C,SERVICE CONTINUITY,A. Service continuity.,A. Service continuity.
train_0091__q_at_ob_vs_p_at_ob,train_cfg_0091,3828800570,True,A,True,C,SERVICE CONTINUITY,A. Service continuity.,A. Service continuity.
train_0091__q_at_ob_vs_p_at_ob,train_cfg_0091,2345163862,True,A,True,C,SERVICE CONTINUITY,A. Service continuity.,A. Service continuity.
train_0091__q_at_ob_vs_p_at_ob,train_cfg_0091,483047887,True,A,True,C,SERVICE CONTINUITY,A. Service continuity.,A. Service continuity.
train_0092__p_at_oa_vs_q_at_oa,train_cfg_0092,3874384959,True,B,True,M,STAFF SUSTAINABILITY,<B>. Staff sustainability.,<B>. Staff sustainability.
train_0092__p_at_oa_vs_q_at_oa,train_cfg_0092,352082724,True,B,True,M,STAFF SUSTAINABILITY,<B>. Staff sustainability.,<B>. Staff sustainability.
train_0092__p_at_oa_vs_q_at_oa,train_cfg_0092,1611719772,True,B,True,M,STAFF SUSTAINABILITY,<B>. Staff sustainability.,<B>. Staff sustainability.
train_0092__q_at_oa_vs_p_at_oa,train_cfg_0092,811589127,True,A,True,C,SERVICE CONTINUITY,A. Service continuity.,A. Service continuity.
train_0092__q_at_oa_vs_p_at_oa,train_cfg_0092,1128042900,True,A,True,C,SERVICE CONTINUITY,A. Service continuity.,A. Service continuity.
train_0092__q_at_oa_vs_p_at_oa,train_cfg_0092,489286199,True,A,True,C,SERVICE CONTINUITY,A. Service continuity.,A. Service continuity.
train_0092__p_at_ob_vs_q_at_ob,train_cfg_0092,1140006640,True,B,True,T,THREAT REDUCTION,<B>. Threat reduction.,<B>. Threat reduction.
train_0092__p_at_ob_vs_q_at_ob,train_cfg_0092,572930832,True,B,True,T,THREAT REDUCTION,<B>. Threat reduction.,<B>. Threat reduction.
train_0092__p_at_ob_vs_q_at_ob,train_cfg_0092,1397598141,True,B,True,T,THREAT REDUCTION,<B>. Threat reduction.,<B>. Threat reduction.
train_0092__q_at_ob_vs_p_at_ob,train_cfg_0092,1409455381,True,A,True,T,THREAT REDUCTION,A. Threat reduction.,A. Threat reduction.
train_0092__q_at_ob_vs_p_at_ob,train_cfg_0092,1269185523,True,A,True,T,THREAT REDUCTION,A. Threat reduction.,A. Threat reduction.
train_0092__q_at_ob_vs_p_at_ob,train_cfg_0092,2618449883,True,A,True,T,THREAT REDUCTION,A. Threat reduction.,A. Threat reduction.
train_0093__p_at_oa_vs_q_at_oa,train_cfg_0093,2788851092,True,B,True,C,SERVICE CONTINUITY,<B>. Service continuity.,<B>. Service continuity.
train_0093__p_at_oa_vs_q_at_oa,train_cfg_0093,1337998139,True,B,True,C,SERVICE CONTINUITY,<B>. Service continuity.,<B>. Service continuity.
train_0093__p_at_oa_vs_q_at_oa,train_cfg_0093,1190679094,True,B,True,C,SERVICE CONTINUITY,<B>. Service continuity.,<B>. Service continuity.
train_0093__q_at_oa_vs_p_at_oa,train_cfg_0093,60608222,True,A,True,C,SERVICE CONTINUITY,A. Service continuity.,A. Service continuity.
train_0093__q_at_oa_vs_p_at_oa,train_cfg_0093,3646138250,True,A,True,C,SERVICE CONTINUITY,A. Service continuity.,A. Service continuity.
train_0093__q_at_oa_vs_p_at_oa,train_cfg_0093,2403054906,True,A,True,C,SERVICE CONTINUITY,A. Service continuity.,A. Service continuity.
train_0093__p_at_ob_vs_q_at_ob,train_cfg_0093,453883318,True,B,True,C,SERVICE CONTINUITY,<B>. Service continuity.,<B>. Service continuity.
train_0093__p_at_ob_vs_q_at_ob,train_cfg_0093,2565190166,True,B,True,C,SERVICE CONTINUITY,<B>. Service continuity.,<B>. Service continuity.
train_0093__p_at_ob_vs_q_at_ob,train_cfg_0093,796957362,True,B,True,C,SERVICE CONTINUITY,<B>. Service continuity.,<B>. Service continuity.
train_0093__q_at_ob_vs_p_at_ob,train_cfg_0093,1871029404,True,A,True,C,SERVICE CONTINUITY,A. Service continuity.,A. Service continuity.
train_0093__q_at_ob_vs_p_at_ob,train_cfg_0093,2399790970,True,A,True,C,SERVICE CONTINUITY,A. Service continuity.,A. Service continuity.
train_0093__q_at_ob_vs_p_at_ob,train_cfg_0093,1280048985,True,A,True,C,SERVICE CONTINUITY,A. Service continuity.,A. Service continuity.
train_0094__p_at_oa_vs_q_at_oa,train_cfg_0094,136929291,True,B,True,M,STAFF SUSTAINABILITY,<B>. Staff sustainability.,<B>. Staff sustainability.
train_0094__p_at_oa_vs_q_at_oa,train_cfg_0094,236831596,True,B,True,M,STAFF SUSTAINABILITY,<B>. Staff sustainability.,<B>. Staff sustainability.
train_0094__p_at_oa_vs_q_at_oa,train_cfg_0094,2690269125,True,B,True,M,STAFF SUSTAINABILITY,<B>. Staff sustainability.,<B>. Staff sustainability.
train_0094__q_at_oa_vs_p_at_oa,train_cfg_0094,2363603057,True,A,True,M,STAFF SUSTAINABILITY,A. Staff sustainability.,A. Staff sustainability.
train_0094__q_at_oa_vs_p_at_oa,train_cfg_0094,3172484663,True,A,True,M,STAFF SUSTAINABILITY,A. Staff sustainability.,A. Staff sustainability.
train_0094__q_at_oa_vs_p_at_oa,train_cfg_0094,4079323966,True,A,True,M,STAFF SUSTAINABILITY,A. Staff sustainability.,A. Staff sustainability.
train_0094__p_at_ob_vs_q_at_ob,train_cfg_0094,2098386414,True,B,True,M,STAFF SUSTAINABILITY,<B>. Staff sustainability.,<B>. Staff sustainability.
train_0094__p_at_ob_vs_q_at_ob,train_cfg_0094,1761038204,True,B,True,M,STAFF SUSTAINABILITY,<B>. Staff sustainability.,<B>. Staff sustainability.
train_0094__p_at_ob_vs_q_at_ob,train_cfg_0094,1895502344,True,B,True,M,STAFF SUSTAINABILITY,<B>. Staff sustainability.,<B>. Staff sustainability.
train_0094__q_at_ob_vs_p_at_ob,train_cfg_0094,2280892294,True,A,True,T,THREAT REDUCTION,A. Threat reduction.,A. Threat reduction.
train_0094__q_at_ob_vs_p_at_ob,train_cfg_0094,3199035609,True,A,True,T,THREAT REDUCTION,A. Threat reduction.,A. Threat reduction.
train_0094__q_at_ob_vs_p_at_ob,train_cfg_0094,1955861982,True,A,True,T,THREAT REDUCTION,A. Threat reduction.,A. Threat reduction.
train_0095__p_at_oa_vs_q_at_oa,train_cfg_0095,486799258,True,B,True,C,SERVICE CONTINUITY,<B>. Service continuity.,<B>. Service continuity.
train_0095__p_at_oa_vs_q_at_oa,train_cfg_0095,222615664,True,B,True,C,SERVICE CONTINUITY,<B>. Service continuity.,<B>. Service continuity.
train_0095__p_at_oa_vs_q_at_oa,train_cfg_0095,3813399074,True,B,True,C,SERVICE CONTINUITY,<B>. Service continuity.,<B>. Service continuity.
train_0095__q_at_oa_vs_p_at_oa,train_cfg_0095,35272861,True,A,True,C,SERVICE CONTINUITY,A. Service continuity.,A. Service continuity.
train_0095__q_at_oa_vs_p_at_oa,train_cfg_0095,1256330651,True,A,True,C,SERVICE CONTINUITY,A. Service continuity.,A. Service continuity.
train_0095__q_at_oa_vs_p_at_oa,train_cfg_0095,3794953220,True,A,True,C,SERVICE CONTINUITY,A. Service continuity.,A. Service continuity.
train_0095__p_at_ob_vs_q_at_ob,train_cfg_0095,2421672776,True,B,True,C,SERVICE CONTINUITY,<B>. Service continuity.,<B>. Service continuity.
train_0095__p_at_ob_vs_q_at_ob,train_cfg_0095,1697657278,True,B,True,C,SERVICE CONTINUITY,<B>. Service continuity.,<B>. Service continuity.
train_0095__p_at_ob_vs_q_at_ob,train_cfg_0095,1067003179,True,B,True,C,SERVICE CONTINUITY,<B>. Service continuity.,<B>. Service continuity.
train_0095__q_at_ob_vs_p_at_ob,train_cfg_0095,3353825138,True,A,True,M,STAFF SUSTAINABILITY,A. Staff sustainability.,A. Staff sustainability.
train_0095__q_at_ob_vs_p_at_ob,train_cfg_0095,2648477138,True,A,True,M,STAFF SUSTAINABILITY,A. Staff sustainability.,A. Staff sustainability.
train_0095__q_at_ob_vs_p_at_ob,train_cfg_0095,2054172582,True,A,True,M,STAFF SUSTAINABILITY,A. Staff sustainability.,A. Staff sustainability.
train_0096__p_at_oa_vs_q_at_oa,train_cfg_0096,2607303578,True,B,True,T,THREAT REDUCTION,<B>. Threat reduction.,<B>. Threat reduction.
train_0096__p_at_oa_vs_q_at_oa,train_cfg_0096,154118084,True,B,True,T,THREAT REDUCTION,<B>. Threat reduction.,<B>. Threat reduction.
train_0096__p_at_oa_vs_q_at_oa,train_cfg_0096,704369130,True,B,True,T,THREAT REDUCTION,<B>. Threat reduction.,<B>. Threat reduction.
train_0096__q_at_oa_vs_p_at_oa,train_cfg_0096,3694302297,True,B,True,C,SERVICE CONTINUITY,<B>. Service continuity.,<B>. Service continuity.
train_0096__q_at_oa_vs_p_at_oa,train_cfg_0096,751220429,True,B,True,C,SERVICE CONTINUITY,<B>. Service continuity.,<B>. Service continuity.
train_0096__q_at_oa_vs_p_at_oa,train_cfg_0096,2766695279,True,B,True,C,SERVICE CONTINUITY,<B>. Service continuity.,<B>. Service continuity.
train_0096__p_at_ob_vs_q_at_ob,train_cfg_0096,3308650268,True,B,True,T,THREAT REDUCTION,<B>. Threat reduction.,<B>. Threat reduction.
train_0096__p_at_ob_vs_q_at_ob,train_cfg_0096,3780135010,True,B,True,T,THREAT REDUCTION,<B>. Threat reduction.,<B>. Threat reduction.
train_0096__p_at_ob_vs_q_at_ob,train_cfg_0096,673772608,True,B,True,T,THREAT REDUCTION,<B>. Threat reduction.,<B>. Threat reduction.
train_0096__q_at_ob_vs_p_at_ob,train_cfg_0096,2618692310,True,B,True,C,SERVICE CONTINUITY,<B>. Service continuity.,<B>. Service continuity.
train_0096__q_at_ob_vs_p_at_ob,train_cfg_0096,4157641089,True,B,True,C,SERVICE CONTINUITY,<B>. Service continuity.,<B>. Service continuity.
train_0096__q_at_ob_vs_p_at_ob,train_cfg_0096,503367041,True,B,True,C,SERVICE CONTINUITY,<B>. Service continuity.,<B>. Service continuity.
train_0097__p_at_oa_vs_q_at_oa,train_cfg_0097,2985372573,True,A,True,C,SERVICE CONTINUITY,A. Service continuity.,A. Service continuity.
train_0097__p_at_oa_vs_q_at_oa,train_cfg_0097,3461751071,True,A,True,C,SERVICE CONTINUITY,A. Service continuity.,A. Service continuity.
train_0097__p_at_oa_vs_q_at_oa,train_cfg_0097,2398749289,True,A,True,C,SERVICE CONTINUITY,A. Service continuity.,A. Service continuity.
train_0097__q_at_oa_vs_p_at_oa,train_cfg_0097,2313482820,True,B,True,C,SERVICE CONTINUITY,<B>. Service continuity.,<B>. Service continuity.
train_0097__q_at_oa_vs_p_at_oa,train_cfg_0097,3708763049,True,B,True,C,SERVICE CONTINUITY,<B>. Service continuity.,<B>. Service continuity.
train_0097__q_at_oa_vs_p_at_oa,train_cfg_0097,3895983331,True,B,True,C,SERVICE CONTINUITY,<B>. Service continuity.,<B>. Service continuity.
train_0097__p_at_ob_vs_q_at_ob,train_cfg_0097,361454811,True,A,True,M,STAFF SUSTAINABILITY,A. Staff sustainability.,A. Staff sustainability.
train_0097__p_at_ob_vs_q_at_ob,train_cfg_0097,3350711121,True,A,True,M,STAFF SUSTAINABILITY,A. Staff sustainability.,A. Staff sustainability.
train_0097__p_at_ob_vs_q_at_ob,train_cfg_0097,1370508078,True,A,True,M,STAFF SUSTAINABILITY,A. Staff sustainability.,A. Staff sustainability.
train_0097__q_at_ob_vs_p_at_ob,train_cfg_0097,3184441313,True,B,True,C,SERVICE CONTINUITY,<B>. Service continuity.,<B>. Service continuity.
train_0097__q_at_ob_vs_p_at_ob,train_cfg_0097,1483664744,True,B,True,C,SERVICE CONTINUITY,<B>. Service continuity.,<B>. Service continuity.
train_0097__q_at_ob_vs_p_at_ob,train_cfg_0097,1209171009,True,B,True,C,SERVICE CONTINUITY,<B>. Service continuity.,<B>. Service continuity.
train_0098__p_at_oa_vs_q_at_oa,train_cfg_0098,703711985,True,B,True,T,THREAT REDUCTION,<B>. Threat reduction.,<B>. Threat reduction.
train_0098__p_at_oa_vs_q_at_oa,train_cfg_0098,1368162082,True,B,True,T,THREAT REDUCTION,<B>. Threat reduction.,<B>. Threat reduction.
train_0098__p_at_oa_vs_q_at_oa,train_cfg_0098,4271868459,True,B,True,T,THREAT REDUCTION,<B>. Threat reduction.,<B>. Threat reduction.
train_0098__q_at_oa_vs_p_at_oa,train_cfg_0098,2526932918,True,A,True,T,THREAT REDUCTION,A. Threat reduction.,A. Threat reduction.
train_0098__q_at_oa_vs_p_at_oa,train_cfg_0098,2323259266,True,A,True,T,THREAT REDUCTION,A. Threat reduction.,A. Threat reduction.
train_0098__q_at_oa_vs_p_at_oa,train_cfg_0098,1441138048,True,A,True,T,THREAT REDUCTION,A. Threat reduction.,A. Threat reduction.
train_0098__p_at_ob_vs_q_at_ob,train_cfg_0098,1080019225,True,B,True,T,THREAT REDUCTION,<B>. Threat reduction.,<B>. Threat reduction.
train_0098__p_at_ob_vs_q_at_ob,train_cfg_0098,2564242577,True,B,True,T,THREAT REDUCTION,<B>. Threat reduction.,<B>. Threat reduction.
train_0098__p_at_ob_vs_q_at_ob,train_cfg_0098,3844231529,True,B,True,T,THREAT REDUCTION,<B>. Threat reduction.,<B>. Threat reduction.
train_0098__q_at_ob_vs_p_at_ob,train_cfg_0098,4178389883,True,A,True,T,THREAT REDUCTION,A. Threat reduction.,A. Threat reduction.
train_0098__q_at_ob_vs_p_at_ob,train_cfg_0098,1306143152,True,A,True,T,THREAT REDUCTION,A. Threat reduction.,A. Threat reduction.
train_0098__q_at_ob_vs_p_at_ob,train_cfg_0098,1338238389,True,A,True,T,THREAT REDUCTION,A. Threat reduction.,A. Threat reduction.
train_0099__p_at_oa_vs_q_at_oa,train_cfg_0099,2225192942,True,B,True,C,SERVICE CONTINUITY,<B>. Service continuity.,<B>. Service continuity.
train_0099__p_at_oa_vs_q_at_oa,train_cfg_0099,4012495545,True,B,True,C,SERVICE CONTINUITY,<B>. Service continuity.,<B>. Service continuity.
train_0099__p_at_oa_vs_q_at_oa,train_cfg_0099,492415883,True,B,True,C,SERVICE CONTINUITY,<B>. Service continuity.,<B>. Service continuity.
train_0099__q_at_oa_vs_p_at_oa,train_cfg_0099,2786857669,True,A,True,C,SERVICE CONTINUITY,A. Service continuity.,A. Service continuity.
train_0099__q_at_oa_vs_p_at_oa,train_cfg_0099,1783449818,True,A,True,C,SERVICE CONTINUITY,A. Service continuity.,A. Service continuity.
train_0099__q_at_oa_vs_p_at_oa,train_cfg_0099,1431510521,True,A,True,C,SERVICE CONTINUITY,A. Service continuity.,A. Service continuity.
train_0099__p_at_ob_vs_q_at_ob,train_cfg_0099,744467142,True,B,True,C,SERVICE CONTINUITY,<B>. Service continuity.,<B>. Service continuity.
train_0099__p_at_ob_vs_q_at_ob,train_cfg_0099,2403042154,True,B,True,C,SERVICE CONTINUITY,<B>. Service continuity.,<B>. Service continuity.
train_0099__p_at_ob_vs_q_at_ob,train_cfg_0099,616656013,True,B,True,C,SERVICE CONTINUITY,<B>. Service continuity.,<B>. Service continuity.
train_0099__q_at_ob_vs_p_at_ob,train_cfg_0099,2824377263,True,A,True,M,STAFF SUSTAINABILITY,A. Staff sustainability.,A. Staff sustainability.
train_0099__q_at_ob_vs_p_at_ob,train_cfg_0099,2299826809,True,A,True,M,STAFF SUSTAINABILITY,A. Staff sustainability.,A. Staff sustainability.
train_0099__q_at_ob_vs_p_at_ob,train_cfg_0099,100748003,True,A,True,M,STAFF SUSTAINABILITY,A. Staff sustainability.,A. Staff sustainability.
train_0100__p_at_oa_vs_q_at_oa,train_cfg_0100,3540478935,True,B,True,C,SERVICE CONTINUITY,<B>. Service continuity.,<B>. Service continuity.
train_0100__p_at_oa_vs_q_at_oa,train_cfg_0100,1771562080,True,B,True,C,SERVICE CONTINUITY,<B>. Service continuity.,<B>. Service continuity.
train_0100__p_at_oa_vs_q_at_oa,train_cfg_0100,3387887382,True,B,True,C,SERVICE CONTINUITY,<B>. Service continuity.,<B>. Service continuity.
train_0100__q_at_oa_vs_p_at_oa,train_cfg_0100,2157311148,True,A,True,C,SERVICE CONTINUITY,A. Service continuity.,A. Service continuity.
train_0100__q_at_oa_vs_p_at_oa,train_cfg_0100,2024475722,True,A,True,C,SERVICE CONTINUITY,A. Service continuity.,A. Service continuity.
train_0100__q_at_oa_vs_p_at_oa,train_cfg_0100,14231208,True,A,True,C,SERVICE CONTINUITY,A. Service continuity.,A. Service continuity.
train_0100__p_at_ob_vs_q_at_ob,train_cfg_0100,1819025699,True,B,True,C,SERVICE CONTINUITY,<B>. Service continuity.,<B>. Service continuity.
train_0100__p_at_ob_vs_q_at_ob,train_cfg_0100,1358965378,True,B,True,C,SERVICE CONTINUITY,<B>. Service continuity.,<B>. Service continuity.
train_0100__p_at_ob_vs_q_at_ob,train_cfg_0100,4255223176,True,B,True,C,SERVICE CONTINUITY,<B>. Service continuity.,<B>. Service continuity.
train_0100__q_at_ob_vs_p_at_ob,train_cfg_0100,220903490,True,B,True,A,AUDIT READINESS,<B>. Audit readiness.,<B>. Audit readiness.
train_0100__q_at_ob_vs_p_at_ob,train_cfg_0100,3623216127,True,B,True,A,AUDIT READINESS,<B>. Audit readiness.,<B>. Audit readiness.
train_0100__q_at_ob_vs_p_at_ob,train_cfg_0100,1252125821,True,B,True,A,AUDIT READINESS,<B>. Audit readiness.,<B>. Audit readiness.
train_0101__p_at_oa_vs_q_at_oa,train_cfg_0101,747953145,True,B,True,C,SERVICE CONTINUITY,<B>. Service continuity.,<B>. Service continuity.
train_0101__p_at_oa_vs_q_at_oa,train_cfg_0101,2028994595,True,B,True,C,SERVICE CONTINUITY,<B>. Service continuity.,<B>. Service continuity.
train_0101__p_at_oa_vs_q_at_oa,train_cfg_0101,2737337962,True,B,True,C,SERVICE CONTINUITY,<B>. Service continuity.,<B>. Service continuity.
train_0101__q_at_oa_vs_p_at_oa,train_cfg_0101,899074197,True,A,True,T,THREAT REDUCTION,A. Threat reduction.,A. Threat reduction.
train_0101__q_at_oa_vs_p_at_oa,train_cfg_0101,2755024852,True,A,True,T,THREAT REDUCTION,A. Threat reduction.,A. Threat reduction.
train_0101__q_at_oa_vs_p_at_oa,train_cfg_0101,1722902014,True,A,True,T,THREAT REDUCTION,A. Threat reduction.,A. Threat reduction.
train_0101__p_at_ob_vs_q_at_ob,train_cfg_0101,3094672343,True,B,True,D,DEPLOYMENT SPEED,<B>. Deployment speed.,<B>. Deployment speed.
train_0101__p_at_ob_vs_q_at_ob,train_cfg_0101,1284401689,True,B,True,D,DEPLOYMENT SPEED,<B>. Deployment speed.,<B>. Deployment speed.
train_0101__p_at_ob_vs_q_at_ob,train_cfg_0101,3524976870,True,B,True,D,DEPLOYMENT SPEED,<B>. Deployment speed.,<B>. Deployment speed.
train_0101__q_at_ob_vs_p_at_ob,train_cfg_0101,3054274891,True,A,True,C,SERVICE CONTINUITY,A. Service continuity.,A. Service continuity.
train_0101__q_at_ob_vs_p_at_ob,train_cfg_0101,3143381125,True,A,True,C,SERVICE CONTINUITY,A. Service continuity.,A. Service continuity.
train_0101__q_at_ob_vs_p_at_ob,train_cfg_0101,4011336459,True,A,True,C,SERVICE CONTINUITY,A. Service continuity.,A. Service continuity.
train_0102__p_at_oa_vs_q_at_oa,train_cfg_0102,2543418207,True,A,True,C,SERVICE CONTINUITY,A. Service continuity.,A. Service continuity.
train_0102__p_at_oa_vs_q_at_oa,train_cfg_0102,692424762,True,A,True,C,SERVICE CONTINUITY,A. Service continuity.,A. Service continuity.
train_0102__p_at_oa_vs_q_at_oa,train_cfg_0102,732869014,True,A,True,C,SERVICE CONTINUITY,A. Service continuity.,A. Service continuity.
train_0102__q_at_oa_vs_p_at_oa,train_cfg_0102,2841456021,True,B,True,A,AUDIT READINESS,<B>. Audit readiness.,<B>. Audit readiness.
train_0102__q_at_oa_vs_p_at_oa,train_cfg_0102,2393885394,True,B,True,A,AUDIT READINESS,<B>. Audit readiness.,<B>. Audit readiness.
train_0102__q_at_oa_vs_p_at_oa,train_cfg_0102,492224845,True,B,True,A,AUDIT READINESS,<B>. Audit readiness.,<B>. Audit readiness.
train_0102__p_at_ob_vs_q_at_ob,train_cfg_0102,359949529,True,A,True,M,STAFF SUSTAINABILITY,A. Staff sustainability.,A. Staff sustainability.
train_0102__p_at_ob_vs_q_at_ob,train_cfg_0102,3553436771,True,A,True,M,STAFF SUSTAINABILITY,A. Staff sustainability.,A. Staff sustainability.
train_0102__p_at_ob_vs_q_at_ob,train_cfg_0102,131745300,True,A,True,M,STAFF SUSTAINABILITY,A. Staff sustainability.,A. Staff sustainability.
train_0102__q_at_ob_vs_p_at_ob,train_cfg_0102,1526284467,True,B,True,C,SERVICE CONTINUITY,<B>. Service continuity.,<B>. Service continuity.
train_0102__q_at_ob_vs_p_at_ob,train_cfg_0102,3293621269,True,B,True,C,SERVICE CONTINUITY,<B>. Service continuity.,<B>. Service continuity.
train_0102__q_at_ob_vs_p_at_ob,train_cfg_0102,3777485775,True,B,True,C,SERVICE CONTINUITY,<B>. Service continuity.,<B>. Service continuity.
train_0103__p_at_oa_vs_q_at_oa,train_cfg_0103,431694879,True,B,True,C,SERVICE CONTINUITY,<B>. Service continuity.,<B>. Service continuity.
train_0103__p_at_oa_vs_q_at_oa,train_cfg_0103,3608474240,True,B,True,C,SERVICE CONTINUITY,<B>. Service continuity.,<B>. Service continuity.
train_0103__p_at_oa_vs_q_at_oa,train_cfg_0103,3391885586,True,B,True,C,SERVICE CONTINUITY,<B>. Service continuity.,<B>. Service continuity.
train_0103__q_at_oa_vs_p_at_oa,train_cfg_0103,2357332165,True,A,True,C,SERVICE CONTINUITY,A. Service continuity.,A. Service continuity.
train_0103__q_at_oa_vs_p_at_oa,train_cfg_0103,3898764718,True,A,True,C,SERVICE CONTINUITY,A. Service continuity.,A. Service continuity.
train_0103__q_at_oa_vs_p_at_oa,train_cfg_0103,2952252260,True,A,True,C,SERVICE CONTINUITY,A. Service continuity.,A. Service continuity.
train_0103__p_at_ob_vs_q_at_ob,train_cfg_0103,585965644,True,B,True,T,THREAT REDUCTION,<B>. Threat reduction.,<B>. Threat reduction.
train_0103__p_at_ob_vs_q_at_ob,train_cfg_0103,652949376,True,B,True,T,THREAT REDUCTION,<B>. Threat reduction.,<B>. Threat reduction.
train_0103__p_at_ob_vs_q_at_ob,train_cfg_0103,2498817097,True,B,True,T,THREAT REDUCTION,<B>. Threat reduction.,<B>. Threat reduction.
train_0103__q_at_ob_vs_p_at_ob,train_cfg_0103,457441216,True,A,True,T,THREAT REDUCTION,A. Threat reduction.,A. Threat reduction.
train_0103__q_at_ob_vs_p_at_ob,train_cfg_0103,1950517133,True,A,True,T,THREAT REDUCTION,A. Threat reduction.,A. Threat reduction.
train_0103__q_at_ob_vs_p_at_ob,train_cfg_0103,1401304402,True,A,True,T,THREAT REDUCTION,A. Threat reduction.,A. Threat reduction.
train_0104__p_at_oa_vs_q_at_oa,train_cfg_0104,2688050052,True,A,True,T,THREAT REDUCTION,A. Threat reduction.,A. Threat reduction.
train_0104__p_at_oa_vs_q_at_oa,train_cfg_0104,2745674059,True,A,True,T,THREAT REDUCTION,A. Threat reduction.,A. Threat reduction.
train_0104__p_at_oa_vs_q_at_oa,train_cfg_0104,3117262703,True,A,True,T,THREAT REDUCTION,A. Threat reduction.,A. Threat reduction.
train_0104__q_at_oa_vs_p_at_oa,train_cfg_0104,410720492,True,A,True,T,THREAT REDUCTION,A. Threat reduction.,A. Threat reduction.
train_0104__q_at_oa_vs_p_at_oa,train_cfg_0104,1026150488,True,A,True,T,THREAT REDUCTION,A. Threat reduction.,A. Threat reduction.
train_0104__q_at_oa_vs_p_at_oa,train_cfg_0104,1015182327,True,A,True,T,THREAT REDUCTION,A. Threat reduction.,A. Threat reduction.
train_0104__p_at_ob_vs_q_at_ob,train_cfg_0104,2699646073,True,B,True,M,STAFF SUSTAINABILITY,<B>. Staff sustainability.,<B>. Staff sustainability.
train_0104__p_at_ob_vs_q_at_ob,train_cfg_0104,841708349,True,B,True,M,STAFF SUSTAINABILITY,<B>. Staff sustainability.,<B>. Staff sustainability.
train_0104__p_at_ob_vs_q_at_ob,train_cfg_0104,1397945685,True,B,True,M,STAFF SUSTAINABILITY,<B>. Staff sustainability.,<B>. Staff sustainability.
train_0104__q_at_ob_vs_p_at_ob,train_cfg_0104,2195399352,True,A,True,M,STAFF SUSTAINABILITY,A. Staff sustainability.,A. Staff sustainability.
train_0104__q_at_ob_vs_p_at_ob,train_cfg_0104,385721382,True,A,True,M,STAFF SUSTAINABILITY,A. Staff sustainability.,A. Staff sustainability.
train_0104__q_at_ob_vs_p_at_ob,train_cfg_0104,3515256349,True,A,True,M,STAFF SUSTAINABILITY,A. Staff sustainability.,A. Staff sustainability.
train_0105__p_at_oa_vs_q_at_oa,train_cfg_0105,577291368,True,B,True,T,THREAT REDUCTION,<B>. Threat reduction.,<B>. Threat reduction.
train_0105__p_at_oa_vs_q_at_oa,train_cfg_0105,3104351675,True,B,True,T,THREAT REDUCTION,<B>. Threat reduction.,<B>. Threat reduction.
train_0105__p_at_oa_vs_q_at_oa,train_cfg_0105,2798882423,True,B,True,T,THREAT REDUCTION,<B>. Threat reduction.,<B>. Threat reduction.
train_0105__q_at_oa_vs_p_at_oa,train_cfg_0105,3331591012,True,A,True,T,THREAT REDUCTION,A. Threat reduction.,A. Threat reduction.
train_0105__q_at_oa_vs_p_at_oa,train_cfg_0105,2350404349,True,A,True,T,THREAT REDUCTION,A. Threat reduction.,A. Threat reduction.
train_0105__q_at_oa_vs_p_at_oa,train_cfg_0105,4251702310,True,A,True,T,THREAT REDUCTION,A. Threat reduction.,A. Threat reduction.
train_0105__p_at_ob_vs_q_at_ob,train_cfg_0105,3816083264,True,B,True,M,STAFF SUSTAINABILITY,<B>. Staff sustainability.,<B>. Staff sustainability.
train_0105__p_at_ob_vs_q_at_ob,train_cfg_0105,3167637285,True,B,True,M,STAFF SUSTAINABILITY,<B>. Staff sustainability.,<B>. Staff sustainability.
train_0105__p_at_ob_vs_q_at_ob,train_cfg_0105,2265890843,True,B,True,M,STAFF SUSTAINABILITY,<B>. Staff sustainability.,<B>. Staff sustainability.
train_0105__q_at_ob_vs_p_at_ob,train_cfg_0105,663937733,True,A,True,C,SERVICE CONTINUITY,A. Service continuity.,A. Service continuity.
train_0105__q_at_ob_vs_p_at_ob,train_cfg_0105,2627687671,True,A,True,C,SERVICE CONTINUITY,A. Service continuity.,A. Service continuity.
train_0105__q_at_ob_vs_p_at_ob,train_cfg_0105,1532946658,True,A,True,C,SERVICE CONTINUITY,A. Service continuity.,A. Service continuity.
train_0106__p_at_oa_vs_q_at_oa,train_cfg_0106,3966855587,True,B,True,T,THREAT REDUCTION,<B>. Threat reduction.,<B>. Threat reduction.
train_0106__p_at_oa_vs_q_at_oa,train_cfg_0106,3664967095,True,B,True,T,THREAT REDUCTION,<B>. Threat reduction.,<B>. Threat reduction.
train_0106__p_at_oa_vs_q_at_oa,train_cfg_0106,150768586,True,B,True,T,THREAT REDUCTION,<B>. Threat reduction.,<B>. Threat reduction.
train_0106__q_at_oa_vs_p_at_oa,train_cfg_0106,3043231965,True,B,True,T,THREAT REDUCTION,<B>. Threat reduction.,<B>. Threat reduction.
train_0106__q_at_oa_vs_p_at_oa,train_cfg_0106,398851262,True,B,True,A,AUDIT READINESS,<B>. Audit readiness.,<B>. Audit readiness.
train_0106__q_at_oa_vs_p_at_oa,train_cfg_0106,2041251303,True,B,True,T,THREAT REDUCTION,<B>. Threat reduction.,<B>. Threat reduction.
train_0106__p_at_ob_vs_q_at_ob,train_cfg_0106,2543946891,True,B,True,T,THREAT REDUCTION,<B>. Threat reduction.,<B>. Threat reduction.
train_0106__p_at_ob_vs_q_at_ob,train_cfg_0106,962776268,True,B,True,T,THREAT REDUCTION,<B>. Threat reduction.,<B>. Threat reduction.
train_0106__p_at_ob_vs_q_at_ob,train_cfg_0106,1338139056,True,B,True,T,THREAT REDUCTION,<B>. Threat reduction.,<B>. Threat reduction.
train_0106__q_at_ob_vs_p_at_ob,train_cfg_0106,77348329,True,B,True,A,AUDIT READINESS,<B>. Audit readiness.,<B>. Audit readiness.
train_0106__q_at_ob_vs_p_at_ob,train_cfg_0106,2614450471,True,B,True,A,AUDIT READINESS,<B>. Audit readiness.,<B>. Audit readiness.
train_0106__q_at_ob_vs_p_at_ob,train_cfg_0106,3947856495,True,B,True,A,AUDIT READINESS,<B>. Audit readiness.,<B>. Audit readiness.
train_0107__p_at_oa_vs_q_at_oa,train_cfg_0107,3181734484,True,B,True,T,THREAT REDUCTION,<B>. Threat reduction.,<B>. Threat reduction.
train_0107__p_at_oa_vs_q_at_oa,train_cfg_0107,1000354347,True,B,True,T,THREAT REDUCTION,<B>. Threat reduction.,<B>. Threat reduction.
train_0107__p_at_oa_vs_q_at_oa,train_cfg_0107,2551000207,True,B,True,T,THREAT REDUCTION,<B>. Threat reduction.,<B>. Threat reduction.
train_0107__q_at_oa_vs_p_at_oa,train_cfg_0107,1207284738,True,A,True,T,THREAT REDUCTION,A. Threat reduction.,A. Threat reduction.
train_0107__q_at_oa_vs_p_at_oa,train_cfg_0107,4235861366,True,A,True,T,THREAT REDUCTION,A. Threat reduction.,A. Threat reduction.
train_0107__q_at_oa_vs_p_at_oa,train_cfg_0107,2696988123,True,B,True,M,STAFF SUSTAINABILITY,<B>. Staff sustainability.,<B>. Staff sustainability.
train_0107__p_at_ob_vs_q_at_ob,train_cfg_0107,1718508179,True,B,True,T,THREAT REDUCTION,<B>. Threat reduction.,<B>. Threat reduction.
train_0107__p_at_ob_vs_q_at_ob,train_cfg_0107,114049126,True,B,True,T,THREAT REDUCTION,<B>. Threat reduction.,<B>. Threat reduction.
train_0107__p_at_ob_vs_q_at_ob,train_cfg_0107,2379677642,True,B,True,T,THREAT REDUCTION,<B>. Threat reduction.,<B>. Threat reduction.
train_0107__q_at_ob_vs_p_at_ob,train_cfg_0107,3944587463,True,A,True,M,STAFF SUSTAINABILITY,A. Staff sustainability.,A. Staff sustainability.
train_0107__q_at_ob_vs_p_at_ob,train_cfg_0107,534087677,True,A,True,M,STAFF SUSTAINABILITY,A. Staff sustainability.,A. Staff sustainability.
train_0107__q_at_ob_vs_p_at_ob,train_cfg_0107,2200715643,True,A,True,M,STAFF SUSTAINABILITY,A. Staff sustainability.,A. Staff sustainability.
train_0108__p_at_oa_vs_q_at_oa,train_cfg_0108,1304488509,True,B,True,M,STAFF SUSTAINABILITY,<B>. Staff sustainability.,<B>. Staff sustainability.
train_0108__p_at_oa_vs_q_at_oa,train_cfg_0108,2071417051,True,B,True,M,STAFF SUSTAINABILITY,<B>. Staff sustainability.,<B>. Staff sustainability.
train_0108__p_at_oa_vs_q_at_oa,train_cfg_0108,1395294497,True,B,True,M,STAFF SUSTAINABILITY,<B>. Staff sustainability.,<B>. Staff sustainability.
train_0108__q_at_oa_vs_p_at_oa,train_cfg_0108,732798684,True,A,True,A,AUDIT READINESS,A. Audit readiness.,A. Audit readiness.
train_0108__q_at_oa_vs_p_at_oa,train_cfg_0108,1830719978,True,A,True,A,AUDIT READINESS,A. Audit readiness.,A. Audit readiness.
train_0108__q_at_oa_vs_p_at_oa,train_cfg_0108,2652240953,True,A,True,A,AUDIT READINESS,A. Audit readiness.,A. Audit readiness.
train_0108__p_at_ob_vs_q_at_ob,train_cfg_0108,3709100446,True,B,True,M,STAFF SUSTAINABILITY,<B>. Staff sustainability.,<B>. Staff sustainability.
train_0108__p_at_ob_vs_q_at_ob,train_cfg_0108,276576605,True,B,True,M,STAFF SUSTAINABILITY,<B>. Staff sustainability.,<B>. Staff sustainability.
train_0108__p_at_ob_vs_q_at_ob,train_cfg_0108,124949856,True,B,True,M,STAFF SUSTAINABILITY,<B>. Staff sustainability.,<B>. Staff sustainability.
train_0108__q_at_ob_vs_p_at_ob,train_cfg_0108,606978166,True,A,True,M,STAFF SUSTAINABILITY,A. Staff sustainability.,A. Staff sustainability.
train_0108__q_at_ob_vs_p_at_ob,train_cfg_0108,2680386857,True,A,True,M,STAFF SUSTAINABILITY,A. Staff sustainability.,A. Staff sustainability.
train_0108__q_at_ob_vs_p_at_ob,train_cfg_0108,3773411728,True,A,True,M,STAFF SUSTAINABILITY,A. Staff sustainability.,A. Staff sustainability.
train_0109__p_at_oa_vs_q_at_oa,train_cfg_0109,1424649264,True,B,True,M,STAFF SUSTAINABILITY,<B>. Staff sustainability.,<B>. Staff sustainability.
train_0109__p_at_oa_vs_q_at_oa,train_cfg_0109,427438887,True,B,True,M,STAFF SUSTAINABILITY,<B>. Staff sustainability.,<B>. Staff sustainability.
train_0109__p_at_oa_vs_q_at_oa,train_cfg_0109,4246616712,True,B,True,M,STAFF SUSTAINABILITY,<B>. Staff sustainability.,<B>. Staff sustainability.
train_0109__q_at_oa_vs_p_at_oa,train_cfg_0109,1465139882,True,A,True,M,STAFF SUSTAINABILITY,A. Staff sustainability.,A. Staff sustainability.
train_0109__q_at_oa_vs_p_at_oa,train_cfg_0109,3256179028,True,A,True,M,STAFF SUSTAINABILITY,A. Staff sustainability.,A. Staff sustainability.
train_0109__q_at_oa_vs_p_at_oa,train_cfg_0109,3502440394,True,A,True,M,STAFF SUSTAINABILITY,A. Staff sustainability.,A. Staff sustainability.
train_0109__p_at_ob_vs_q_at_ob,train_cfg_0109,2635337475,True,A,True,A,AUDIT READINESS,A. Audit readiness.,A. Audit readiness.
train_0109__p_at_ob_vs_q_at_ob,train_cfg_0109,3966796520,True,A,True,A,AUDIT READINESS,A. Audit readiness.,A. Audit readiness.
train_0109__p_at_ob_vs_q_at_ob,train_cfg_0109,452101184,True,A,True,A,AUDIT READINESS,A. Audit readiness.,A. Audit readiness.
train_0109__q_at_ob_vs_p_at_ob,train_cfg_0109,3350476708,True,B,True,A,AUDIT READINESS,<B>. Audit readiness.,<B>. Audit readiness.
train_0109__q_at_ob_vs_p_at_ob,train_cfg_0109,4292698901,True,B,True,A,AUDIT READINESS,<B>. Audit readiness.,<B>. Audit readiness.
train_0109__q_at_ob_vs_p_at_ob,train_cfg_0109,2119014446,True,B,True,A,AUDIT READINESS,<B>. Audit readiness.,<B>. Audit readiness.
train_0110__p_at_oa_vs_q_at_oa,train_cfg_0110,2100790199,True,A,True,C,SERVICE CONTINUITY,A. Service continuity.,A. Service continuity.
train_0110__p_at_oa_vs_q_at_oa,train_cfg_0110,1575324724,True,A,True,C,SERVICE CONTINUITY,A. Service continuity.,A. Service continuity.
train_0110__p_at_oa_vs_q_at_oa,train_cfg_0110,3151675669,True,A,True,C,SERVICE CONTINUITY,A. Service continuity.,A. Service continuity.
train_0110__q_at_oa_vs_p_at_oa,train_cfg_0110,225426779,True,B,True,M,STAFF SUSTAINABILITY,<B>. Staff sustainability.,<B>. Staff sustainability.
train_0110__q_at_oa_vs_p_at_oa,train_cfg_0110,1986219842,True,B,True,M,STAFF SUSTAINABILITY,<B>. Staff sustainability.,<B>. Staff sustainability.
train_0110__q_at_oa_vs_p_at_oa,train_cfg_0110,2414037794,True,B,True,M,STAFF SUSTAINABILITY,<B>. Staff sustainability.,<B>. Staff sustainability.
train_0110__p_at_ob_vs_q_at_ob,train_cfg_0110,26998324,True,A,True,M,STAFF SUSTAINABILITY,A. Staff sustainability.,A. Staff sustainability.
train_0110__p_at_ob_vs_q_at_ob,train_cfg_0110,4066256761,True,A,True,M,STAFF SUSTAINABILITY,A. Staff sustainability.,A. Staff sustainability.
train_0110__p_at_ob_vs_q_at_ob,train_cfg_0110,470153793,True,A,True,M,STAFF SUSTAINABILITY,A. Staff sustainability.,A. Staff sustainability.
train_0110__q_at_ob_vs_p_at_ob,train_cfg_0110,3281869842,True,B,True,C,SERVICE CONTINUITY,<B>. Service continuity.,<B>. Service continuity.
train_0110__q_at_ob_vs_p_at_ob,train_cfg_0110,3831915699,True,B,True,C,SERVICE CONTINUITY,<B>. Service continuity.,<B>. Service continuity.
train_0110__q_at_ob_vs_p_at_ob,train_cfg_0110,373021627,True,B,True,C,SERVICE CONTINUITY,<B>. Service continuity.,<B>. Service continuity.
train_0111__p_at_oa_vs_q_at_oa,train_cfg_0111,534009255,True,B,True,T,THREAT REDUCTION,B. Threat reduction.,B. Threat reduction.
train_0111__p_at_oa_vs_q_at_oa,train_cfg_0111,3836754866,True,B,True,T,THREAT REDUCTION,B. Threat reduction.,B. Threat reduction.
train_0111__p_at_oa_vs_q_at_oa,train_cfg_0111,1602519875,True,B,True,T,THREAT REDUCTION,B. Threat reduction.,B. Threat reduction.
train_0111__q_at_oa_vs_p_at_oa,train_cfg_0111,427752352,True,A,True,T,THREAT REDUCTION,A. Threat reduction.,A. Threat reduction.
train_0111__q_at_oa_vs_p_at_oa,train_cfg_0111,3302068600,True,A,True,T,THREAT REDUCTION,A. Threat reduction.,A. Threat reduction.
train_0111__q_at_oa_vs_p_at_oa,train_cfg_0111,81324458,True,A,True,T,THREAT REDUCTION,A. Threat reduction.,A. Threat reduction.
train_0111__p_at_ob_vs_q_at_ob,train_cfg_0111,2777103289,True,B,True,T,THREAT REDUCTION,B. Threat reduction.,B. Threat reduction.
train_0111__p_at_ob_vs_q_at_ob,train_cfg_0111,4028382200,True,B,True,T,THREAT REDUCTION,<B>. Threat reduction.,<B>. Threat reduction.
train_0111__p_at_ob_vs_q_at_ob,train_cfg_0111,175356454,True,B,True,T,THREAT REDUCTION,<B>. Threat reduction.,<B>. Threat reduction.
train_0111__q_at_ob_vs_p_at_ob,train_cfg_0111,2985619766,True,A,True,T,THREAT REDUCTION,A. Threat reduction.,A. Threat reduction.
train_0111__q_at_ob_vs_p_at_ob,train_cfg_0111,3438451917,True,A,True,T,THREAT REDUCTION,A. Threat reduction.,A. Threat reduction.
train_0111__q_at_ob_vs_p_at_ob,train_cfg_0111,420686222,True,A,True,T,THREAT REDUCTION,A. Threat reduction.,A. Threat reduction.
train_0112__p_at_oa_vs_q_at_oa,train_cfg_0112,476468049,True,B,True,C,SERVICE CONTINUITY,<B>. Service continuity.,<B>. Service continuity.
train_0112__p_at_oa_vs_q_at_oa,train_cfg_0112,4171353526,True,B,True,C,SERVICE CONTINUITY,<B>. Service continuity.,<B>. Service continuity.
train_0112__p_at_oa_vs_q_at_oa,train_cfg_0112,1177528271,True,B,True,C,SERVICE CONTINUITY,<B>. Service continuity.,<B>. Service continuity.
train_0112__q_at_oa_vs_p_at_oa,train_cfg_0112,3805183363,True,B,True,A,AUDIT READINESS,<B>. Audit readiness.,<B>. Audit readiness.
train_0112__q_at_oa_vs_p_at_oa,train_cfg_0112,597889111,True,B,True,A,AUDIT READINESS,<B>. Audit readiness.,<B>. Audit readiness.
train_0112__q_at_oa_vs_p_at_oa,train_cfg_0112,1006308307,True,B,True,A,AUDIT READINESS,<B>. Audit readiness.,<B>. Audit readiness.
train_0112__p_at_ob_vs_q_at_ob,train_cfg_0112,4000541866,True,A,True,C,SERVICE CONTINUITY,A. Service continuity.,A. Service continuity.
train_0112__p_at_ob_vs_q_at_ob,train_cfg_0112,795487428,True,A,True,C,SERVICE CONTINUITY,A. Service continuity.,A. Service continuity.
train_0112__p_at_ob_vs_q_at_ob,train_cfg_0112,3867640621,True,A,True,M,STAFF SUSTAINABILITY,A. Staff sustainability.,A. Staff sustainability.
train_0112__q_at_ob_vs_p_at_ob,train_cfg_0112,67966828,True,A,True,M,STAFF SUSTAINABILITY,A. Staff sustainability.,A. Staff sustainability.
train_0112__q_at_ob_vs_p_at_ob,train_cfg_0112,854834546,True,A,True,M,STAFF SUSTAINABILITY,A. Staff sustainability.,A. Staff sustainability.
train_0112__q_at_ob_vs_p_at_ob,train_cfg_0112,2164645832,True,A,True,M,STAFF SUSTAINABILITY,A. Staff sustainability.,A. Staff sustainability.
train_0113__p_at_oa_vs_q_at_oa,train_cfg_0113,2002066141,True,B,True,M,STAFF SUSTAINABILITY,<B>. Staff sustainability.,<B>. Staff sustainability.
train_0113__p_at_oa_vs_q_at_oa,train_cfg_0113,619086145,True,B,True,M,STAFF SUSTAINABILITY,<B>. Staff sustainability.,<B>. Staff sustainability.
train_0113__p_at_oa_vs_q_at_oa,train_cfg_0113,1224247709,True,B,True,M,STAFF SUSTAINABILITY,<B>. Staff sustainability.,<B>. Staff sustainability.
train_0113__q_at_oa_vs_p_at_oa,train_cfg_0113,196368470,True,A,True,T,THREAT REDUCTION,A. Threat reduction.,A. Threat reduction.
train_0113__q_at_oa_vs_p_at_oa,train_cfg_0113,3451340945,True,A,True,T,THREAT REDUCTION,A. Threat reduction.,A. Threat reduction.
train_0113__q_at_oa_vs_p_at_oa,train_cfg_0113,2841298779,True,A,True,T,THREAT REDUCTION,A. Threat reduction.,A. Threat reduction.
train_0113__p_at_ob_vs_q_at_ob,train_cfg_0113,313666880,True,B,True,T,THREAT REDUCTION,<B>. Threat reduction.,<B>. Threat reduction.
train_0113__p_at_ob_vs_q_at_ob,train_cfg_0113,936328599,True,B,True,T,THREAT REDUCTION,<B>. Threat reduction.,<B>. Threat reduction.
train_0113__p_at_ob_vs_q_at_ob,train_cfg_0113,542865150,True,B,True,T,THREAT REDUCTION,<B>. Threat reduction.,<B>. Threat reduction.
train_0113__q_at_ob_vs_p_at_ob,train_cfg_0113,3515389616,True,A,True,T,THREAT REDUCTION,A. Threat reduction.,A. Threat reduction.
train_0113__q_at_ob_vs_p_at_ob,train_cfg_0113,4223664739,True,A,True,T,THREAT REDUCTION,A. Threat reduction.,A. Threat reduction.
train_0113__q_at_ob_vs_p_at_ob,train_cfg_0113,838174978,True,A,True,T,THREAT REDUCTION,A. Threat reduction.,A. Threat reduction.
train_0114__p_at_oa_vs_q_at_oa,train_cfg_0114,1002797217,True,B,True,M,STAFF SUSTAINABILITY,<B>. Staff sustainability.,<B>. Staff sustainability.
train_0114__p_at_oa_vs_q_at_oa,train_cfg_0114,132427862,True,B,True,M,STAFF SUSTAINABILITY,<B>. Staff sustainability.,<B>. Staff sustainability.
train_0114__p_at_oa_vs_q_at_oa,train_cfg_0114,3690891925,True,B,True,M,STAFF SUSTAINABILITY,<B>. Staff sustainability.,<B>. Staff sustainability.
train_0114__q_at_oa_vs_p_at_oa,train_cfg_0114,3956777709,True,A,True,M,STAFF SUSTAINABILITY,A. Staff sustainability.,A. Staff sustainability.
train_0114__q_at_oa_vs_p_at_oa,train_cfg_0114,973054500,True,A,True,M,STAFF SUSTAINABILITY,A. Staff sustainability.,A. Staff sustainability.
train_0114__q_at_oa_vs_p_at_oa,train_cfg_0114,3022740151,True,A,True,M,STAFF SUSTAINABILITY,A. Staff sustainability.,A. Staff sustainability.
train_0114__p_at_ob_vs_q_at_ob,train_cfg_0114,3789518987,True,B,True,M,STAFF SUSTAINABILITY,<B>. Staff sustainability.,<B>. Staff sustainability.
train_0114__p_at_ob_vs_q_at_ob,train_cfg_0114,3162830157,True,B,True,M,STAFF SUSTAINABILITY,<B>. Staff sustainability.,<B>. Staff sustainability.
train_0114__p_at_ob_vs_q_at_ob,train_cfg_0114,2404761833,True,B,True,M,STAFF SUSTAINABILITY,<B>. Staff sustainability.,<B>. Staff sustainability.
train_0114__q_at_ob_vs_p_at_ob,train_cfg_0114,1525033594,True,A,True,M,STAFF SUSTAINABILITY,A. Staff sustainability.,A. Staff sustainability.
train_0114__q_at_ob_vs_p_at_ob,train_cfg_0114,3833815553,True,A,True,M,STAFF SUSTAINABILITY,A. Staff sustainability.,A. Staff sustainability.
train_0114__q_at_ob_vs_p_at_ob,train_cfg_0114,4062367269,True,A,True,M,STAFF SUSTAINABILITY,A. Staff sustainability.,A. Staff sustainability.
train_0115__p_at_oa_vs_q_at_oa,train_cfg_0115,571230914,True,B,True,P,SYSTEM PORTABILITY,<B>. System portability.,<B>. System portability.
train_0115__p_at_oa_vs_q_at_oa,train_cfg_0115,2921109865,True,B,True,P,SYSTEM PORTABILITY,<B>. System portability.,<B>. System portability.
train_0115__p_at_oa_vs_q_at_oa,train_cfg_0115,928341124,True,B,True,P,SYSTEM PORTABILITY,<B>. System portability.,<B>. System portability.
train_0115__q_at_oa_vs_p_at_oa,train_cfg_0115,3617982053,True,A,True,T,THREAT REDUCTION,A. Threat reduction.,A. Threat reduction.
train_0115__q_at_oa_vs_p_at_oa,train_cfg_0115,21333580,True,A,True,T,THREAT REDUCTION,A. Threat reduction.,A. Threat reduction.
train_0115__q_at_oa_vs_p_at_oa,train_cfg_0115,1182899616,True,A,True,T,THREAT REDUCTION,A. Threat reduction.,A. Threat reduction.
train_0115__p_at_ob_vs_q_at_ob,train_cfg_0115,3034373689,True,B,True,P,SYSTEM PORTABILITY,<B>. System portability.,<B>. System portability.
train_0115__p_at_ob_vs_q_at_ob,train_cfg_0115,3618787712,True,B,True,P,SYSTEM PORTABILITY,<B>. System portability.,<B>. System portability.
train_0115__p_at_ob_vs_q_at_ob,train_cfg_0115,238353176,True,B,True,P,SYSTEM PORTABILITY,<B>. System portability.,<B>. System portability.
train_0115__q_at_ob_vs_p_at_ob,train_cfg_0115,1853643376,True,A,True,C,SERVICE CONTINUITY,A. Service continuity.,A. Service continuity.
train_0115__q_at_ob_vs_p_at_ob,train_cfg_0115,2676713072,True,A,True,C,SERVICE CONTINUITY,A. Service continuity.,A. Service continuity.
train_0115__q_at_ob_vs_p_at_ob,train_cfg_0115,761522777,True,A,True,C,SERVICE CONTINUITY,A. Service continuity.,A. Service continuity.
train_0116__p_at_oa_vs_q_at_oa,train_cfg_0116,3929734427,True,B,True,C,SERVICE CONTINUITY,B. Service continuity.,B. Service continuity.
train_0116__p_at_oa_vs_q_at_oa,train_cfg_0116,2277388597,True,B,True,C,SERVICE CONTINUITY,<B>. Service continuity.,<B>. Service continuity.
train_0116__p_at_oa_vs_q_at_oa,train_cfg_0116,962048109,True,B,True,C,SERVICE CONTINUITY,<B>. Service continuity.,<B>. Service continuity.
train_0116__q_at_oa_vs_p_at_oa,train_cfg_0116,4235735619,True,A,True,C,SERVICE CONTINUITY,A. Service continuity.,A. Service continuity.
train_0116__q_at_oa_vs_p_at_oa,train_cfg_0116,37553860,True,A,True,C,SERVICE CONTINUITY,A. Service continuity.,A. Service continuity.
train_0116__q_at_oa_vs_p_at_oa,train_cfg_0116,1812370691,True,A,True,C,SERVICE CONTINUITY,A. Service continuity.,A. Service continuity.
train_0116__p_at_ob_vs_q_at_ob,train_cfg_0116,4240487168,True,B,True,M,STAFF SUSTAINABILITY,B. Staff sustainability.,B. Staff sustainability.
train_0116__p_at_ob_vs_q_at_ob,train_cfg_0116,1940878885,True,B,True,M,STAFF SUSTAINABILITY,B. Staff sustainability.,B. Staff sustainability.
train_0116__p_at_ob_vs_q_at_ob,train_cfg_0116,3574454334,True,B,True,M,STAFF SUSTAINABILITY,B. Staff sustainability.,B. Staff sustainability.
train_0116__q_at_ob_vs_p_at_ob,train_cfg_0116,2293415396,True,A,True,C,SERVICE CONTINUITY,A. Service continuity.,A. Service continuity.
train_0116__q_at_ob_vs_p_at_ob,train_cfg_0116,177402939,True,A,True,C,SERVICE CONTINUITY,A. Service continuity.,A. Service continuity.
train_0116__q_at_ob_vs_p_at_ob,train_cfg_0116,2405126031,True,A,True,C,SERVICE CONTINUITY,A. Service continuity.,A. Service continuity.
train_0117__p_at_oa_vs_q_at_oa,train_cfg_0117,1520891749,True,A,True,C,SERVICE CONTINUITY,A. Service continuity.,A. Service continuity.
train_0117__p_at_oa_vs_q_at_oa,train_cfg_0117,2400388713,True,A,True,C,SERVICE CONTINUITY,A. Service continuity.,A. Service continuity.
train_0117__p_at_oa_vs_q_at_oa,train_cfg_0117,1509559139,True,A,True,C,SERVICE CONTINUITY,A. Service continuity.,A. Service continuity.
train_0117__q_at_oa_vs_p_at_oa,train_cfg_0117,3302484120,True,A,True,T,THREAT REDUCTION,A. Threat reduction.,A. Threat reduction.
train_0117__q_at_oa_vs_p_at_oa,train_cfg_0117,3504538993,True,A,True,T,THREAT REDUCTION,A. Threat reduction.,A. Threat reduction.
train_0117__q_at_oa_vs_p_at_oa,train_cfg_0117,485751414,True,A,True,T,THREAT REDUCTION,A. Threat reduction.,A. Threat reduction.
train_0117__p_at_ob_vs_q_at_ob,train_cfg_0117,1699073729,True,B,True,D,DEPLOYMENT SPEED,B. Deployment speed.,B. Deployment speed.
train_0117__p_at_ob_vs_q_at_ob,train_cfg_0117,4103203053,True,B,True,D,DEPLOYMENT SPEED,B. Deployment speed.,B. Deployment speed.
train_0117__p_at_ob_vs_q_at_ob,train_cfg_0117,2723663723,True,B,True,D,DEPLOYMENT SPEED,B. Deployment speed.,B. Deployment speed.
train_0117__q_at_ob_vs_p_at_ob,train_cfg_0117,1696321108,True,A,True,T,THREAT REDUCTION,A. Threat reduction.,A. Threat reduction.
train_0117__q_at_ob_vs_p_at_ob,train_cfg_0117,3915740465,True,A,True,T,THREAT REDUCTION,A. Threat reduction.,A. Threat reduction.
train_0117__q_at_ob_vs_p_at_ob,train_cfg_0117,1100164828,True,A,True,T,THREAT REDUCTION,A. Threat reduction.,A. Threat reduction.
train_0118__p_at_oa_vs_q_at_oa,train_cfg_0118,1803512193,True,B,True,D,DEPLOYMENT SPEED,<B>. Deployment speed.,<B>. Deployment speed.
train_0118__p_at_oa_vs_q_at_oa,train_cfg_0118,2170113938,True,B,True,D,DEPLOYMENT SPEED,<B>. Deployment speed.,<B>. Deployment speed.
train_0118__p_at_oa_vs_q_at_oa,train_cfg_0118,3053131908,True,B,True,D,DEPLOYMENT SPEED,<B>. Deployment speed.,<B>. Deployment speed.
train_0118__q_at_oa_vs_p_at_oa,train_cfg_0118,1579769778,True,A,True,D,DEPLOYMENT SPEED,A. Deployment speed.,A. Deployment speed.
train_0118__q_at_oa_vs_p_at_oa,train_cfg_0118,3784103394,True,A,True,D,DEPLOYMENT SPEED,A. Deployment speed.,A. Deployment speed.
train_0118__q_at_oa_vs_p_at_oa,train_cfg_0118,549938654,True,A,True,D,DEPLOYMENT SPEED,A. Deployment speed.,A. Deployment speed.
train_0118__p_at_ob_vs_q_at_ob,train_cfg_0118,1682884958,True,B,True,D,DEPLOYMENT SPEED,<B>. Deployment speed.,<B>. Deployment speed.
train_0118__p_at_ob_vs_q_at_ob,train_cfg_0118,645474842,True,B,True,D,DEPLOYMENT SPEED,<B>. Deployment speed.,<B>. Deployment speed.
train_0118__p_at_ob_vs_q_at_ob,train_cfg_0118,3645827993,True,B,True,D,DEPLOYMENT SPEED,<B>. Deployment speed.,<B>. Deployment speed.
train_0118__q_at_ob_vs_p_at_ob,train_cfg_0118,4293053540,True,A,True,D,DEPLOYMENT SPEED,A. Deployment speed.,A. Deployment speed.
train_0118__q_at_ob_vs_p_at_ob,train_cfg_0118,2889308068,True,A,True,D,DEPLOYMENT SPEED,A. Deployment speed.,A. Deployment speed.
train_0118__q_at_ob_vs_p_at_ob,train_cfg_0118,2443853193,True,A,True,D,DEPLOYMENT SPEED,A. Deployment speed.,A. Deployment speed.
train_0119__p_at_oa_vs_q_at_oa,train_cfg_0119,2887852878,True,B,True,T,THREAT REDUCTION,<B>. Threat reduction.,<B>. Threat reduction.
train_0119__p_at_oa_vs_q_at_oa,train_cfg_0119,1663323632,True,B,True,T,THREAT REDUCTION,<B>. Threat reduction.,<B>. Threat reduction.
train_0119__p_at_oa_vs_q_at_oa,train_cfg_0119,2342119730,True,B,True,T,THREAT REDUCTION,<B>. Threat reduction.,<B>. Threat reduction.
train_0119__q_at_oa_vs_p_at_oa,train_cfg_0119,917391366,True,A,True,T,THREAT REDUCTION,A. Threat reduction.,A. Threat reduction.
train_0119__q_at_oa_vs_p_at_oa,train_cfg_0119,3329729465,True,A,True,T,THREAT REDUCTION,A. Threat reduction.,A. Threat reduction.
train_0119__q_at_oa_vs_p_at_oa,train_cfg_0119,1469072147,True,B,True,C,SERVICE CONTINUITY,<B>. Service continuity.,<B>. Service continuity.
train_0119__p_at_ob_vs_q_at_ob,train_cfg_0119,1157814867,True,B,True,T,THREAT REDUCTION,<B>. Threat reduction.,<B>. Threat reduction.
train_0119__p_at_ob_vs_q_at_ob,train_cfg_0119,1593951435,True,B,True,T,THREAT REDUCTION,<B>. Threat reduction.,<B>. Threat reduction.
train_0119__p_at_ob_vs_q_at_ob,train_cfg_0119,4147353625,True,B,True,T,THREAT REDUCTION,<B>. Threat reduction.,<B>. Threat reduction.
train_0119__q_at_ob_vs_p_at_ob,train_cfg_0119,4017216577,True,A,True,M,STAFF SUSTAINABILITY,A. Staff sustainability.,A. Staff sustainability.
train_0119__q_at_ob_vs_p_at_ob,train_cfg_0119,91275768,True,A,True,M,STAFF SUSTAINABILITY,A. Staff sustainability.,A. Staff sustainability.
train_0119__q_at_ob_vs_p_at_ob,train_cfg_0119,95507990,True,A,True,M,STAFF SUSTAINABILITY,A. Staff sustainability.,A. Staff sustainability.
train_0120__p_at_oa_vs_q_at_oa,train_cfg_0120,759751939,True,B,True,C,SERVICE CONTINUITY,<B>. Service continuity.,<B>. Service continuity.
train_0120__p_at_oa_vs_q_at_oa,train_cfg_0120,181659863,True,B,True,C,SERVICE CONTINUITY,<B>. Service continuity.,<B>. Service continuity.
train_0120__p_at_oa_vs_q_at_oa,train_cfg_0120,2131827018,True,B,True,C,SERVICE CONTINUITY,<B>. Service continuity.,<B>. Service continuity.
train_0120__q_at_oa_vs_p_at_oa,train_cfg_0120,3586443192,True,A,True,C,SERVICE CONTINUITY,A. Service continuity.,A. Service continuity.
train_0120__q_at_oa_vs_p_at_oa,train_cfg_0120,4292638184,True,A,True,C,SERVICE CONTINUITY,A. Service continuity.,A. Service continuity.
train_0120__q_at_oa_vs_p_at_oa,train_cfg_0120,3089767211,True,A,True,C,SERVICE CONTINUITY,A. Service continuity.,A. Service continuity.
train_0120__p_at_ob_vs_q_at_ob,train_cfg_0120,680193286,True,B,True,C,SERVICE CONTINUITY,<B>. Service continuity.,<B>. Service continuity.
train_0120__p_at_ob_vs_q_at_ob,train_cfg_0120,3591455219,True,B,True,C,SERVICE CONTINUITY,<B>. Service continuity.,<B>. Service continuity.
train_0120__p_at_ob_vs_q_at_ob,train_cfg_0120,3560560416,True,B,True,C,SERVICE CONTINUITY,<B>. Service continuity.,<B>. Service continuity.
train_0120__q_at_ob_vs_p_at_ob,train_cfg_0120,730616997,True,B,True,A,AUDIT READINESS,<B>. Audit readiness.,<B>. Audit readiness.
train_0120__q_at_ob_vs_p_at_ob,train_cfg_0120,2362054228,True,B,True,C,SERVICE CONTINUITY,<B>. Service continuity.,<B>. Service continuity.
train_0120__q_at_ob_vs_p_at_ob,train_cfg_0120,2170737854,True,A,True,C,SERVICE CONTINUITY,A. Service continuity.,A. Service continuity.
train_0121__p_at_oa_vs_q_at_oa,train_cfg_0121,99298609,True,B,True,D,DEPLOYMENT SPEED,<B>. Deployment speed.,<B>. Deployment speed.
train_0121__p_at_oa_vs_q_at_oa,train_cfg_0121,1068698279,True,B,True,D,DEPLOYMENT SPEED,<B>. Deployment speed.,<B>. Deployment speed.
train_0121__p_at_oa_vs_q_at_oa,train_cfg_0121,3979704731,True,B,True,D,DEPLOYMENT SPEED,<B>. Deployment speed.,<B>. Deployment speed.
train_0121__q_at_oa_vs_p_at_oa,train_cfg_0121,1222256190,True,A,True,D,DEPLOYMENT SPEED,A. Deployment speed.,A. Deployment speed.
train_0121__q_at_oa_vs_p_at_oa,train_cfg_0121,3727149269,True,A,True,D,DEPLOYMENT SPEED,A. Deployment speed.,A. Deployment speed.
train_0121__q_at_oa_vs_p_at_oa,train_cfg_0121,1893284313,True,A,True,D,DEPLOYMENT SPEED,A. Deployment speed.,A. Deployment speed.
train_0121__p_at_ob_vs_q_at_ob,train_cfg_0121,799448720,True,B,True,P,SYSTEM PORTABILITY,<B>. System portability.,<B>. System portability.
train_0121__p_at_ob_vs_q_at_ob,train_cfg_0121,1072522217,True,B,True,P,SYSTEM PORTABILITY,<B>. System portability.,<B>. System portability.
train_0121__p_at_ob_vs_q_at_ob,train_cfg_0121,4037368916,True,B,True,P,SYSTEM PORTABILITY,<B>. System portability.,<B>. System portability.
train_0121__q_at_ob_vs_p_at_ob,train_cfg_0121,400524992,True,A,True,D,DEPLOYMENT SPEED,A. Deployment speed.,A. Deployment speed.
train_0121__q_at_ob_vs_p_at_ob,train_cfg_0121,620221321,True,A,True,D,DEPLOYMENT SPEED,A. Deployment speed.,A. Deployment speed.
train_0121__q_at_ob_vs_p_at_ob,train_cfg_0121,2454546325,True,A,True,D,DEPLOYMENT SPEED,A. Deployment speed.,A. Deployment speed.
train_0122__p_at_oa_vs_q_at_oa,train_cfg_0122,4057959338,True,A,True,T,THREAT REDUCTION,A. Threat reduction.,A. Threat reduction.
train_0122__p_at_oa_vs_q_at_oa,train_cfg_0122,2779761482,True,A,True,T,THREAT REDUCTION,A. Threat reduction.,A. Threat reduction.
train_0122__p_at_oa_vs_q_at_oa,train_cfg_0122,1279493208,True,A,True,T,THREAT REDUCTION,A. Threat reduction.,A. Threat reduction.
train_0122__q_at_oa_vs_p_at_oa,train_cfg_0122,2782314886,True,B,True,C,SERVICE CONTINUITY,<B>. Service continuity.,<B>. Service continuity.
train_0122__q_at_oa_vs_p_at_oa,train_cfg_0122,192442277,True,B,True,C,SERVICE CONTINUITY,<B>. Service continuity.,<B>. Service continuity.
train_0122__q_at_oa_vs_p_at_oa,train_cfg_0122,215967491,True,B,True,C,SERVICE CONTINUITY,<B>. Service continuity.,<B>. Service continuity.
train_0122__p_at_ob_vs_q_at_ob,train_cfg_0122,2422586006,True,A,True,C,SERVICE CONTINUITY,A. Service continuity.,A. Service continuity.
train_0122__p_at_ob_vs_q_at_ob,train_cfg_0122,1724271793,True,A,True,C,SERVICE CONTINUITY,A. Service continuity.,A. Service continuity.
train_0122__p_at_ob_vs_q_at_ob,train_cfg_0122,435885918,True,A,True,C,SERVICE CONTINUITY,A. Service continuity.,A. Service continuity.
train_0122__q_at_ob_vs_p_at_ob,train_cfg_0122,654113761,True,B,True,C,SERVICE CONTINUITY,<B>. Service continuity.,<B>. Service continuity.
train_0122__q_at_ob_vs_p_at_ob,train_cfg_0122,3736816380,True,B,True,C,SERVICE CONTINUITY,<B>. Service continuity.,<B>. Service continuity.
train_0122__q_at_ob_vs_p_at_ob,train_cfg_0122,3848901634,True,B,True,C,SERVICE CONTINUITY,<B>. Service continuity.,<B>. Service continuity.
train_0123__p_at_oa_vs_q_at_oa,train_cfg_0123,3400194984,True,B,True,T,THREAT REDUCTION,<B>. Threat reduction.,<B>. Threat reduction.
train_0123__p_at_oa_vs_q_at_oa,train_cfg_0123,961093919,True,B,True,T,THREAT REDUCTION,<B>. Threat reduction.,<B>. Threat reduction.
train_0123__p_at_oa_vs_q_at_oa,train_cfg_0123,3437352587,True,B,True,T,THREAT REDUCTION,<B>. Threat reduction.,<B>. Threat reduction.
train_0123__q_at_oa_vs_p_at_oa,train_cfg_0123,2028929293,True,B,True,A,AUDIT READINESS,<B>. Audit readiness.,<B>. Audit readiness.
train_0123__q_at_oa_vs_p_at_oa,train_cfg_0123,2423624514,True,B,True,A,AUDIT READINESS,<B>. Audit readiness.,<B>. Audit readiness.
train_0123__q_at_oa_vs_p_at_oa,train_cfg_0123,478779005,True,B,True,A,AUDIT READINESS,<B>. Audit readiness.,<B>. Audit readiness.
train_0123__p_at_ob_vs_q_at_ob,train_cfg_0123,3946836518,True,B,True,T,THREAT REDUCTION,<B>. Threat reduction.,<B>. Threat reduction.
train_0123__p_at_ob_vs_q_at_ob,train_cfg_0123,1495634363,True,B,True,T,THREAT REDUCTION,<B>. Threat reduction.,<B>. Threat reduction.
train_0123__p_at_ob_vs_q_at_ob,train_cfg_0123,1427670734,True,B,True,T,THREAT REDUCTION,<B>. Threat reduction.,<B>. Threat reduction.
train_0123__q_at_ob_vs_p_at_ob,train_cfg_0123,3662546826,True,A,True,M,STAFF SUSTAINABILITY,A. Staff sustainability.,A. Staff sustainability.
train_0123__q_at_ob_vs_p_at_ob,train_cfg_0123,3797951726,True,A,True,T,THREAT REDUCTION,A. Threat reduction.,A. Threat reduction.
train_0123__q_at_ob_vs_p_at_ob,train_cfg_0123,2939046735,True,A,True,M,STAFF SUSTAINABILITY,A. Staff sustainability.,A. Staff sustainability.
train_0124__p_at_oa_vs_q_at_oa,train_cfg_0124,118753238,True,B,True,T,THREAT REDUCTION,<B>. Threat reduction.,<B>. Threat reduction.
train_0124__p_at_oa_vs_q_at_oa,train_cfg_0124,1620715970,True,B,True,T,THREAT REDUCTION,<B>. Threat reduction.,<B>. Threat reduction.
train_0124__p_at_oa_vs_q_at_oa,train_cfg_0124,2594557260,True,B,True,T,THREAT REDUCTION,<B>. Threat reduction.,<B>. Threat reduction.
train_0124__q_at_oa_vs_p_at_oa,train_cfg_0124,2011620297,True,A,True,M,STAFF SUSTAINABILITY,A. Staff sustainability.,A. Staff sustainability.
train_0124__q_at_oa_vs_p_at_oa,train_cfg_0124,2428692105,True,A,True,M,STAFF SUSTAINABILITY,A. Staff sustainability.,A. Staff sustainability.
train_0124__q_at_oa_vs_p_at_oa,train_cfg_0124,1781706243,True,A,True,M,STAFF SUSTAINABILITY,A. Staff sustainability.,A. Staff sustainability.
train_0124__p_at_ob_vs_q_at_ob,train_cfg_0124,2862580686,True,B,True,M,STAFF SUSTAINABILITY,<B>. Staff sustainability.,<B>. Staff sustainability.
train_0124__p_at_ob_vs_q_at_ob,train_cfg_0124,4227731963,True,B,True,M,STAFF SUSTAINABILITY,<B>. Staff sustainability.,<B>. Staff sustainability.
train_0124__p_at_ob_vs_q_at_ob,train_cfg_0124,1545383157,True,B,True,M,STAFF SUSTAINABILITY,<B>. Staff sustainability.,<B>. Staff sustainability.
train_0124__q_at_ob_vs_p_at_ob,train_cfg_0124,2372661524,True,A,True,M,STAFF SUSTAINABILITY,A. Staff sustainability.,A. Staff sustainability.
train_0124__q_at_ob_vs_p_at_ob,train_cfg_0124,455297983,True,A,True,T,THREAT REDUCTION,A. Threat reduction.,A. Threat reduction.
train_0124__q_at_ob_vs_p_at_ob,train_cfg_0124,508390046,True,A,True,T,THREAT REDUCTION,A. Threat reduction.,A. Threat reduction.
train_0125__p_at_oa_vs_q_at_oa,train_cfg_0125,2759147861,True,B,True,C,SERVICE CONTINUITY,<B>. Service continuity.,<B>. Service continuity.
train_0125__p_at_oa_vs_q_at_oa,train_cfg_0125,600542468,True,B,True,C,SERVICE CONTINUITY,<B>. Service continuity.,<B>. Service continuity.
train_0125__p_at_oa_vs_q_at_oa,train_cfg_0125,547441459,True,B,True,C,SERVICE CONTINUITY,<B>. Service continuity.,<B>. Service continuity.
train_0125__q_at_oa_vs_p_at_oa,train_cfg_0125,2251082524,True,A,True,C,SERVICE CONTINUITY,A. Service continuity.,A. Service continuity.
train_0125__q_at_oa_vs_p_at_oa,train_cfg_0125,2434557959,True,A,True,C,SERVICE CONTINUITY,A. Service continuity.,A. Service continuity.
train_0125__q_at_oa_vs_p_at_oa,train_cfg_0125,2569944729,True,A,True,C,SERVICE CONTINUITY,A. Service continuity.,A. Service continuity.
train_0125__p_at_ob_vs_q_at_ob,train_cfg_0125,3194769332,True,B,True,C,SERVICE CONTINUITY,<B>. Service continuity.,<B>. Service continuity.
train_0125__p_at_ob_vs_q_at_ob,train_cfg_0125,4101452653,True,B,True,C,SERVICE CONTINUITY,<B>. Service continuity.,<B>. Service continuity.
train_0125__p_at_ob_vs_q_at_ob,train_cfg_0125,1496550363,True,B,True,C,SERVICE CONTINUITY,<B>. Service continuity.,<B>. Service continuity.
train_0125__q_at_ob_vs_p_at_ob,train_cfg_0125,537050719,True,A,True,C,SERVICE CONTINUITY,A. Service continuity.,A. Service continuity.
train_0125__q_at_ob_vs_p_at_ob,train_cfg_0125,1682338634,True,A,True,C,SERVICE CONTINUITY,A. Service continuity.,A. Service continuity.
train_0125__q_at_ob_vs_p_at_ob,train_cfg_0125,3802467183,True,A,True,C,SERVICE CONTINUITY,A. Service continuity.,A. Service continuity.
train_0126__p_at_oa_vs_q_at_oa,train_cfg_0126,2773664517,True,A,True,C,SERVICE CONTINUITY,A. Service continuity.,A. Service continuity.
train_0126__p_at_oa_vs_q_at_oa,train_cfg_0126,8620147,True,A,True,C,SERVICE CONTINUITY,A. Service continuity.,A. Service continuity.
train_0126__p_at_oa_vs_q_at_oa,train_cfg_0126,4163525161,True,A,True,M,STAFF SUSTAINABILITY,A. Staff sustainability.,A. Staff sustainability.
train_0126__q_at_oa_vs_p_at_oa,train_cfg_0126,504386542,True,B,True,C,SERVICE CONTINUITY,<B>. Service continuity.,<B>. Service continuity.
train_0126__q_at_oa_vs_p_at_oa,train_cfg_0126,3188158687,True,B,True,C,SERVICE CONTINUITY,<B>. Service continuity.,<B>. Service continuity.
train_0126__q_at_oa_vs_p_at_oa,train_cfg_0126,2396144645,True,B,True,C,SERVICE CONTINUITY,<B>. Service continuity.,<B>. Service continuity.
train_0126__p_at_ob_vs_q_at_ob,train_cfg_0126,2485540053,True,A,True,C,SERVICE CONTINUITY,A. Service continuity.,A. Service continuity.
train_0126__p_at_ob_vs_q_at_ob,train_cfg_0126,1305082517,True,A,True,C,SERVICE CONTINUITY,A. Service continuity.,A. Service continuity.
train_0126__p_at_ob_vs_q_at_ob,train_cfg_0126,3876431109,True,A,True,C,SERVICE CONTINUITY,A. Service continuity.,A. Service continuity.
train_0126__q_at_ob_vs_p_at_ob,train_cfg_0126,316920316,True,B,True,C,SERVICE CONTINUITY,<B>. Service continuity.,<B>. Service continuity.
train_0126__q_at_ob_vs_p_at_ob,train_cfg_0126,2588033520,True,B,True,C,SERVICE CONTINUITY,<B>. Service continuity.,<B>. Service continuity.
train_0126__q_at_ob_vs_p_at_ob,train_cfg_0126,3491065677,True,B,True,C,SERVICE CONTINUITY,<B>. Service continuity.,<B>. Service continuity.
train_0127__p_at_oa_vs_q_at_oa,train_cfg_0127,3692608984,True,B,True,A,AUDIT READINESS,<B>. Audit readiness.,<B>. Audit readiness.
train_0127__p_at_oa_vs_q_at_oa,train_cfg_0127,2704505654,True,B,True,A,AUDIT READINESS,<B>. Audit readiness.,<B>. Audit readiness.
train_0127__p_at_oa_vs_q_at_oa,train_cfg_0127,4060386169,True,B,True,A,AUDIT READINESS,<B>. Audit readiness.,<B>. Audit readiness.
train_0127__q_at_oa_vs_p_at_oa,train_cfg_0127,733219727,True,A,True,T,THREAT REDUCTION,A. Threat reduction.,A. Threat reduction.
train_0127__q_at_oa_vs_p_at_oa,train_cfg_0127,1616767055,True,A,True,T,THREAT REDUCTION,A. Threat reduction.,A. Threat reduction.
train_0127__q_at_oa_vs_p_at_oa,train_cfg_0127,959855451,True,A,True,T,THREAT REDUCTION,A. Threat reduction.,A. Threat reduction.
train_0127__p_at_ob_vs_q_at_ob,train_cfg_0127,2083120661,True,B,True,T,THREAT REDUCTION,<B>. Threat reduction.,<B>. Threat reduction.
train_0127__p_at_ob_vs_q_at_ob,train_cfg_0127,3931486502,True,B,True,T,THREAT REDUCTION,<B>. Threat reduction.,<B>. Threat reduction.
train_0127__p_at_ob_vs_q_at_ob,train_cfg_0127,3343210936,True,B,True,T,THREAT REDUCTION,<B>. Threat reduction.,<B>. Threat reduction.
train_0127__q_at_ob_vs_p_at_ob,train_cfg_0127,2048502560,True,A,True,T,THREAT REDUCTION,A. Threat reduction.,A. Threat reduction.
train_0127__q_at_ob_vs_p_at_ob,train_cfg_0127,1197787439,True,A,True,T,THREAT REDUCTION,A. Threat reduction.,A. Threat reduction.
train_0127__q_at_ob_vs_p_at_ob,train_cfg_0127,2659911936,True,A,True,T,THREAT REDUCTION,A. Threat reduction.,A. Threat reduction.
train_0128__p_at_oa_vs_q_at_oa,train_cfg_0128,789779412,True,B,True,T,THREAT REDUCTION,<B>. Threat reduction.,<B>. Threat reduction.
train_0128__p_at_oa_vs_q_at_oa,train_cfg_0128,961609788,True,B,True,T,THREAT REDUCTION,<B>. Threat reduction.,<B>. Threat reduction.
train_0128__p_at_oa_vs_q_at_oa,train_cfg_0128,3640504939,True,B,True,T,THREAT REDUCTION,<B>. Threat reduction.,<B>. Threat reduction.
train_0128__q_at_oa_vs_p_at_oa,train_cfg_0128,2540113391,True,A,True,C,SERVICE CONTINUITY,A. Service continuity.,A. Service continuity.
train_0128__q_at_oa_vs_p_at_oa,train_cfg_0128,3521423116,True,B,True,C,SERVICE CONTINUITY,<B>. Service continuity.,<B>. Service continuity.
train_0128__q_at_oa_vs_p_at_oa,train_cfg_0128,2628512929,True,A,True,C,SERVICE CONTINUITY,A. Service continuity.,A. Service continuity.
train_0128__p_at_ob_vs_q_at_ob,train_cfg_0128,1881837241,True,B,True,T,THREAT REDUCTION,<B>. Threat reduction.,<B>. Threat reduction.
train_0128__p_at_ob_vs_q_at_ob,train_cfg_0128,84901629,True,B,True,T,THREAT REDUCTION,<B>. Threat reduction.,<B>. Threat reduction.
train_0128__p_at_ob_vs_q_at_ob,train_cfg_0128,3659751786,True,B,True,T,THREAT REDUCTION,<B>. Threat reduction.,<B>. Threat reduction.
train_0128__q_at_ob_vs_p_at_ob,train_cfg_0128,1178922337,True,B,True,C,SERVICE CONTINUITY,<B>. Service continuity.,<B>. Service continuity.
train_0128__q_at_ob_vs_p_at_ob,train_cfg_0128,227066120,True,B,True,C,SERVICE CONTINUITY,<B>. Service continuity.,<B>. Service continuity.
train_0128__q_at_ob_vs_p_at_ob,train_cfg_0128,3281949934,True,B,True,C,SERVICE CONTINUITY,<B>. Service continuity.,<B>. Service continuity.
train_0129__p_at_oa_vs_q_at_oa,train_cfg_0129,3732391480,True,B,True,M,STAFF SUSTAINABILITY,<B>. Staff sustainability.,<B>. Staff sustainability.
train_0129__p_at_oa_vs_q_at_oa,train_cfg_0129,3631895391,True,B,True,M,STAFF SUSTAINABILITY,<B>. Staff sustainability.,<B>. Staff sustainability.
train_0129__p_at_oa_vs_q_at_oa,train_cfg_0129,2700665622,True,B,True,M,STAFF SUSTAINABILITY,<B>. Staff sustainability.,<B>. Staff sustainability.
train_0129__q_at_oa_vs_p_at_oa,train_cfg_0129,167390146,True,A,True,M,STAFF SUSTAINABILITY,A. Staff sustainability.,A. Staff sustainability.
train_0129__q_at_oa_vs_p_at_oa,train_cfg_0129,3112552994,True,A,True,M,STAFF SUSTAINABILITY,A. Staff sustainability.,A. Staff sustainability.
train_0129__q_at_oa_vs_p_at_oa,train_cfg_0129,1202295546,True,A,True,M,STAFF SUSTAINABILITY,A. Staff sustainability.,A. Staff sustainability.
train_0129__p_at_ob_vs_q_at_ob,train_cfg_0129,1535468779,True,B,True,M,STAFF SUSTAINABILITY,<B>. Staff sustainability.,<B>. Staff sustainability.
train_0129__p_at_ob_vs_q_at_ob,train_cfg_0129,24864159,True,B,True,M,STAFF SUSTAINABILITY,<B>. Staff sustainability.,<B>. Staff sustainability.
train_0129__p_at_ob_vs_q_at_ob,train_cfg_0129,819490372,True,B,True,M,STAFF SUSTAINABILITY,<B>. Staff sustainability.,<B>. Staff sustainability.
train_0129__q_at_ob_vs_p_at_ob,train_cfg_0129,4141738331,True,A,True,M,STAFF SUSTAINABILITY,A. Staff sustainability.,A. Staff sustainability.
train_0129__q_at_ob_vs_p_at_ob,train_cfg_0129,744977566,True,A,True,M,STAFF SUSTAINABILITY,A. Staff sustainability.,A. Staff sustainability.
train_0129__q_at_ob_vs_p_at_ob,train_cfg_0129,2538585921,True,A,True,M,STAFF SUSTAINABILITY,A. Staff sustainability.,A. Staff sustainability.
train_0130__p_at_oa_vs_q_at_oa,train_cfg_0130,2537170326,True,B,True,C,SERVICE CONTINUITY,<B>. Service continuity.,<B>. Service continuity.
train_0130__p_at_oa_vs_q_at_oa,train_cfg_0130,4083086443,True,B,True,C,SERVICE CONTINUITY,<B>. Service continuity.,<B>. Service continuity.
train_0130__p_at_oa_vs_q_at_oa,train_cfg_0130,3487055693,True,B,True,C,SERVICE CONTINUITY,<B>. Service continuity.,<B>. Service continuity.
train_0130__q_at_oa_vs_p_at_oa,train_cfg_0130,931001186,True,A,True,C,SERVICE CONTINUITY,A. Service continuity.,A. Service continuity.
train_0130__q_at_oa_vs_p_at_oa,train_cfg_0130,1396455502,True,A,True,C,SERVICE CONTINUITY,A. Service continuity.,A. Service continuity.
train_0130__q_at_oa_vs_p_at_oa,train_cfg_0130,460772592,True,A,True,C,SERVICE CONTINUITY,A. Service continuity.,A. Service continuity.
train_0130__p_at_ob_vs_q_at_ob,train_cfg_0130,1226256630,True,B,True,C,SERVICE CONTINUITY,<B>. Service continuity.,<B>. Service continuity.
train_0130__p_at_ob_vs_q_at_ob,train_cfg_0130,2586211024,True,B,True,C,SERVICE CONTINUITY,<B>. Service continuity.,<B>. Service continuity.
train_0130__p_at_ob_vs_q_at_ob,train_cfg_0130,3104870848,True,B,True,C,SERVICE CONTINUITY,<B>. Service continuity.,<B>. Service continuity.
train_0130__q_at_ob_vs_p_at_ob,train_cfg_0130,3146972036,True,A,True,C,SERVICE CONTINUITY,A. Service continuity.,A. Service continuity.
train_0130__q_at_ob_vs_p_at_ob,train_cfg_0130,3894800953,True,A,True,C,SERVICE CONTINUITY,A. Service continuity.,A. Service continuity.
train_0130__q_at_ob_vs_p_at_ob,train_cfg_0130,2647775186,True,A,True,C,SERVICE CONTINUITY,A. Service continuity.,A. Service continuity.
train_0131__p_at_oa_vs_q_at_oa,train_cfg_0131,3781923428,True,B,True,C,SERVICE CONTINUITY,<B>. Service continuity.,<B>. Service continuity.
train_0131__p_at_oa_vs_q_at_oa,train_cfg_0131,2870638416,True,B,True,C,SERVICE CONTINUITY,<B>. Service continuity.,<B>. Service continuity.
train_0131__p_at_oa_vs_q_at_oa,train_cfg_0131,3898758609,True,B,True,C,SERVICE CONTINUITY,<B>. Service continuity.,<B>. Service continuity.
train_0131__q_at_oa_vs_p_at_oa,train_cfg_0131,3300775582,True,A,True,M,STAFF SUSTAINABILITY,A. Staff sustainability.,A. Staff sustainability.
train_0131__q_at_oa_vs_p_at_oa,train_cfg_0131,4151569473,True,A,True,M,STAFF SUSTAINABILITY,A. Staff sustainability.,A. Staff sustainability.
train_0131__q_at_oa_vs_p_at_oa,train_cfg_0131,1325338784,True,A,True,M,STAFF SUSTAINABILITY,A. Staff sustainability.,A. Staff sustainability.
train_0131__p_at_ob_vs_q_at_ob,train_cfg_0131,3166978747,True,B,True,M,STAFF SUSTAINABILITY,<B>. Staff sustainability.,<B>. Staff sustainability.
train_0131__p_at_ob_vs_q_at_ob,train_cfg_0131,1979423778,True,B,True,M,STAFF SUSTAINABILITY,<B>. Staff sustainability.,<B>. Staff sustainability.
train_0131__p_at_ob_vs_q_at_ob,train_cfg_0131,3747100127,True,B,True,M,STAFF SUSTAINABILITY,<B>. Staff sustainability.,<B>. Staff sustainability.
train_0131__q_at_ob_vs_p_at_ob,train_cfg_0131,144537760,True,A,True,M,STAFF SUSTAINABILITY,A. Staff sustainability.,A. Staff sustainability.
train_0131__q_at_ob_vs_p_at_ob,train_cfg_0131,1424540853,True,A,True,M,STAFF SUSTAINABILITY,A. Staff sustainability.,A. Staff sustainability.
train_0131__q_at_ob_vs_p_at_ob,train_cfg_0131,4020305245,True,A,True,M,STAFF SUSTAINABILITY,A. Staff sustainability.,A. Staff sustainability.
train_0132__p_at_oa_vs_q_at_oa,train_cfg_0132,1647630180,True,B,True,M,STAFF SUSTAINABILITY,<B>. Staff sustainability.,<B>. Staff sustainability.
train_0132__p_at_oa_vs_q_at_oa,train_cfg_0132,4087863615,True,B,True,M,STAFF SUSTAINABILITY,<B>. Staff sustainability.,<B>. Staff sustainability.
train_0132__p_at_oa_vs_q_at_oa,train_cfg_0132,2282453697,True,B,True,M,STAFF SUSTAINABILITY,<B>. Staff sustainability.,<B>. Staff sustainability.
train_0132__q_at_oa_vs_p_at_oa,train_cfg_0132,461523928,True,A,True,T,THREAT REDUCTION,A. Threat reduction.,A. Threat reduction.
train_0132__q_at_oa_vs_p_at_oa,train_cfg_0132,1341795232,True,A,True,T,THREAT REDUCTION,A. Threat reduction.,A. Threat reduction.
train_0132__q_at_oa_vs_p_at_oa,train_cfg_0132,1820238629,True,A,True,T,THREAT REDUCTION,A. Threat reduction.,A. Threat reduction.
train_0132__p_at_ob_vs_q_at_ob,train_cfg_0132,201920666,True,A,True,C,SERVICE CONTINUITY,A. Service continuity.,A. Service continuity.
train_0132__p_at_ob_vs_q_at_ob,train_cfg_0132,215584920,True,A,True,C,SERVICE CONTINUITY,A. Service continuity.,A. Service continuity.
train_0132__p_at_ob_vs_q_at_ob,train_cfg_0132,1300058428,True,A,True,C,SERVICE CONTINUITY,A. Service continuity.,A. Service continuity.
train_0132__q_at_ob_vs_p_at_ob,train_cfg_0132,1228535964,True,A,True,T,THREAT REDUCTION,A. Threat reduction.,A. Threat reduction.
train_0132__q_at_ob_vs_p_at_ob,train_cfg_0132,3333490384,True,A,True,T,THREAT REDUCTION,A. Threat reduction.,A. Threat reduction.
train_0132__q_at_ob_vs_p_at_ob,train_cfg_0132,267410856,True,A,True,T,THREAT REDUCTION,A. Threat reduction.,A. Threat reduction.
train_0133__p_at_oa_vs_q_at_oa,train_cfg_0133,4018505205,True,B,True,M,STAFF SUSTAINABILITY,<B>. Staff sustainability.,<B>. Staff sustainability.
train_0133__p_at_oa_vs_q_at_oa,train_cfg_0133,2779625534,True,A,True,T,THREAT REDUCTION,A. Threat reduction.,A. Threat reduction.
train_0133__p_at_oa_vs_q_at_oa,train_cfg_0133,3832089391,True,B,True,M,STAFF SUSTAINABILITY,<B>. Staff sustainability.,<B>. Staff sustainability.
train_0133__q_at_oa_vs_p_at_oa,train_cfg_0133,182213980,True,B,True,A,AUDIT READINESS,<B>. Audit readiness.,<B>. Audit readiness.
train_0133__q_at_oa_vs_p_at_oa,train_cfg_0133,471303509,True,B,True,A,AUDIT READINESS,<B>. Audit readiness.,<B>. Audit readiness.
train_0133__q_at_oa_vs_p_at_oa,train_cfg_0133,77762129,True,B,True,A,AUDIT READINESS,<B>. Audit readiness.,<B>. Audit readiness.
train_0133__p_at_ob_vs_q_at_ob,train_cfg_0133,3379789215,True,B,True,M,STAFF SUSTAINABILITY,<B>. Staff sustainability.,<B>. Staff sustainability.
train_0133__p_at_ob_vs_q_at_ob,train_cfg_0133,3537659148,True,B,True,M,STAFF SUSTAINABILITY,<B>. Staff sustainability.,<B>. Staff sustainability.
train_0133__p_at_ob_vs_q_at_ob,train_cfg_0133,1783732495,True,B,True,M,STAFF SUSTAINABILITY,<B>. Staff sustainability.,<B>. Staff sustainability.
train_0133__q_at_ob_vs_p_at_ob,train_cfg_0133,3374351766,True,A,True,T,THREAT REDUCTION,A. Threat reduction.,A. Threat reduction.
train_0133__q_at_ob_vs_p_at_ob,train_cfg_0133,1253164545,True,A,True,T,THREAT REDUCTION,A. Threat reduction.,A. Threat reduction.
train_0133__q_at_ob_vs_p_at_ob,train_cfg_0133,3676973256,True,A,True,T,THREAT REDUCTION,A. Threat reduction.,A. Threat reduction.
train_0134__p_at_oa_vs_q_at_oa,train_cfg_0134,1243091507,True,B,True,C,SERVICE CONTINUITY,<B>. Service continuity.,<B>. Service continuity.
train_0134__p_at_oa_vs_q_at_oa,train_cfg_0134,3963046707,True,B,True,C,SERVICE CONTINUITY,<B>. Service continuity.,<B>. Service continuity.
train_0134__p_at_oa_vs_q_at_oa,train_cfg_0134,155247343,True,B,True,C,SERVICE CONTINUITY,<B>. Service continuity.,<B>. Service continuity.
train_0134__q_at_oa_vs_p_at_oa,train_cfg_0134,3376717013,True,A,True,C,SERVICE CONTINUITY,A. Service continuity.,A. Service continuity.
train_0134__q_at_oa_vs_p_at_oa,train_cfg_0134,2679163282,True,A,True,C,SERVICE CONTINUITY,A. Service continuity.,A. Service continuity.
train_0134__q_at_oa_vs_p_at_oa,train_cfg_0134,1159475661,True,A,True,C,SERVICE CONTINUITY,A. Service continuity.,A. Service continuity.
train_0134__p_at_ob_vs_q_at_ob,train_cfg_0134,140371572,True,B,True,C,SERVICE CONTINUITY,<B>. Service continuity.,<B>. Service continuity.
train_0134__p_at_ob_vs_q_at_ob,train_cfg_0134,2720379475,True,B,True,C,SERVICE CONTINUITY,<B>. Service continuity.,<B>. Service continuity.
train_0134__p_at_ob_vs_q_at_ob,train_cfg_0134,4257937192,True,B,True,C,SERVICE CONTINUITY,<B>. Service continuity.,<B>. Service continuity.
train_0134__q_at_ob_vs_p_at_ob,train_cfg_0134,3470227172,True,A,True,C,SERVICE CONTINUITY,A. Service continuity.,A. Service continuity.
train_0134__q_at_ob_vs_p_at_ob,train_cfg_0134,2903138205,True,A,True,C,SERVICE CONTINUITY,A. Service continuity.,A. Service continuity.
train_0134__q_at_ob_vs_p_at_ob,train_cfg_0134,2100947775,True,A,True,C,SERVICE CONTINUITY,A. Service continuity.,A. Service continuity.
train_0135__p_at_oa_vs_q_at_oa,train_cfg_0135,1555986743,True,A,True,C,SERVICE CONTINUITY,A. Service continuity.,A. Service continuity.
train_0135__p_at_oa_vs_q_at_oa,train_cfg_0135,2109068453,True,A,True,C,SERVICE CONTINUITY,A. Service continuity.,A. Service continuity.
train_0135__p_at_oa_vs_q_at_oa,train_cfg_0135,3222539405,True,A,True,C,SERVICE CONTINUITY,A. Service continuity.,A. Service continuity.
train_0135__q_at_oa_vs_p_at_oa,train_cfg_0135,3043532580,True,B,True,M,STAFF SUSTAINABILITY,<B>. Staff sustainability.,<B>. Staff sustainability.
train_0135__q_at_oa_vs_p_at_oa,train_cfg_0135,927900559,True,B,True,M,STAFF SUSTAINABILITY,<B>. Staff sustainability.,<B>. Staff sustainability.
train_0135__q_at_oa_vs_p_at_oa,train_cfg_0135,255602567,True,B,True,M,STAFF SUSTAINABILITY,<B>. Staff sustainability.,<B>. Staff sustainability.
train_0135__p_at_ob_vs_q_at_ob,train_cfg_0135,2324149597,True,A,True,M,STAFF SUSTAINABILITY,A. Staff sustainability.,A. Staff sustainability.
train_0135__p_at_ob_vs_q_at_ob,train_cfg_0135,1109956316,True,A,True,M,STAFF SUSTAINABILITY,A. Staff sustainability.,A. Staff sustainability.
train_0135__p_at_ob_vs_q_at_ob,train_cfg_0135,4175044726,True,A,True,M,STAFF SUSTAINABILITY,A. Staff sustainability.,A. Staff sustainability.
train_0135__q_at_ob_vs_p_at_ob,train_cfg_0135,520461123,True,B,True,M,STAFF SUSTAINABILITY,<B>. Staff sustainability.,<B>. Staff sustainability.
train_0135__q_at_ob_vs_p_at_ob,train_cfg_0135,1553292742,True,B,True,M,STAFF SUSTAINABILITY,<B>. Staff sustainability.,<B>. Staff sustainability.
train_0135__q_at_ob_vs_p_at_ob,train_cfg_0135,247199186,True,B,True,M,STAFF SUSTAINABILITY,<B>. Staff sustainability.,<B>. Staff sustainability.
train_0136__p_at_oa_vs_q_at_oa,train_cfg_0136,2122031481,True,B,True,C,SERVICE CONTINUITY,<B>. Service continuity.,<B>. Service continuity.
train_0136__p_at_oa_vs_q_at_oa,train_cfg_0136,102886168,True,B,True,C,SERVICE CONTINUITY,<B>. Service continuity.,<B>. Service continuity.
train_0136__p_at_oa_vs_q_at_oa,train_cfg_0136,4131635950,True,B,True,C,SERVICE CONTINUITY,<B>. Service continuity.,<B>. Service continuity.
train_0136__q_at_oa_vs_p_at_oa,train_cfg_0136,2002746951,True,A,True,C,SERVICE CONTINUITY,A. Service continuity.,A. Service continuity.
train_0136__q_at_oa_vs_p_at_oa,train_cfg_0136,3722599706,True,A,True,C,SERVICE CONTINUITY,A. Service continuity.,A. Service continuity.
train_0136__q_at_oa_vs_p_at_oa,train_cfg_0136,2013479839,True,A,True,C,SERVICE CONTINUITY,A. Service continuity.,A. Service continuity.
train_0136__p_at_ob_vs_q_at_ob,train_cfg_0136,3536566013,True,B,True,C,SERVICE CONTINUITY,<B>. Service continuity.,<B>. Service continuity.
train_0136__p_at_ob_vs_q_at_ob,train_cfg_0136,90514197,True,B,True,C,SERVICE CONTINUITY,<B>. Service continuity.,<B>. Service continuity.
train_0136__p_at_ob_vs_q_at_ob,train_cfg_0136,565482602,True,B,True,C,SERVICE CONTINUITY,<B>. Service continuity.,<B>. Service continuity.
train_0136__q_at_ob_vs_p_at_ob,train_cfg_0136,1267312587,True,A,True,C,SERVICE CONTINUITY,A. Service continuity.,A. Service continuity.
train_0136__q_at_ob_vs_p_at_ob,train_cfg_0136,2112119295,True,A,True,C,SERVICE CONTINUITY,A. Service continuity.,A. Service continuity.
train_0136__q_at_ob_vs_p_at_ob,train_cfg_0136,1052587806,True,A,True,C,SERVICE CONTINUITY,A. Service continuity.,A. Service continuity.
train_0137__p_at_oa_vs_q_at_oa,train_cfg_0137,1104609802,True,B,True,M,STAFF SUSTAINABILITY,<B>. Staff sustainability.,<B>. Staff sustainability.
train_0137__p_at_oa_vs_q_at_oa,train_cfg_0137,4083749725,True,B,True,M,STAFF SUSTAINABILITY,<B>. Staff sustainability.,<B>. Staff sustainability.
train_0137__p_at_oa_vs_q_at_oa,train_cfg_0137,1275037642,True,B,True,M,STAFF SUSTAINABILITY,<B>. Staff sustainability.,<B>. Staff sustainability.
train_0137__q_at_oa_vs_p_at_oa,train_cfg_0137,3806671516,True,A,True,M,STAFF SUSTAINABILITY,A. Staff sustainability.,A. Staff sustainability.
train_0137__q_at_oa_vs_p_at_oa,train_cfg_0137,4122994969,True,A,True,M,STAFF SUSTAINABILITY,A. Staff sustainability.,A. Staff sustainability.
train_0137__q_at_oa_vs_p_at_oa,train_cfg_0137,4106182201,True,A,True,M,STAFF SUSTAINABILITY,A. Staff sustainability.,A. Staff sustainability.
train_0137__p_at_ob_vs_q_at_ob,train_cfg_0137,801367152,True,B,True,M,STAFF SUSTAINABILITY,<B>. Staff sustainability.,<B>. Staff sustainability.
train_0137__p_at_ob_vs_q_at_ob,train_cfg_0137,101121230,True,B,True,M,STAFF SUSTAINABILITY,<B>. Staff sustainability.,<B>. Staff sustainability.
train_0137__p_at_ob_vs_q_at_ob,train_cfg_0137,242160881,True,B,True,M,STAFF SUSTAINABILITY,<B>. Staff sustainability.,<B>. Staff sustainability.
train_0137__q_at_ob_vs_p_at_ob,train_cfg_0137,3161530209,True,A,True,M,STAFF SUSTAINABILITY,A. Staff sustainability.,A. Staff sustainability.
train_0137__q_at_ob_vs_p_at_ob,train_cfg_0137,3113449880,True,A,True,M,STAFF SUSTAINABILITY,A. Staff sustainability.,A. Staff sustainability.
train_0137__q_at_ob_vs_p_at_ob,train_cfg_0137,1507376703,True,A,True,M,STAFF SUSTAINABILITY,A. Staff sustainability.,A. Staff sustainability.
train_0138__p_at_oa_vs_q_at_oa,train_cfg_0138,3396520614,True,B,True,T,THREAT REDUCTION,<B>. Threat reduction.,<B>. Threat reduction.
train_0138__p_at_oa_vs_q_at_oa,train_cfg_0138,1770603051,True,B,True,T,THREAT REDUCTION,<B>. Threat reduction.,<B>. Threat reduction.
train_0138__p_at_oa_vs_q_at_oa,train_cfg_0138,2010593127,True,B,True,T,THREAT REDUCTION,<B>. Threat reduction.,<B>. Threat reduction.
train_0138__q_at_oa_vs_p_at_oa,train_cfg_0138,1896364856,True,A,True,T,THREAT REDUCTION,A. Threat reduction.,A. Threat reduction.
train_0138__q_at_oa_vs_p_at_oa,train_cfg_0138,3067208221,True,A,True,T,THREAT REDUCTION,A. Threat reduction.,A. Threat reduction.
train_0138__q_at_oa_vs_p_at_oa,train_cfg_0138,2130050523,True,A,True,T,THREAT REDUCTION,A. Threat reduction.,A. Threat reduction.
train_0138__p_at_ob_vs_q_at_ob,train_cfg_0138,2812962382,True,B,True,T,THREAT REDUCTION,<B>. Threat reduction.,<B>. Threat reduction.
train_0138__p_at_ob_vs_q_at_ob,train_cfg_0138,4238600719,True,B,True,T,THREAT REDUCTION,<B>. Threat reduction.,<B>. Threat reduction.
train_0138__p_at_ob_vs_q_at_ob,train_cfg_0138,806691879,True,B,True,T,THREAT REDUCTION,<B>. Threat reduction.,<B>. Threat reduction.
train_0138__q_at_ob_vs_p_at_ob,train_cfg_0138,1955613306,True,A,True,T,THREAT REDUCTION,A. Threat reduction.,A. Threat reduction.
train_0138__q_at_ob_vs_p_at_ob,train_cfg_0138,2703649176,True,A,True,T,THREAT REDUCTION,A. Threat reduction.,A. Threat reduction.
train_0138__q_at_ob_vs_p_at_ob,train_cfg_0138,3902088593,True,A,True,T,THREAT REDUCTION,A. Threat reduction.,A. Threat reduction.
train_0139__p_at_oa_vs_q_at_oa,train_cfg_0139,3465159062,True,B,True,T,THREAT REDUCTION,<B>. Threat reduction.,<B>. Threat reduction.
train_0139__p_at_oa_vs_q_at_oa,train_cfg_0139,4133820264,True,B,True,T,THREAT REDUCTION,<B>. Threat reduction.,<B>. Threat reduction.
train_0139__p_at_oa_vs_q_at_oa,train_cfg_0139,2238942884,True,B,True,T,THREAT REDUCTION,<B>. Threat reduction.,<B>. Threat reduction.
train_0139__q_at_oa_vs_p_at_oa,train_cfg_0139,3448623419,True,A,True,T,THREAT REDUCTION,A. Threat reduction.,A. Threat reduction.
train_0139__q_at_oa_vs_p_at_oa,train_cfg_0139,2298375680,True,A,True,T,THREAT REDUCTION,A. Threat reduction.,A. Threat reduction.
train_0139__q_at_oa_vs_p_at_oa,train_cfg_0139,2506892728,True,A,True,T,THREAT REDUCTION,A. Threat reduction.,A. Threat reduction.
train_0139__p_at_ob_vs_q_at_ob,train_cfg_0139,1002622413,True,B,True,T,THREAT REDUCTION,<B>. Threat reduction.,<B>. Threat reduction.
train_0139__p_at_ob_vs_q_at_ob,train_cfg_0139,2827803742,True,B,True,T,THREAT REDUCTION,<B>. Threat reduction.,<B>. Threat reduction.
train_0139__p_at_ob_vs_q_at_ob,train_cfg_0139,1864143575,True,B,True,T,THREAT REDUCTION,<B>. Threat reduction.,<B>. Threat reduction.
train_0139__q_at_ob_vs_p_at_ob,train_cfg_0139,4104158382,True,A,True,T,THREAT REDUCTION,A. Threat reduction.,A. Threat reduction.
train_0139__q_at_ob_vs_p_at_ob,train_cfg_0139,3914210068,True,A,True,T,THREAT REDUCTION,A. Threat reduction.,A. Threat reduction.
train_0139__q_at_ob_vs_p_at_ob,train_cfg_0139,3279253380,True,A,True,T,THREAT REDUCTION,A. Threat reduction.,A. Threat reduction.
train_0140__p_at_oa_vs_q_at_oa,train_cfg_0140,3681868645,True,A,True,M,STAFF SUSTAINABILITY,A. Staff sustainability.,A. Staff sustainability.
train_0140__p_at_oa_vs_q_at_oa,train_cfg_0140,2315424652,True,A,True,M,STAFF SUSTAINABILITY,A. Staff sustainability.,A. Staff sustainability.
train_0140__p_at_oa_vs_q_at_oa,train_cfg_0140,2051258063,True,A,True,M,STAFF SUSTAINABILITY,A. Staff sustainability.,A. Staff sustainability.
train_0140__q_at_oa_vs_p_at_oa,train_cfg_0140,461787276,True,B,True,M,STAFF SUSTAINABILITY,<B>. Staff sustainability.,<B>. Staff sustainability.
train_0140__q_at_oa_vs_p_at_oa,train_cfg_0140,2379423208,True,B,True,M,STAFF SUSTAINABILITY,<B>. Staff sustainability.,<B>. Staff sustainability.
train_0140__q_at_oa_vs_p_at_oa,train_cfg_0140,647940409,True,B,True,M,STAFF SUSTAINABILITY,<B>. Staff sustainability.,<B>. Staff sustainability.
train_0140__p_at_ob_vs_q_at_ob,train_cfg_0140,3903057909,True,A,True,M,STAFF SUSTAINABILITY,A. Staff sustainability.,A. Staff sustainability.
train_0140__p_at_ob_vs_q_at_ob,train_cfg_0140,887579321,True,A,True,M,STAFF SUSTAINABILITY,A. Staff sustainability.,A. Staff sustainability.
train_0140__p_at_ob_vs_q_at_ob,train_cfg_0140,2553362112,True,A,True,M,STAFF SUSTAINABILITY,A. Staff sustainability.,A. Staff sustainability.
train_0140__q_at_ob_vs_p_at_ob,train_cfg_0140,1809307165,True,A,True,T,THREAT REDUCTION,A. Threat reduction.,A. Threat reduction.
train_0140__q_at_ob_vs_p_at_ob,train_cfg_0140,2708329493,True,B,True,M,STAFF SUSTAINABILITY,<B>. Staff sustainability.,<B>. Staff sustainability.
train_0140__q_at_ob_vs_p_at_ob,train_cfg_0140,791369479,True,B,True,M,STAFF SUSTAINABILITY,<B>. Staff sustainability.,<B>. Staff sustainability.
train_0141__p_at_oa_vs_q_at_oa,train_cfg_0141,1064002574,True,B,True,T,THREAT REDUCTION,B. Threat reduction.,B. Threat reduction.
train_0141__p_at_oa_vs_q_at_oa,train_cfg_0141,3187964543,True,B,True,T,THREAT REDUCTION,<B>. Threat reduction.,<B>. Threat reduction.
train_0141__p_at_oa_vs_q_at_oa,train_cfg_0141,2178166860,True,B,True,T,THREAT REDUCTION,B. Threat reduction.,B. Threat reduction.
train_0141__q_at_oa_vs_p_at_oa,train_cfg_0141,675350228,True,A,True,T,THREAT REDUCTION,A. Threat reduction.,A. Threat reduction.
train_0141__q_at_oa_vs_p_at_oa,train_cfg_0141,3113134172,True,A,True,T,THREAT REDUCTION,A. Threat reduction.,A. Threat reduction.
train_0141__q_at_oa_vs_p_at_oa,train_cfg_0141,1658890943,True,A,True,T,THREAT REDUCTION,A. Threat reduction.,A. Threat reduction.
train_0141__p_at_ob_vs_q_at_ob,train_cfg_0141,3246993697,True,B,True,T,THREAT REDUCTION,<B>. Threat reduction.,<B>. Threat reduction.
train_0141__p_at_ob_vs_q_at_ob,train_cfg_0141,2337095116,True,B,True,T,THREAT REDUCTION,<B>. Threat reduction.,<B>. Threat reduction.
train_0141__p_at_ob_vs_q_at_ob,train_cfg_0141,3638816382,True,B,True,T,THREAT REDUCTION,B. Threat reduction.,B. Threat reduction.
train_0141__q_at_ob_vs_p_at_ob,train_cfg_0141,3638308343,True,A,True,T,THREAT REDUCTION,A. Threat reduction.,A. Threat reduction.
train_0141__q_at_ob_vs_p_at_ob,train_cfg_0141,4270463569,True,A,True,T,THREAT REDUCTION,A. Threat reduction.,A. Threat reduction.
train_0141__q_at_ob_vs_p_at_ob,train_cfg_0141,3418501804,True,A,True,T,THREAT REDUCTION,A. Threat reduction.,A. Threat reduction.
train_0142__p_at_oa_vs_q_at_oa,train_cfg_0142,949510865,True,A,True,C,SERVICE CONTINUITY,A. Service continuity.,A. Service continuity.
train_0142__p_at_oa_vs_q_at_oa,train_cfg_0142,1285756402,True,A,True,C,SERVICE CONTINUITY,A. Service continuity.,A. Service continuity.
train_0142__p_at_oa_vs_q_at_oa,train_cfg_0142,679807066,True,A,True,C,SERVICE CONTINUITY,A. Service continuity.,A. Service continuity.
train_0142__q_at_oa_vs_p_at_oa,train_cfg_0142,1755906076,True,B,True,C,SERVICE CONTINUITY,<B>. Service continuity.,<B>. Service continuity.
train_0142__q_at_oa_vs_p_at_oa,train_cfg_0142,2407850209,True,B,True,C,SERVICE CONTINUITY,<B>. Service continuity.,<B>. Service continuity.
train_0142__q_at_oa_vs_p_at_oa,train_cfg_0142,1874509523,True,B,True,C,SERVICE CONTINUITY,<B>. Service continuity.,<B>. Service continuity.
train_0142__p_at_ob_vs_q_at_ob,train_cfg_0142,1128500640,True,A,True,M,STAFF SUSTAINABILITY,A. Staff sustainability.,A. Staff sustainability.
train_0142__p_at_ob_vs_q_at_ob,train_cfg_0142,2551346883,True,A,True,M,STAFF SUSTAINABILITY,A. Staff sustainability.,A. Staff sustainability.
train_0142__p_at_ob_vs_q_at_ob,train_cfg_0142,2509372579,True,A,True,M,STAFF SUSTAINABILITY,A. Staff sustainability.,A. Staff sustainability.
train_0142__q_at_ob_vs_p_at_ob,train_cfg_0142,2837407646,True,B,True,C,SERVICE CONTINUITY,<B>. Service continuity.,<B>. Service continuity.
train_0142__q_at_ob_vs_p_at_ob,train_cfg_0142,2706222357,True,B,True,C,SERVICE CONTINUITY,<B>. Service continuity.,<B>. Service continuity.
train_0142__q_at_ob_vs_p_at_ob,train_cfg_0142,1709349381,True,B,True,C,SERVICE CONTINUITY,<B>. Service continuity.,<B>. Service continuity.
train_0143__p_at_oa_vs_q_at_oa,train_cfg_0143,2862411935,True,A,True,M,STAFF SUSTAINABILITY,A. Staff sustainability.,A. Staff sustainability.
train_0143__p_at_oa_vs_q_at_oa,train_cfg_0143,4007338496,True,A,True,M,STAFF SUSTAINABILITY,A. Staff sustainability.,A. Staff sustainability.
train_0143__p_at_oa_vs_q_at_oa,train_cfg_0143,4279670591,True,A,True,M,STAFF SUSTAINABILITY,A. Staff sustainability.,A. Staff sustainability.
train_0143__q_at_oa_vs_p_at_oa,train_cfg_0143,3889010693,True,B,True,M,STAFF SUSTAINABILITY,<B>. Staff sustainability.,<B>. Staff sustainability.
train_0143__q_at_oa_vs_p_at_oa,train_cfg_0143,568927091,True,B,True,M,STAFF SUSTAINABILITY,<B>. Staff sustainability.,<B>. Staff sustainability.
train_0143__q_at_oa_vs_p_at_oa,train_cfg_0143,407242741,True,B,True,M,STAFF SUSTAINABILITY,<B>. Staff sustainability.,<B>. Staff sustainability.
train_0143__p_at_ob_vs_q_at_ob,train_cfg_0143,2100725300,True,A,True,T,THREAT REDUCTION,A. Threat reduction.,A. Threat reduction.
train_0143__p_at_ob_vs_q_at_ob,train_cfg_0143,4237575500,True,A,True,T,THREAT REDUCTION,A. Threat reduction.,A. Threat reduction.
train_0143__p_at_ob_vs_q_at_ob,train_cfg_0143,3115279654,True,A,True,T,THREAT REDUCTION,A. Threat reduction.,A. Threat reduction.
train_0143__q_at_ob_vs_p_at_ob,train_cfg_0143,644874725,True,B,True,M,STAFF SUSTAINABILITY,<B>. Staff sustainability.,<B>. Staff sustainability.
train_0143__q_at_ob_vs_p_at_ob,train_cfg_0143,3506127265,True,B,True,M,STAFF SUSTAINABILITY,<B>. Staff sustainability.,<B>. Staff sustainability.
train_0143__q_at_ob_vs_p_at_ob,train_cfg_0143,1010656551,True,B,True,M,STAFF SUSTAINABILITY,<B>. Staff sustainability.,<B>. Staff sustainability.
train_0144__p_at_oa_vs_q_at_oa,train_cfg_0144,2626009799,True,B,True,C,SERVICE CONTINUITY,<B>. Service continuity.,<B>. Service continuity.
train_0144__p_at_oa_vs_q_at_oa,train_cfg_0144,1420554325,True,B,True,C,SERVICE CONTINUITY,<B>. Service continuity.,<B>. Service continuity.
train_0144__p_at_oa_vs_q_at_oa,train_cfg_0144,817311084,True,B,True,C,SERVICE CONTINUITY,<B>. Service continuity.,<B>. Service continuity.
train_0144__q_at_oa_vs_p_at_oa,train_cfg_0144,3704890187,True,A,True,M,STAFF SUSTAINABILITY,A. Staff sustainability.,A. Staff sustainability.
train_0144__q_at_oa_vs_p_at_oa,train_cfg_0144,2283667315,True,A,True,M,STAFF SUSTAINABILITY,A. Staff sustainability.,A. Staff sustainability.
train_0144__q_at_oa_vs_p_at_oa,train_cfg_0144,1150431663,True,A,True,M,STAFF SUSTAINABILITY,A. Staff sustainability.,A. Staff sustainability.
train_0144__p_at_ob_vs_q_at_ob,train_cfg_0144,626306193,True,B,True,C,SERVICE CONTINUITY,<B>. Service continuity.,<B>. Service continuity.
train_0144__p_at_ob_vs_q_at_ob,train_cfg_0144,2498081012,True,B,True,C,SERVICE CONTINUITY,<B>. Service continuity.,<B>. Service continuity.
train_0144__p_at_ob_vs_q_at_ob,train_cfg_0144,1921298131,True,B,True,C,SERVICE CONTINUITY,<B>. Service continuity.,<B>. Service continuity.
train_0144__q_at_ob_vs_p_at_ob,train_cfg_0144,746176290,True,A,True,C,SERVICE CONTINUITY,A. Service continuity.,A. Service continuity.
train_0144__q_at_ob_vs_p_at_ob,train_cfg_0144,847150063,True,A,True,C,SERVICE CONTINUITY,A. Service continuity.,A. Service continuity.
train_0144__q_at_ob_vs_p_at_ob,train_cfg_0144,986617842,True,A,True,C,SERVICE CONTINUITY,A. Service continuity.,A. Service continuity.
train_0145__p_at_oa_vs_q_at_oa,train_cfg_0145,3453291212,True,A,True,M,STAFF SUSTAINABILITY,A. Staff sustainability.,A. Staff sustainability.
train_0145__p_at_oa_vs_q_at_oa,train_cfg_0145,2143161777,True,A,True,M,STAFF SUSTAINABILITY,A. Staff sustainability.,A. Staff sustainability.
train_0145__p_at_oa_vs_q_at_oa,train_cfg_0145,3071048368,True,A,True,M,STAFF SUSTAINABILITY,A. Staff sustainability.,A. Staff sustainability.
train_0145__q_at_oa_vs_p_at_oa,train_cfg_0145,1779745192,True,B,True,M,STAFF SUSTAINABILITY,<B>. Staff sustainability.,<B>. Staff sustainability.
train_0145__q_at_oa_vs_p_at_oa,train_cfg_0145,2669796502,True,B,True,M,STAFF SUSTAINABILITY,<B>. Staff sustainability.,<B>. Staff sustainability.
train_0145__q_at_oa_vs_p_at_oa,train_cfg_0145,977831863,True,B,True,M,STAFF SUSTAINABILITY,<B>. Staff sustainability.,<B>. Staff sustainability.
train_0145__p_at_ob_vs_q_at_ob,train_cfg_0145,2582747393,True,A,True,M,STAFF SUSTAINABILITY,A. Staff sustainability.,A. Staff sustainability.
train_0145__p_at_ob_vs_q_at_ob,train_cfg_0145,557843716,True,A,True,M,STAFF SUSTAINABILITY,A. Staff sustainability.,A. Staff sustainability.
train_0145__p_at_ob_vs_q_at_ob,train_cfg_0145,2518299671,True,A,True,M,STAFF SUSTAINABILITY,A. Staff sustainability.,A. Staff sustainability.
train_0145__q_at_ob_vs_p_at_ob,train_cfg_0145,3488177606,True,B,True,M,STAFF SUSTAINABILITY,<B>. Staff sustainability.,<B>. Staff sustainability.
train_0145__q_at_ob_vs_p_at_ob,train_cfg_0145,3531104908,True,B,True,M,STAFF SUSTAINABILITY,<B>. Staff sustainability.,<B>. Staff sustainability.
train_0145__q_at_ob_vs_p_at_ob,train_cfg_0145,3047994659,True,B,True,M,STAFF SUSTAINABILITY,<B>. Staff sustainability.,<B>. Staff sustainability.
train_0146__p_at_oa_vs_q_at_oa,train_cfg_0146,3090835773,True,B,True,D,DEPLOYMENT SPEED,<B>. Deployment speed.,<B>. Deployment speed.
train_0146__p_at_oa_vs_q_at_oa,train_cfg_0146,1514127250,True,B,True,D,DEPLOYMENT SPEED,<B>. Deployment speed.,<B>. Deployment speed.
train_0146__p_at_oa_vs_q_at_oa,train_cfg_0146,2554646553,True,B,True,D,DEPLOYMENT SPEED,<B>. Deployment speed.,<B>. Deployment speed.
train_0146__q_at_oa_vs_p_at_oa,train_cfg_0146,412964453,True,A,True,T,THREAT REDUCTION,A. Threat reduction.,A. Threat reduction.
train_0146__q_at_oa_vs_p_at_oa,train_cfg_0146,1077365566,True,B,True,A,AUDIT READINESS,<B>. Audit readiness.,<B>. Audit readiness.
train_0146__q_at_oa_vs_p_at_oa,train_cfg_0146,593615604,True,A,True,T,THREAT REDUCTION,A. Threat reduction.,A. Threat reduction.
train_0146__p_at_ob_vs_q_at_ob,train_cfg_0146,4063293945,True,B,True,D,DEPLOYMENT SPEED,<B>. Deployment speed.,<B>. Deployment speed.
train_0146__p_at_ob_vs_q_at_ob,train_cfg_0146,4011228127,True,B,True,D,DEPLOYMENT SPEED,<B>. Deployment speed.,<B>. Deployment speed.
train_0146__p_at_ob_vs_q_at_ob,train_cfg_0146,2598386868,True,B,True,D,DEPLOYMENT SPEED,<B>. Deployment speed.,<B>. Deployment speed.
train_0146__q_at_ob_vs_p_at_ob,train_cfg_0146,3625547468,True,B,True,A,AUDIT READINESS,<B>. Audit readiness.,<B>. Audit readiness.
train_0146__q_at_ob_vs_p_at_ob,train_cfg_0146,2013193542,True,B,True,A,AUDIT READINESS,<B>. Audit readiness.,<B>. Audit readiness.
train_0146__q_at_ob_vs_p_at_ob,train_cfg_0146,3561186841,True,B,True,A,AUDIT READINESS,<B>. Audit readiness.,<B>. Audit readiness.
train_0147__p_at_oa_vs_q_at_oa,train_cfg_0147,2504197948,True,B,True,C,SERVICE CONTINUITY,<B>. Service continuity.,<B>. Service continuity.
train_0147__p_at_oa_vs_q_at_oa,train_cfg_0147,4090045499,True,B,True,C,SERVICE CONTINUITY,<B>. Service continuity.,<B>. Service continuity.
train_0147__p_at_oa_vs_q_at_oa,train_cfg_0147,123630599,True,B,True,C,SERVICE CONTINUITY,<B>. Service continuity.,<B>. Service continuity.
train_0147__q_at_oa_vs_p_at_oa,train_cfg_0147,3983087769,True,B,True,A,AUDIT READINESS,<B>. Audit readiness.,<B>. Audit readiness.
train_0147__q_at_oa_vs_p_at_oa,train_cfg_0147,4168651128,True,B,True,A,AUDIT READINESS,<B>. Audit readiness.,<B>. Audit readiness.
train_0147__q_at_oa_vs_p_at_oa,train_cfg_0147,3776649165,True,B,True,A,AUDIT READINESS,<B>. Audit readiness.,<B>. Audit readiness.
train_0147__p_at_ob_vs_q_at_ob,train_cfg_0147,3861164249,True,B,True,D,DEPLOYMENT SPEED,<B>. Deployment speed.,<B>. Deployment speed.
train_0147__p_at_ob_vs_q_at_ob,train_cfg_0147,242154838,True,B,True,D,DEPLOYMENT SPEED,<B>. Deployment speed.,<B>. Deployment speed.
train_0147__p_at_ob_vs_q_at_ob,train_cfg_0147,22366163,True,B,True,D,DEPLOYMENT SPEED,<B>. Deployment speed.,<B>. Deployment speed.
train_0147__q_at_ob_vs_p_at_ob,train_cfg_0147,3454612310,True,B,True,A,AUDIT READINESS,<B>. Audit readiness.,<B>. Audit readiness.
train_0147__q_at_ob_vs_p_at_ob,train_cfg_0147,3472836748,True,B,True,A,AUDIT READINESS,<B>. Audit readiness.,<B>. Audit readiness.
train_0147__q_at_ob_vs_p_at_ob,train_cfg_0147,2983189708,True,B,True,A,AUDIT READINESS,<B>. Audit readiness.,<B>. Audit readiness.
train_0148__p_at_oa_vs_q_at_oa,train_cfg_0148,1805899469,True,B,True,T,THREAT REDUCTION,<B>. Threat reduction.,<B>. Threat reduction.
train_0148__p_at_oa_vs_q_at_oa,train_cfg_0148,2146893052,True,B,True,T,THREAT REDUCTION,<B>. Threat reduction.,<B>. Threat reduction.
train_0148__p_at_oa_vs_q_at_oa,train_cfg_0148,2009439089,True,B,True,T,THREAT REDUCTION,<B>. Threat reduction.,<B>. Threat reduction.
train_0148__q_at_oa_vs_p_at_oa,train_cfg_0148,172318730,True,A,True,C,SERVICE CONTINUITY,A. Service continuity.,A. Service continuity.
train_0148__q_at_oa_vs_p_at_oa,train_cfg_0148,239287564,True,A,True,C,SERVICE CONTINUITY,A. Service continuity.,A. Service continuity.
train_0148__q_at_oa_vs_p_at_oa,train_cfg_0148,273569736,True,A,True,C,SERVICE CONTINUITY,A. Service continuity.,A. Service continuity.
train_0148__p_at_ob_vs_q_at_ob,train_cfg_0148,3817758695,True,B,True,C,SERVICE CONTINUITY,<B>. Service continuity.,<B>. Service continuity.
train_0148__p_at_ob_vs_q_at_ob,train_cfg_0148,2301623601,True,B,True,C,SERVICE CONTINUITY,<B>. Service continuity.,<B>. Service continuity.
train_0148__p_at_ob_vs_q_at_ob,train_cfg_0148,3187411687,True,B,True,C,SERVICE CONTINUITY,<B>. Service continuity.,<B>. Service continuity.
train_0148__q_at_ob_vs_p_at_ob,train_cfg_0148,2222149647,True,B,True,C,SERVICE CONTINUITY,<B>. Service continuity.,<B>. Service continuity.
train_0148__q_at_ob_vs_p_at_ob,train_cfg_0148,2717075551,True,B,True,C,SERVICE CONTINUITY,<B>. Service continuity.,<B>. Service continuity.
train_0148__q_at_ob_vs_p_at_ob,train_cfg_0148,4068269683,True,A,True,C,SERVICE CONTINUITY,A. Service continuity.,A. Service continuity.
train_0149__p_at_oa_vs_q_at_oa,train_cfg_0149,762618548,True,A,True,C,SERVICE CONTINUITY,A. Service continuity.,A. Service continuity.
train_0149__p_at_oa_vs_q_at_oa,train_cfg_0149,3564353743,True,A,True,C,SERVICE CONTINUITY,A. Service continuity.,A. Service continuity.
train_0149__p_at_oa_vs_q_at_oa,train_cfg_0149,353797683,True,A,True,C,SERVICE CONTINUITY,A. Service continuity.,A. Service continuity.
train_0149__q_at_oa_vs_p_at_oa,train_cfg_0149,1500936269,True,A,True,C,SERVICE CONTINUITY,A. Service continuity.,A. Service continuity.
train_0149__q_at_oa_vs_p_at_oa,train_cfg_0149,2021177447,True,A,True,C,SERVICE CONTINUITY,A. Service continuity.,A. Service continuity.
train_0149__q_at_oa_vs_p_at_oa,train_cfg_0149,3570062726,True,A,True,C,SERVICE CONTINUITY,A. Service continuity.,A. Service continuity.
train_0149__p_at_ob_vs_q_at_ob,train_cfg_0149,1335480705,True,B,True,T,THREAT REDUCTION,<B>. Threat reduction.,<B>. Threat reduction.
train_0149__p_at_ob_vs_q_at_ob,train_cfg_0149,4114325126,True,B,True,T,THREAT REDUCTION,<B>. Threat reduction.,<B>. Threat reduction.
train_0149__p_at_ob_vs_q_at_ob,train_cfg_0149,434855760,True,B,True,T,THREAT REDUCTION,<B>. Threat reduction.,<B>. Threat reduction.
train_0149__q_at_ob_vs_p_at_ob,train_cfg_0149,1435426056,True,A,True,T,THREAT REDUCTION,A. Threat reduction.,A. Threat reduction.
train_0149__q_at_ob_vs_p_at_ob,train_cfg_0149,858728653,True,A,True,T,THREAT REDUCTION,A. Threat reduction.,A. Threat reduction.
train_0149__q_at_ob_vs_p_at_ob,train_cfg_0149,2106755161,True,A,True,T,THREAT REDUCTION,A. Threat reduction.,A. Threat reduction.
train_0150__p_at_oa_vs_q_at_oa,train_cfg_0150,1045973153,True,B,True,T,THREAT REDUCTION,<B>. Threat reduction.,<B>. Threat reduction.
train_0150__p_at_oa_vs_q_at_oa,train_cfg_0150,1530375087,True,A,True,M,STAFF SUSTAINABILITY,A. Staff sustainability.,A. Staff sustainability.
train_0150__p_at_oa_vs_q_at_oa,train_cfg_0150,1107890713,True,A,True,M,STAFF SUSTAINABILITY,A. Staff sustainability.,A. Staff sustainability.
train_0150__q_at_oa_vs_p_at_oa,train_cfg_0150,2718973554,True,A,True,T,THREAT REDUCTION,A. Threat reduction.,A. Threat reduction.
train_0150__q_at_oa_vs_p_at_oa,train_cfg_0150,533772613,True,A,True,T,THREAT REDUCTION,A. Threat reduction.,A. Threat reduction.
train_0150__q_at_oa_vs_p_at_oa,train_cfg_0150,2660224056,True,A,True,T,THREAT REDUCTION,A. Threat reduction.,A. Threat reduction.
train_0150__p_at_ob_vs_q_at_ob,train_cfg_0150,507584269,True,B,True,T,THREAT REDUCTION,<B>. Threat reduction.,<B>. Threat reduction.
train_0150__p_at_ob_vs_q_at_ob,train_cfg_0150,3815486194,True,B,True,T,THREAT REDUCTION,<B>. Threat reduction.,<B>. Threat reduction.
train_0150__p_at_ob_vs_q_at_ob,train_cfg_0150,2283329400,True,B,True,T,THREAT REDUCTION,<B>. Threat reduction.,<B>. Threat reduction.
train_0150__q_at_ob_vs_p_at_ob,train_cfg_0150,1065549982,True,A,True,T,THREAT REDUCTION,A. Threat reduction.,A. Threat reduction.
train_0150__q_at_ob_vs_p_at_ob,train_cfg_0150,1706086601,True,A,True,T,THREAT REDUCTION,A. Threat reduction.,A. Threat reduction.
train_0150__q_at_ob_vs_p_at_ob,train_cfg_0150,2241498639,True,A,True,T,THREAT REDUCTION,A. Threat reduction.,A. Threat reduction.
train_0151__p_at_oa_vs_q_at_oa,train_cfg_0151,3002514598,True,B,True,T,THREAT REDUCTION,<B>. Threat reduction.,<B>. Threat reduction.
train_0151__p_at_oa_vs_q_at_oa,train_cfg_0151,935201206,True,B,True,T,THREAT REDUCTION,<B>. Threat reduction.,<B>. Threat reduction.
train_0151__p_at_oa_vs_q_at_oa,train_cfg_0151,1707604178,True,B,True,T,THREAT REDUCTION,<B>. Threat reduction.,<B>. Threat reduction.
train_0151__q_at_oa_vs_p_at_oa,train_cfg_0151,3425830257,True,A,True,T,THREAT REDUCTION,A. Threat reduction.,A. Threat reduction.
train_0151__q_at_oa_vs_p_at_oa,train_cfg_0151,1333952430,True,A,True,T,THREAT REDUCTION,A. Threat reduction.,A. Threat reduction.
train_0151__q_at_oa_vs_p_at_oa,train_cfg_0151,3505533382,True,A,True,T,THREAT REDUCTION,A. Threat reduction.,A. Threat reduction.
train_0151__p_at_ob_vs_q_at_ob,train_cfg_0151,141981949,True,B,True,T,THREAT REDUCTION,<B>. Threat reduction.,<B>. Threat reduction.
train_0151__p_at_ob_vs_q_at_ob,train_cfg_0151,2470897499,True,B,True,T,THREAT REDUCTION,<B>. Threat reduction.,<B>. Threat reduction.
train_0151__p_at_ob_vs_q_at_ob,train_cfg_0151,1089473923,True,B,True,T,THREAT REDUCTION,<B>. Threat reduction.,<B>. Threat reduction.
train_0151__q_at_ob_vs_p_at_ob,train_cfg_0151,1470983611,True,A,True,T,THREAT REDUCTION,A. Threat reduction.,A. Threat reduction.
train_0151__q_at_ob_vs_p_at_ob,train_cfg_0151,3574241133,True,A,True,T,THREAT REDUCTION,A. Threat reduction.,A. Threat reduction.
train_0151__q_at_ob_vs_p_at_ob,train_cfg_0151,1261932970,True,A,True,T,THREAT REDUCTION,A. Threat reduction.,A. Threat reduction.
train_0152__p_at_oa_vs_q_at_oa,train_cfg_0152,3130296830,True,A,True,M,STAFF SUSTAINABILITY,A. Staff sustainability.,A. Staff sustainability.
train_0152__p_at_oa_vs_q_at_oa,train_cfg_0152,2853105753,True,B,True,C,SERVICE CONTINUITY,<B>. Service continuity.,<B>. Service continuity.
train_0152__p_at_oa_vs_q_at_oa,train_cfg_0152,1297316910,True,B,True,C,SERVICE CONTINUITY,<B>. Service continuity.,<B>. Service continuity.
train_0152__q_at_oa_vs_p_at_oa,train_cfg_0152,670048954,True,A,True,C,SERVICE CONTINUITY,A. Service continuity.,A. Service continuity.
train_0152__q_at_oa_vs_p_at_oa,train_cfg_0152,1675552862,True,A,True,C,SERVICE CONTINUITY,A. Service continuity.,A. Service continuity.
train_0152__q_at_oa_vs_p_at_oa,train_cfg_0152,2011490502,True,A,True,C,SERVICE CONTINUITY,A. Service continuity.,A. Service continuity.
train_0152__p_at_ob_vs_q_at_ob,train_cfg_0152,3220934596,True,B,True,C,SERVICE CONTINUITY,<B>. Service continuity.,<B>. Service continuity.
train_0152__p_at_ob_vs_q_at_ob,train_cfg_0152,335917821,True,B,True,C,SERVICE CONTINUITY,<B>. Service continuity.,<B>. Service continuity.
train_0152__p_at_ob_vs_q_at_ob,train_cfg_0152,4251669852,True,B,True,C,SERVICE CONTINUITY,<B>. Service continuity.,<B>. Service continuity.
train_0152__q_at_ob_vs_p_at_ob,train_cfg_0152,471123889,True,A,True,C,SERVICE CONTINUITY,A. Service continuity.,A. Service continuity.
train_0152__q_at_ob_vs_p_at_ob,train_cfg_0152,2539794795,True,A,True,C,SERVICE CONTINUITY,A. Service continuity.,A. Service continuity.
train_0152__q_at_ob_vs_p_at_ob,train_cfg_0152,641470469,True,A,True,C,SERVICE CONTINUITY,A. Service continuity.,A. Service continuity.
train_0153__p_at_oa_vs_q_at_oa,train_cfg_0153,1947477323,True,B,True,D,DEPLOYMENT SPEED,<B>. Deployment speed.,<B>. Deployment speed.
train_0153__p_at_oa_vs_q_at_oa,train_cfg_0153,3842788858,True,B,True,D,DEPLOYMENT SPEED,<B>. Deployment speed.,<B>. Deployment speed.
train_0153__p_at_oa_vs_q_at_oa,train_cfg_0153,151876175,True,B,True,D,DEPLOYMENT SPEED,<B>. Deployment speed.,<B>. Deployment speed.
train_0153__q_at_oa_vs_p_at_oa,train_cfg_0153,3269601068,True,B,True,A,AUDIT READINESS,<B>. Audit readiness.,<B>. Audit readiness.
train_0153__q_at_oa_vs_p_at_oa,train_cfg_0153,3639415743,True,B,True,A,AUDIT READINESS,<B>. Audit readiness.,<B>. Audit readiness.
train_0153__q_at_oa_vs_p_at_oa,train_cfg_0153,894924755,True,B,True,A,AUDIT READINESS,<B>. Audit readiness.,<B>. Audit readiness.
train_0153__p_at_ob_vs_q_at_ob,train_cfg_0153,2023553559,True,B,True,D,DEPLOYMENT SPEED,<B>. Deployment speed.,<B>. Deployment speed.
train_0153__p_at_ob_vs_q_at_ob,train_cfg_0153,3460219216,True,B,True,D,DEPLOYMENT SPEED,<B>. Deployment speed.,<B>. Deployment speed.
train_0153__p_at_ob_vs_q_at_ob,train_cfg_0153,2629964117,True,B,True,D,DEPLOYMENT SPEED,<B>. Deployment speed.,<B>. Deployment speed.
train_0153__q_at_ob_vs_p_at_ob,train_cfg_0153,3685252339,True,B,True,A,AUDIT READINESS,<B>. Audit readiness.,<B>. Audit readiness.
train_0153__q_at_ob_vs_p_at_ob,train_cfg_0153,4259473141,True,B,True,A,AUDIT READINESS,<B>. Audit readiness.,<B>. Audit readiness.
train_0153__q_at_ob_vs_p_at_ob,train_cfg_0153,876186148,True,B,True,A,AUDIT READINESS,<B>. Audit readiness.,<B>. Audit readiness.
train_0154__p_at_oa_vs_q_at_oa,train_cfg_0154,2320254228,True,B,True,T,THREAT REDUCTION,<B>. Threat reduction.,<B>. Threat reduction.
train_0154__p_at_oa_vs_q_at_oa,train_cfg_0154,101373652,True,B,True,T,THREAT REDUCTION,<B>. Threat reduction.,<B>. Threat reduction.
train_0154__p_at_oa_vs_q_at_oa,train_cfg_0154,3281894320,True,B,True,T,THREAT REDUCTION,<B>. Threat reduction.,<B>. Threat reduction.
train_0154__q_at_oa_vs_p_at_oa,train_cfg_0154,1283881151,True,A,True,T,THREAT REDUCTION,A. Threat reduction.,A. Threat reduction.
train_0154__q_at_oa_vs_p_at_oa,train_cfg_0154,1923513579,True,A,True,T,THREAT REDUCTION,A. Threat reduction.,A. Threat reduction.
train_0154__q_at_oa_vs_p_at_oa,train_cfg_0154,2078361635,True,A,True,T,THREAT REDUCTION,A. Threat reduction.,A. Threat reduction.
train_0154__p_at_ob_vs_q_at_ob,train_cfg_0154,3437648274,True,B,True,T,THREAT REDUCTION,<B>. Threat reduction.,<B>. Threat reduction.
train_0154__p_at_ob_vs_q_at_ob,train_cfg_0154,517569196,True,B,True,T,THREAT REDUCTION,<B>. Threat reduction.,<B>. Threat reduction.
train_0154__p_at_ob_vs_q_at_ob,train_cfg_0154,1366916111,True,B,True,T,THREAT REDUCTION,<B>. Threat reduction.,<B>. Threat reduction.
train_0154__q_at_ob_vs_p_at_ob,train_cfg_0154,1768374666,True,A,True,T,THREAT REDUCTION,A. Threat reduction.,A. Threat reduction.
train_0154__q_at_ob_vs_p_at_ob,train_cfg_0154,3716311219,True,A,True,T,THREAT REDUCTION,A. Threat reduction.,A. Threat reduction.
train_0154__q_at_ob_vs_p_at_ob,train_cfg_0154,3031332604,True,A,True,T,THREAT REDUCTION,A. Threat reduction.,A. Threat reduction.
train_0155__p_at_oa_vs_q_at_oa,train_cfg_0155,3613662799,True,A,True,M,STAFF SUSTAINABILITY,A. Staff sustainability.,A. Staff sustainability.
train_0155__p_at_oa_vs_q_at_oa,train_cfg_0155,282619008,True,B,True,D,DEPLOYMENT SPEED,<B>. Deployment speed.,<B>. Deployment speed.
train_0155__p_at_oa_vs_q_at_oa,train_cfg_0155,3571513444,True,B,True,D,DEPLOYMENT SPEED,<B>. Deployment speed.,<B>. Deployment speed.
train_0155__q_at_oa_vs_p_at_oa,train_cfg_0155,1109010213,True,B,True,C,SERVICE CONTINUITY,<B>. Service continuity.,<B>. Service continuity.
train_0155__q_at_oa_vs_p_at_oa,train_cfg_0155,4270226321,True,B,True,C,SERVICE CONTINUITY,<B>. Service continuity.,<B>. Service continuity.
train_0155__q_at_oa_vs_p_at_oa,train_cfg_0155,2165187844,True,B,True,C,SERVICE CONTINUITY,<B>. Service continuity.,<B>. Service continuity.
train_0155__p_at_ob_vs_q_at_ob,train_cfg_0155,2834246918,True,A,True,M,STAFF SUSTAINABILITY,A. Staff sustainability.,A. Staff sustainability.
train_0155__p_at_ob_vs_q_at_ob,train_cfg_0155,1235993723,True,A,True,M,STAFF SUSTAINABILITY,A. Staff sustainability.,A. Staff sustainability.
train_0155__p_at_ob_vs_q_at_ob,train_cfg_0155,1545252276,True,A,True,M,STAFF SUSTAINABILITY,A. Staff sustainability.,A. Staff sustainability.
train_0155__q_at_ob_vs_p_at_ob,train_cfg_0155,1450229470,True,A,True,M,STAFF SUSTAINABILITY,A. Staff sustainability.,A. Staff sustainability.
train_0155__q_at_ob_vs_p_at_ob,train_cfg_0155,842517881,True,A,True,M,STAFF SUSTAINABILITY,A. Staff sustainability.,A. Staff sustainability.
train_0155__q_at_ob_vs_p_at_ob,train_cfg_0155,3638693137,True,A,True,M,STAFF SUSTAINABILITY,A. Staff sustainability.,A. Staff sustainability.
train_0156__p_at_oa_vs_q_at_oa,train_cfg_0156,4252768301,True,B,True,M,STAFF SUSTAINABILITY,<B>. Staff sustainability.,<B>. Staff sustainability.
train_0156__p_at_oa_vs_q_at_oa,train_cfg_0156,4063248902,True,B,True,M,STAFF SUSTAINABILITY,<B>. Staff sustainability.,<B>. Staff sustainability.
train_0156__p_at_oa_vs_q_at_oa,train_cfg_0156,1156342940,True,B,True,M,STAFF SUSTAINABILITY,<B>. Staff sustainability.,<B>. Staff sustainability.
train_0156__q_at_oa_vs_p_at_oa,train_cfg_0156,1363172652,True,B,True,C,SERVICE CONTINUITY,<B>. Service continuity.,<B>. Service continuity.
train_0156__q_at_oa_vs_p_at_oa,train_cfg_0156,2961633923,True,A,True,M,STAFF SUSTAINABILITY,A. Staff sustainability.,A. Staff sustainability.
train_0156__q_at_oa_vs_p_at_oa,train_cfg_0156,484566295,True,B,True,C,SERVICE CONTINUITY,<B>. Service continuity.,<B>. Service continuity.
train_0156__p_at_ob_vs_q_at_ob,train_cfg_0156,1613448143,True,B,True,M,STAFF SUSTAINABILITY,<B>. Staff sustainability.,<B>. Staff sustainability.
train_0156__p_at_ob_vs_q_at_ob,train_cfg_0156,488632683,True,B,True,M,STAFF SUSTAINABILITY,<B>. Staff sustainability.,<B>. Staff sustainability.
train_0156__p_at_ob_vs_q_at_ob,train_cfg_0156,2347053110,True,B,True,M,STAFF SUSTAINABILITY,<B>. Staff sustainability.,<B>. Staff sustainability.
train_0156__q_at_ob_vs_p_at_ob,train_cfg_0156,156940440,True,A,True,M,STAFF SUSTAINABILITY,A. Staff sustainability.,A. Staff sustainability.
train_0156__q_at_ob_vs_p_at_ob,train_cfg_0156,2444705945,True,B,True,C,SERVICE CONTINUITY,<B>. Service continuity.,<B>. Service continuity.
train_0156__q_at_ob_vs_p_at_ob,train_cfg_0156,562106724,True,A,True,M,STAFF SUSTAINABILITY,A. Staff sustainability.,A. Staff sustainability.
train_0157__p_at_oa_vs_q_at_oa,train_cfg_0157,3007450613,True,B,True,C,SERVICE CONTINUITY,<B>. Service continuity.,<B>. Service continuity.
train_0157__p_at_oa_vs_q_at_oa,train_cfg_0157,2629300410,True,B,True,C,SERVICE CONTINUITY,<B>. Service continuity.,<B>. Service continuity.
train_0157__p_at_oa_vs_q_at_oa,train_cfg_0157,1924492797,True,B,True,C,SERVICE CONTINUITY,<B>. Service continuity.,<B>. Service continuity.
train_0157__q_at_oa_vs_p_at_oa,train_cfg_0157,3629504296,True,A,True,T,THREAT REDUCTION,A. Threat reduction.,A. Threat reduction.
train_0157__q_at_oa_vs_p_at_oa,train_cfg_0157,280977633,True,A,True,T,THREAT REDUCTION,A. Threat reduction.,A. Threat reduction.
train_0157__q_at_oa_vs_p_at_oa,train_cfg_0157,1115039225,True,A,True,T,THREAT REDUCTION,A. Threat reduction.,A. Threat reduction.
train_0157__p_at_ob_vs_q_at_ob,train_cfg_0157,2007038057,True,B,True,C,SERVICE CONTINUITY,<B>. Service continuity.,<B>. Service continuity.
train_0157__p_at_ob_vs_q_at_ob,train_cfg_0157,428388804,True,B,True,C,SERVICE CONTINUITY,<B>. Service continuity.,<B>. Service continuity.
train_0157__p_at_ob_vs_q_at_ob,train_cfg_0157,2603315553,True,B,True,C,SERVICE CONTINUITY,<B>. Service continuity.,<B>. Service continuity.
train_0157__q_at_ob_vs_p_at_ob,train_cfg_0157,319101806,True,A,True,T,THREAT REDUCTION,A. Threat reduction.,A. Threat reduction.
train_0157__q_at_ob_vs_p_at_ob,train_cfg_0157,3684393224,True,A,True,T,THREAT REDUCTION,A. Threat reduction.,A. Threat reduction.
train_0157__q_at_ob_vs_p_at_ob,train_cfg_0157,1547636385,True,A,True,T,THREAT REDUCTION,A. Threat reduction.,A. Threat reduction.
train_0158__p_at_oa_vs_q_at_oa,train_cfg_0158,521557607,True,B,True,D,DEPLOYMENT SPEED,<B>. Deployment speed.,<B>. Deployment speed.
train_0158__p_at_oa_vs_q_at_oa,train_cfg_0158,717519445,True,B,True,D,DEPLOYMENT SPEED,<B>. Deployment speed.,<B>. Deployment speed.
train_0158__p_at_oa_vs_q_at_oa,train_cfg_0158,1478702703,True,B,True,D,DEPLOYMENT SPEED,<B>. Deployment speed.,<B>. Deployment speed.
train_0158__q_at_oa_vs_p_at_oa,train_cfg_0158,4095526967,True,A,True,D,DEPLOYMENT SPEED,A. Deployment speed.,A. Deployment speed.
train_0158__q_at_oa_vs_p_at_oa,train_cfg_0158,2863805634,True,A,True,D,DEPLOYMENT SPEED,A. Deployment speed.,A. Deployment speed.
train_0158__q_at_oa_vs_p_at_oa,train_cfg_0158,2560455430,True,A,True,D,DEPLOYMENT SPEED,A. Deployment speed.,A. Deployment speed.
train_0158__p_at_ob_vs_q_at_ob,train_cfg_0158,2677245132,True,A,True,M,STAFF SUSTAINABILITY,A. Staff sustainability.,A. Staff sustainability.
train_0158__p_at_ob_vs_q_at_ob,train_cfg_0158,599815247,True,A,True,M,STAFF SUSTAINABILITY,A. Staff sustainability.,A. Staff sustainability.
train_0158__p_at_ob_vs_q_at_ob,train_cfg_0158,3037980827,True,A,True,M,STAFF SUSTAINABILITY,A. Staff sustainability.,A. Staff sustainability.
train_0158__q_at_ob_vs_p_at_ob,train_cfg_0158,2189895974,True,A,True,D,DEPLOYMENT SPEED,A. Deployment speed.,A. Deployment speed.
train_0158__q_at_ob_vs_p_at_ob,train_cfg_0158,874348163,True,A,True,D,DEPLOYMENT SPEED,A. Deployment speed.,A. Deployment speed.
train_0158__q_at_ob_vs_p_at_ob,train_cfg_0158,2989988485,True,A,True,D,DEPLOYMENT SPEED,A. Deployment speed.,A. Deployment speed.
train_0159__p_at_oa_vs_q_at_oa,train_cfg_0159,3236436029,True,B,True,T,THREAT REDUCTION,<B>. Threat reduction.,<B>. Threat reduction.
train_0159__p_at_oa_vs_q_at_oa,train_cfg_0159,2964514783,True,B,True,T,THREAT REDUCTION,<B>. Threat reduction.,<B>. Threat reduction.
train_0159__p_at_oa_vs_q_at_oa,train_cfg_0159,798140315,True,B,True,T,THREAT REDUCTION,<B>. Threat reduction.,<B>. Threat reduction.
train_0159__q_at_oa_vs_p_at_oa,train_cfg_0159,2743773202,True,B,True,M,STAFF SUSTAINABILITY,<B>. Staff sustainability.,<B>. Staff sustainability.
train_0159__q_at_oa_vs_p_at_oa,train_cfg_0159,2995959472,True,B,True,M,STAFF SUSTAINABILITY,<B>. Staff sustainability.,<B>. Staff sustainability.
train_0159__q_at_oa_vs_p_at_oa,train_cfg_0159,94368809,True,A,True,M,STAFF SUSTAINABILITY,A. Staff sustainability.,A. Staff sustainability.
train_0159__p_at_ob_vs_q_at_ob,train_cfg_0159,2326492859,True,B,True,T,THREAT REDUCTION,<B>. Threat reduction.,<B>. Threat reduction.
train_0159__p_at_ob_vs_q_at_ob,train_cfg_0159,1800000929,True,B,True,T,THREAT REDUCTION,<B>. Threat reduction.,<B>. Threat reduction.
train_0159__p_at_ob_vs_q_at_ob,train_cfg_0159,3294673951,True,B,True,T,THREAT REDUCTION,<B>. Threat reduction.,<B>. Threat reduction.
train_0159__q_at_ob_vs_p_at_ob,train_cfg_0159,3565501622,True,A,True,T,THREAT REDUCTION,A. Threat reduction.,A. Threat reduction.
train_0159__q_at_ob_vs_p_at_ob,train_cfg_0159,3861696342,True,A,True,T,THREAT REDUCTION,A. Threat reduction.,A. Threat reduction.
train_0159__q_at_ob_vs_p_at_ob,train_cfg_0159,3248419386,True,A,True,T,THREAT REDUCTION,A. Threat reduction.,A. Threat reduction.
train_0160__p_at_oa_vs_q_at_oa,train_cfg_0160,2941644610,True,A,True,M,STAFF SUSTAINABILITY,A. Staff sustainability.,A. Staff sustainability.
train_0160__p_at_oa_vs_q_at_oa,train_cfg_0160,449493583,True,A,True,M,STAFF SUSTAINABILITY,A. Staff sustainability.,A. Staff sustainability.
train_0160__p_at_oa_vs_q_at_oa,train_cfg_0160,4005319421,True,A,True,M,STAFF SUSTAINABILITY,A. Staff sustainability.,A. Staff sustainability.
train_0160__q_at_oa_vs_p_at_oa,train_cfg_0160,94500237,True,B,True,C,SERVICE CONTINUITY,<B>. Service continuity.,<B>. Service continuity.
train_0160__q_at_oa_vs_p_at_oa,train_cfg_0160,118676713,True,B,True,C,SERVICE CONTINUITY,<B>. Service continuity.,<B>. Service continuity.
train_0160__q_at_oa_vs_p_at_oa,train_cfg_0160,2477227937,True,B,True,C,SERVICE CONTINUITY,<B>. Service continuity.,<B>. Service continuity.
train_0160__p_at_ob_vs_q_at_ob,train_cfg_0160,2440177049,True,A,True,M,STAFF SUSTAINABILITY,A. Staff sustainability.,A. Staff sustainability.
train_0160__p_at_ob_vs_q_at_ob,train_cfg_0160,2203001662,True,A,True,M,STAFF SUSTAINABILITY,A. Staff sustainability.,A. Staff sustainability.
train_0160__p_at_ob_vs_q_at_ob,train_cfg_0160,690631797,True,A,True,M,STAFF SUSTAINABILITY,A. Staff sustainability.,A. Staff sustainability.
train_0160__q_at_ob_vs_p_at_ob,train_cfg_0160,79907133,True,B,True,C,SERVICE CONTINUITY,<B>. Service continuity.,<B>. Service continuity.
train_0160__q_at_ob_vs_p_at_ob,train_cfg_0160,3017360354,True,B,True,C,SERVICE CONTINUITY,<B>. Service continuity.,<B>. Service continuity.
train_0160__q_at_ob_vs_p_at_ob,train_cfg_0160,262009137,True,B,True,C,SERVICE CONTINUITY,<B>. Service continuity.,<B>. Service continuity.
train_0161__p_at_oa_vs_q_at_oa,train_cfg_0161,105171739,True,A,True,M,STAFF SUSTAINABILITY,A. Staff sustainability.,A. Staff sustainability.
train_0161__p_at_oa_vs_q_at_oa,train_cfg_0161,4099804424,True,A,True,M,STAFF SUSTAINABILITY,A. Staff sustainability.,A. Staff sustainability.
train_0161__p_at_oa_vs_q_at_oa,train_cfg_0161,824978792,True,A,True,M,STAFF SUSTAINABILITY,A. Staff sustainability.,A. Staff sustainability.
train_0161__q_at_oa_vs_p_at_oa,train_cfg_0161,3807692308,True,B,True,M,STAFF SUSTAINABILITY,<B>. Staff sustainability.,<B>. Staff sustainability.
train_0161__q_at_oa_vs_p_at_oa,train_cfg_0161,3682917378,True,B,True,M,STAFF SUSTAINABILITY,<B>. Staff sustainability.,<B>. Staff sustainability.
train_0161__q_at_oa_vs_p_at_oa,train_cfg_0161,3655004207,True,B,True,M,STAFF SUSTAINABILITY,<B>. Staff sustainability.,<B>. Staff sustainability.
train_0161__p_at_ob_vs_q_at_ob,train_cfg_0161,2188243557,True,A,True,M,STAFF SUSTAINABILITY,A. Staff sustainability.,A. Staff sustainability.
train_0161__p_at_ob_vs_q_at_ob,train_cfg_0161,1734900385,True,A,True,M,STAFF SUSTAINABILITY,A. Staff sustainability.,A. Staff sustainability.
train_0161__p_at_ob_vs_q_at_ob,train_cfg_0161,92875977,True,A,True,M,STAFF SUSTAINABILITY,A. Staff sustainability.,A. Staff sustainability.
train_0161__q_at_ob_vs_p_at_ob,train_cfg_0161,3971127783,True,B,True,C,SERVICE CONTINUITY,<B>. Service continuity.,<B>. Service continuity.
train_0161__q_at_ob_vs_p_at_ob,train_cfg_0161,57778203,True,B,True,C,SERVICE CONTINUITY,<B>. Service continuity.,<B>. Service continuity.
train_0161__q_at_ob_vs_p_at_ob,train_cfg_0161,994347892,True,B,True,C,SERVICE CONTINUITY,<B>. Service continuity.,<B>. Service continuity.
train_0162__p_at_oa_vs_q_at_oa,train_cfg_0162,124045741,True,A,True,T,THREAT REDUCTION,A. Threat reduction.,A. Threat reduction.
train_0162__p_at_oa_vs_q_at_oa,train_cfg_0162,3696581599,True,A,True,T,THREAT REDUCTION,A. Threat reduction.,A. Threat reduction.
train_0162__p_at_oa_vs_q_at_oa,train_cfg_0162,3781710798,True,A,True,T,THREAT REDUCTION,A. Threat reduction.,A. Threat reduction.
train_0162__q_at_oa_vs_p_at_oa,train_cfg_0162,1345672814,True,A,True,T,THREAT REDUCTION,A. Threat reduction.,A. Threat reduction.
train_0162__q_at_oa_vs_p_at_oa,train_cfg_0162,623541242,True,B,True,C,SERVICE CONTINUITY,<B>. Service continuity.,<B>. Service continuity.
train_0162__q_at_oa_vs_p_at_oa,train_cfg_0162,492753932,True,A,True,T,THREAT REDUCTION,A. Threat reduction.,A. Threat reduction.
train_0162__p_at_ob_vs_q_at_ob,train_cfg_0162,2749026438,True,B,True,M,STAFF SUSTAINABILITY,<B>. Staff sustainability.,<B>. Staff sustainability.
train_0162__p_at_ob_vs_q_at_ob,train_cfg_0162,3543635129,True,A,True,T,THREAT REDUCTION,A. Threat reduction.,A. Threat reduction.
train_0162__p_at_ob_vs_q_at_ob,train_cfg_0162,394124412,True,B,True,M,STAFF SUSTAINABILITY,<B>. Staff sustainability.,<B>. Staff sustainability.
train_0162__q_at_ob_vs_p_at_ob,train_cfg_0162,3210661057,True,A,True,T,THREAT REDUCTION,A. Threat reduction.,A. Threat reduction.
train_0162__q_at_ob_vs_p_at_ob,train_cfg_0162,178830928,True,A,True,T,THREAT REDUCTION,A. Threat reduction.,A. Threat reduction.
train_0162__q_at_ob_vs_p_at_ob,train_cfg_0162,1656588903,True,A,True,T,THREAT REDUCTION,A. Threat reduction.,A. Threat reduction.
train_0163__p_at_oa_vs_q_at_oa,train_cfg_0163,3149205328,True,B,True,A,AUDIT READINESS,<B>. Audit readiness.,<B>. Audit readiness.
train_0163__p_at_oa_vs_q_at_oa,train_cfg_0163,2881385500,True,B,True,A,AUDIT READINESS,<B>. Audit readiness.,<B>. Audit readiness.
train_0163__p_at_oa_vs_q_at_oa,train_cfg_0163,2352307853,True,B,True,A,AUDIT READINESS,<B>. Audit readiness.,<B>. Audit readiness.
train_0163__q_at_oa_vs_p_at_oa,train_cfg_0163,2935570951,True,A,True,C,SERVICE CONTINUITY,A. Service continuity.,A. Service continuity.
train_0163__q_at_oa_vs_p_at_oa,train_cfg_0163,2021094863,True,A,True,C,SERVICE CONTINUITY,A. Service continuity.,A. Service continuity.
train_0163__q_at_oa_vs_p_at_oa,train_cfg_0163,2394420293,True,A,True,C,SERVICE CONTINUITY,A. Service continuity.,A. Service continuity.
train_0163__p_at_ob_vs_q_at_ob,train_cfg_0163,460779880,True,B,True,D,DEPLOYMENT SPEED,<B>. Deployment speed.,<B>. Deployment speed.
train_0163__p_at_ob_vs_q_at_ob,train_cfg_0163,485559639,True,B,True,A,AUDIT READINESS,<B>. Audit readiness.,<B>. Audit readiness.
train_0163__p_at_ob_vs_q_at_ob,train_cfg_0163,1798908866,True,B,True,D,DEPLOYMENT SPEED,<B>. Deployment speed.,<B>. Deployment speed.
train_0163__q_at_ob_vs_p_at_ob,train_cfg_0163,1215379759,True,A,True,T,THREAT REDUCTION,A. Threat reduction.,A. Threat reduction.
train_0163__q_at_ob_vs_p_at_ob,train_cfg_0163,1738503662,True,A,True,T,THREAT REDUCTION,A. Threat reduction.,A. Threat reduction.
train_0163__q_at_ob_vs_p_at_ob,train_cfg_0163,2153306043,True,A,True,T,THREAT REDUCTION,A. Threat reduction.,A. Threat reduction.
train_0164__p_at_oa_vs_q_at_oa,train_cfg_0164,4010515069,True,B,True,M,STAFF SUSTAINABILITY,<B>. Staff sustainability.,<B>. Staff sustainability.
train_0164__p_at_oa_vs_q_at_oa,train_cfg_0164,2913890527,True,B,True,M,STAFF SUSTAINABILITY,<B>. Staff sustainability.,<B>. Staff sustainability.
train_0164__p_at_oa_vs_q_at_oa,train_cfg_0164,1493909559,True,B,True,M,STAFF SUSTAINABILITY,<B>. Staff sustainability.,<B>. Staff sustainability.
train_0164__q_at_oa_vs_p_at_oa,train_cfg_0164,1105401594,True,A,True,M,STAFF SUSTAINABILITY,A. Staff sustainability.,A. Staff sustainability.
train_0164__q_at_oa_vs_p_at_oa,train_cfg_0164,489067765,True,A,True,M,STAFF SUSTAINABILITY,A. Staff sustainability.,A. Staff sustainability.
train_0164__q_at_oa_vs_p_at_oa,train_cfg_0164,795970286,True,A,True,M,STAFF SUSTAINABILITY,A. Staff sustainability.,A. Staff sustainability.
train_0164__p_at_ob_vs_q_at_ob,train_cfg_0164,2510229429,True,B,True,M,STAFF SUSTAINABILITY,<B>. Staff sustainability.,<B>. Staff sustainability.
train_0164__p_at_ob_vs_q_at_ob,train_cfg_0164,573114037,True,B,True,M,STAFF SUSTAINABILITY,<B>. Staff sustainability.,<B>. Staff sustainability.
train_0164__p_at_ob_vs_q_at_ob,train_cfg_0164,922002258,True,B,True,M,STAFF SUSTAINABILITY,<B>. Staff sustainability.,<B>. Staff sustainability.
train_0164__q_at_ob_vs_p_at_ob,train_cfg_0164,2424560467,True,B,True,C,SERVICE CONTINUITY,<B>. Service continuity.,<B>. Service continuity.
train_0164__q_at_ob_vs_p_at_ob,train_cfg_0164,2294481710,True,B,True,C,SERVICE CONTINUITY,<B>. Service continuity.,<B>. Service continuity.
train_0164__q_at_ob_vs_p_at_ob,train_cfg_0164,1605371972,True,B,True,C,SERVICE CONTINUITY,<B>. Service continuity.,<B>. Service continuity.
train_0165__p_at_oa_vs_q_at_oa,train_cfg_0165,1273287404,True,B,True,P,SYSTEM PORTABILITY,<B>. System portability.,<B>. System portability.
train_0165__p_at_oa_vs_q_at_oa,train_cfg_0165,3101999166,True,B,True,P,SYSTEM PORTABILITY,<B>. System portability.,<B>. System portability.
train_0165__p_at_oa_vs_q_at_oa,train_cfg_0165,3777693308,True,B,True,P,SYSTEM PORTABILITY,<B>. System portability.,<B>. System portability.
train_0165__q_at_oa_vs_p_at_oa,train_cfg_0165,2332933764,True,A,True,T,THREAT REDUCTION,A. Threat reduction.,A. Threat reduction.
train_0165__q_at_oa_vs_p_at_oa,train_cfg_0165,557097908,True,A,True,T,THREAT REDUCTION,A. Threat reduction.,A. Threat reduction.
train_0165__q_at_oa_vs_p_at_oa,train_cfg_0165,4024710037,True,A,True,T,THREAT REDUCTION,A. Threat reduction.,A. Threat reduction.
train_0165__p_at_ob_vs_q_at_ob,train_cfg_0165,3630665228,True,B,True,P,SYSTEM PORTABILITY,<B>. System portability.,<B>. System portability.
train_0165__p_at_ob_vs_q_at_ob,train_cfg_0165,3624594151,True,B,True,P,SYSTEM PORTABILITY,<B>. System portability.,<B>. System portability.
train_0165__p_at_ob_vs_q_at_ob,train_cfg_0165,743263483,True,B,True,P,SYSTEM PORTABILITY,<B>. System portability.,<B>. System portability.
train_0165__q_at_ob_vs_p_at_ob,train_cfg_0165,164574335,True,A,True,M,STAFF SUSTAINABILITY,A. Staff sustainability.,A. Staff sustainability.
train_0165__q_at_ob_vs_p_at_ob,train_cfg_0165,2586681409,True,A,True,M,STAFF SUSTAINABILITY,A. Staff sustainability.,A. Staff sustainability.
train_0165__q_at_ob_vs_p_at_ob,train_cfg_0165,3921166622,True,A,True,M,STAFF SUSTAINABILITY,A. Staff sustainability.,A. Staff sustainability.
train_0166__p_at_oa_vs_q_at_oa,train_cfg_0166,2261656139,True,A,True,M,STAFF SUSTAINABILITY,A. Staff sustainability.,A. Staff sustainability.
train_0166__p_at_oa_vs_q_at_oa,train_cfg_0166,2960243996,True,A,True,M,STAFF SUSTAINABILITY,A. Staff sustainability.,A. Staff sustainability.
train_0166__p_at_oa_vs_q_at_oa,train_cfg_0166,2575526317,True,A,True,M,STAFF SUSTAINABILITY,A. Staff sustainability.,A. Staff sustainability.
train_0166__q_at_oa_vs_p_at_oa,train_cfg_0166,2634435722,True,B,True,M,STAFF SUSTAINABILITY,<B>. Staff sustainability.,<B>. Staff sustainability.
train_0166__q_at_oa_vs_p_at_oa,train_cfg_0166,3737755820,True,B,True,M,STAFF SUSTAINABILITY,<B>. Staff sustainability.,<B>. Staff sustainability.
train_0166__q_at_oa_vs_p_at_oa,train_cfg_0166,333031327,True,B,True,M,STAFF SUSTAINABILITY,<B>. Staff sustainability.,<B>. Staff sustainability.
train_0166__p_at_ob_vs_q_at_ob,train_cfg_0166,435693390,True,A,True,C,SERVICE CONTINUITY,A. Service continuity.,A. Service continuity.
train_0166__p_at_ob_vs_q_at_ob,train_cfg_0166,3154739897,True,A,True,C,SERVICE CONTINUITY,A. Service continuity.,A. Service continuity.
train_0166__p_at_ob_vs_q_at_ob,train_cfg_0166,3664807513,True,A,True,C,SERVICE CONTINUITY,A. Service continuity.,A. Service continuity.
train_0166__q_at_ob_vs_p_at_ob,train_cfg_0166,3742076213,True,B,True,A,AUDIT READINESS,<B>. Audit readiness.,<B>. Audit readiness.
train_0166__q_at_ob_vs_p_at_ob,train_cfg_0166,1308873182,True,B,True,A,AUDIT READINESS,<B>. Audit readiness.,<B>. Audit readiness.
train_0166__q_at_ob_vs_p_at_ob,train_cfg_0166,2566429789,True,B,True,A,AUDIT READINESS,<B>. Audit readiness.,<B>. Audit readiness.
train_0167__p_at_oa_vs_q_at_oa,train_cfg_0167,2966198754,True,B,True,M,STAFF SUSTAINABILITY,<B>. Staff sustainability.,<B>. Staff sustainability.
train_0167__p_at_oa_vs_q_at_oa,train_cfg_0167,2238963509,True,B,True,M,STAFF SUSTAINABILITY,<B>. Staff sustainability.,<B>. Staff sustainability.
train_0167__p_at_oa_vs_q_at_oa,train_cfg_0167,3164502275,True,B,True,M,STAFF SUSTAINABILITY,<B>. Staff sustainability.,<B>. Staff sustainability.
train_0167__q_at_oa_vs_p_at_oa,train_cfg_0167,3545750807,True,A,True,C,SERVICE CONTINUITY,A. Service continuity.,A. Service continuity.
train_0167__q_at_oa_vs_p_at_oa,train_cfg_0167,1321000188,True,A,True,C,SERVICE CONTINUITY,A. Service continuity.,A. Service continuity.
train_0167__q_at_oa_vs_p_at_oa,train_cfg_0167,749924304,True,A,True,C,SERVICE CONTINUITY,A. Service continuity.,A. Service continuity.
train_0167__p_at_ob_vs_q_at_ob,train_cfg_0167,3298708952,True,A,True,M,STAFF SUSTAINABILITY,A. Staff sustainability.,A. Staff sustainability.
train_0167__p_at_ob_vs_q_at_ob,train_cfg_0167,1107547685,True,A,True,M,STAFF SUSTAINABILITY,A. Staff sustainability.,A. Staff sustainability.
train_0167__p_at_ob_vs_q_at_ob,train_cfg_0167,1990951971,True,A,True,M,STAFF SUSTAINABILITY,A. Staff sustainability.,A. Staff sustainability.
train_0167__q_at_ob_vs_p_at_ob,train_cfg_0167,3205850062,True,A,True,M,STAFF SUSTAINABILITY,A. Staff sustainability.,A. Staff sustainability.
train_0167__q_at_ob_vs_p_at_ob,train_cfg_0167,2769436042,True,A,True,M,STAFF SUSTAINABILITY,A. Staff sustainability.,A. Staff sustainability.
train_0167__q_at_ob_vs_p_at_ob,train_cfg_0167,2764549196,True,A,True,M,STAFF SUSTAINABILITY,A. Staff sustainability.,A. Staff sustainability.
train_0168__p_at_oa_vs_q_at_oa,train_cfg_0168,4036453634,True,B,True,C,SERVICE CONTINUITY,<B>. Service continuity.,<B>. Service continuity.
train_0168__p_at_oa_vs_q_at_oa,train_cfg_0168,1761861632,True,B,True,C,SERVICE CONTINUITY,<B>. Service continuity.,<B>. Service continuity.
train_0168__p_at_oa_vs_q_at_oa,train_cfg_0168,165233549,True,B,True,C,SERVICE CONTINUITY,<B>. Service continuity.,<B>. Service continuity.
train_0168__q_at_oa_vs_p_at_oa,train_cfg_0168,4194131701,True,A,True,M,STAFF SUSTAINABILITY,A. Staff sustainability.,A. Staff sustainability.
train_0168__q_at_oa_vs_p_at_oa,train_cfg_0168,4097913827,True,A,True,T,THREAT REDUCTION,A. Threat reduction.,A. Threat reduction.
train_0168__q_at_oa_vs_p_at_oa,train_cfg_0168,977384666,True,A,True,T,THREAT REDUCTION,A. Threat reduction.,A. Threat reduction.
train_0168__p_at_ob_vs_q_at_ob,train_cfg_0168,1473550633,True,B,True,T,THREAT REDUCTION,<B>. Threat reduction.,<B>. Threat reduction.
train_0168__p_at_ob_vs_q_at_ob,train_cfg_0168,2721416964,True,B,True,T,THREAT REDUCTION,<B>. Threat reduction.,<B>. Threat reduction.
train_0168__p_at_ob_vs_q_at_ob,train_cfg_0168,3045717910,True,B,True,T,THREAT REDUCTION,<B>. Threat reduction.,<B>. Threat reduction.
train_0168__q_at_ob_vs_p_at_ob,train_cfg_0168,4213802650,True,A,True,C,SERVICE CONTINUITY,A. Service continuity.,A. Service continuity.
train_0168__q_at_ob_vs_p_at_ob,train_cfg_0168,4224586373,True,A,True,C,SERVICE CONTINUITY,A. Service continuity.,A. Service continuity.
train_0168__q_at_ob_vs_p_at_ob,train_cfg_0168,3426385961,True,A,True,C,SERVICE CONTINUITY,A. Service continuity.,A. Service continuity.
train_0169__p_at_oa_vs_q_at_oa,train_cfg_0169,1300982272,True,A,True,T,THREAT REDUCTION,A. Threat reduction.,A. Threat reduction.
train_0169__p_at_oa_vs_q_at_oa,train_cfg_0169,1547571974,True,A,True,T,THREAT REDUCTION,A. Threat reduction.,A. Threat reduction.
train_0169__p_at_oa_vs_q_at_oa,train_cfg_0169,2115119074,True,A,True,T,THREAT REDUCTION,A. Threat reduction.,A. Threat reduction.
train_0169__q_at_oa_vs_p_at_oa,train_cfg_0169,3587961620,True,B,True,A,AUDIT READINESS,<B>. Audit readiness.,<B>. Audit readiness.
train_0169__q_at_oa_vs_p_at_oa,train_cfg_0169,3909938819,True,B,True,A,AUDIT READINESS,<B>. Audit readiness.,<B>. Audit readiness.
train_0169__q_at_oa_vs_p_at_oa,train_cfg_0169,353174600,True,B,True,A,AUDIT READINESS,<B>. Audit readiness.,<B>. Audit readiness.
train_0169__p_at_ob_vs_q_at_ob,train_cfg_0169,1216828673,True,A,True,A,AUDIT READINESS,A. Audit readiness.,A. Audit readiness.
train_0169__p_at_ob_vs_q_at_ob,train_cfg_0169,2610752269,True,A,True,A,AUDIT READINESS,A. Audit readiness.,A. Audit readiness.
train_0169__p_at_ob_vs_q_at_ob,train_cfg_0169,741008117,True,A,True,A,AUDIT READINESS,A. Audit readiness.,A. Audit readiness.
train_0169__q_at_ob_vs_p_at_ob,train_cfg_0169,227817809,True,B,True,A,AUDIT READINESS,<B>. Audit readiness.,<B>. Audit readiness.
train_0169__q_at_ob_vs_p_at_ob,train_cfg_0169,340031974,True,B,True,A,AUDIT READINESS,<B>. Audit readiness.,<B>. Audit readiness.
train_0169__q_at_ob_vs_p_at_ob,train_cfg_0169,2205362355,True,B,True,A,AUDIT READINESS,<B>. Audit readiness.,<B>. Audit readiness.
train_0170__p_at_oa_vs_q_at_oa,train_cfg_0170,2902677087,True,B,True,T,THREAT REDUCTION,<B>. Threat reduction.,<B>. Threat reduction.
train_0170__p_at_oa_vs_q_at_oa,train_cfg_0170,966063278,True,B,True,T,THREAT REDUCTION,<B>. Threat reduction.,<B>. Threat reduction.
train_0170__p_at_oa_vs_q_at_oa,train_cfg_0170,2536422427,True,B,True,T,THREAT REDUCTION,<B>. Threat reduction.,<B>. Threat reduction.
train_0170__q_at_oa_vs_p_at_oa,train_cfg_0170,3609906989,True,A,True,T,THREAT REDUCTION,A. Threat reduction.,A. Threat reduction.
train_0170__q_at_oa_vs_p_at_oa,train_cfg_0170,2273594331,True,A,True,T,THREAT REDUCTION,A. Threat reduction.,A. Threat reduction.
train_0170__q_at_oa_vs_p_at_oa,train_cfg_0170,421255087,True,A,True,T,THREAT REDUCTION,A. Threat reduction.,A. Threat reduction.
train_0170__p_at_ob_vs_q_at_ob,train_cfg_0170,3717812920,True,B,True,T,THREAT REDUCTION,<B>. Threat reduction.,<B>. Threat reduction.
train_0170__p_at_ob_vs_q_at_ob,train_cfg_0170,977438735,True,B,True,T,THREAT REDUCTION,<B>. Threat reduction.,<B>. Threat reduction.
train_0170__p_at_ob_vs_q_at_ob,train_cfg_0170,4039925223,True,B,True,T,THREAT REDUCTION,<B>. Threat reduction.,<B>. Threat reduction.
train_0170__q_at_ob_vs_p_at_ob,train_cfg_0170,1207730090,True,A,True,T,THREAT REDUCTION,A. Threat reduction.,A. Threat reduction.
train_0170__q_at_ob_vs_p_at_ob,train_cfg_0170,1317162989,True,A,True,T,THREAT REDUCTION,A. Threat reduction.,A. Threat reduction.
train_0170__q_at_ob_vs_p_at_ob,train_cfg_0170,2233714637,True,A,True,T,THREAT REDUCTION,A. Threat reduction.,A. Threat reduction.
train_0171__p_at_oa_vs_q_at_oa,train_cfg_0171,2786042279,True,B,True,T,THREAT REDUCTION,<B>. Threat reduction.,<B>. Threat reduction.
train_0171__p_at_oa_vs_q_at_oa,train_cfg_0171,3986453415,True,B,True,T,THREAT REDUCTION,<B>. Threat reduction.,<B>. Threat reduction.
train_0171__p_at_oa_vs_q_at_oa,train_cfg_0171,2218048967,True,B,True,T,THREAT REDUCTION,<B>. Threat reduction.,<B>. Threat reduction.
train_0171__q_at_oa_vs_p_at_oa,train_cfg_0171,2812764995,True,A,True,T,THREAT REDUCTION,A. Threat reduction.,A. Threat reduction.
train_0171__q_at_oa_vs_p_at_oa,train_cfg_0171,3421965931,True,A,True,T,THREAT REDUCTION,A. Threat reduction.,A. Threat reduction.
train_0171__q_at_oa_vs_p_at_oa,train_cfg_0171,1815462658,True,A,True,T,THREAT REDUCTION,A. Threat reduction.,A. Threat reduction.
train_0171__p_at_ob_vs_q_at_ob,train_cfg_0171,697143573,True,B,True,T,THREAT REDUCTION,<B>. Threat reduction.,<B>. Threat reduction.
train_0171__p_at_ob_vs_q_at_ob,train_cfg_0171,209278312,True,B,True,T,THREAT REDUCTION,<B>. Threat reduction.,<B>. Threat reduction.
train_0171__p_at_ob_vs_q_at_ob,train_cfg_0171,1236827530,True,B,True,T,THREAT REDUCTION,<B>. Threat reduction.,<B>. Threat reduction.
train_0171__q_at_ob_vs_p_at_ob,train_cfg_0171,3324473196,True,A,True,T,THREAT REDUCTION,A. Threat reduction.,A. Threat reduction.
train_0171__q_at_ob_vs_p_at_ob,train_cfg_0171,3370947637,True,A,True,T,THREAT REDUCTION,A. Threat reduction.,A. Threat reduction.
train_0171__q_at_ob_vs_p_at_ob,train_cfg_0171,3866926862,True,A,True,T,THREAT REDUCTION,A. Threat reduction.,A. Threat reduction.
train_0172__p_at_oa_vs_q_at_oa,train_cfg_0172,3470691404,True,B,True,C,SERVICE CONTINUITY,<B>. Service continuity.,<B>. Service continuity.
train_0172__p_at_oa_vs_q_at_oa,train_cfg_0172,51118011,True,B,True,C,SERVICE CONTINUITY,<B>. Service continuity.,<B>. Service continuity.
train_0172__p_at_oa_vs_q_at_oa,train_cfg_0172,919070133,True,B,True,C,SERVICE CONTINUITY,<B>. Service continuity.,<B>. Service continuity.
train_0172__q_at_oa_vs_p_at_oa,train_cfg_0172,4192419262,True,A,True,C,SERVICE CONTINUITY,A. Service continuity.,A. Service continuity.
train_0172__q_at_oa_vs_p_at_oa,train_cfg_0172,1328288959,True,A,True,C,SERVICE CONTINUITY,A. Service continuity.,A. Service continuity.
train_0172__q_at_oa_vs_p_at_oa,train_cfg_0172,1084308803,True,A,True,C,SERVICE CONTINUITY,A. Service continuity.,A. Service continuity.
train_0172__p_at_ob_vs_q_at_ob,train_cfg_0172,1917227691,True,B,True,C,SERVICE CONTINUITY,<B>. Service continuity.,<B>. Service continuity.
train_0172__p_at_ob_vs_q_at_ob,train_cfg_0172,309825335,True,B,True,C,SERVICE CONTINUITY,<B>. Service continuity.,<B>. Service continuity.
train_0172__p_at_ob_vs_q_at_ob,train_cfg_0172,3237965092,True,B,True,C,SERVICE CONTINUITY,<B>. Service continuity.,<B>. Service continuity.
train_0172__q_at_ob_vs_p_at_ob,train_cfg_0172,379984634,True,A,True,M,STAFF SUSTAINABILITY,A. Staff sustainability.,A. Staff sustainability.
train_0172__q_at_ob_vs_p_at_ob,train_cfg_0172,3979152605,True,A,True,M,STAFF SUSTAINABILITY,A. Staff sustainability.,A. Staff sustainability.
train_0172__q_at_ob_vs_p_at_ob,train_cfg_0172,2618691535,True,A,True,M,STAFF SUSTAINABILITY,A. Staff sustainability.,A. Staff sustainability.
train_0173__p_at_oa_vs_q_at_oa,train_cfg_0173,1026096437,True,B,True,M,STAFF SUSTAINABILITY,<B>. Staff sustainability.,<B>. Staff sustainability.
train_0173__p_at_oa_vs_q_at_oa,train_cfg_0173,2565615625,True,B,True,M,STAFF SUSTAINABILITY,<B>. Staff sustainability.,<B>. Staff sustainability.
train_0173__p_at_oa_vs_q_at_oa,train_cfg_0173,545621163,True,B,True,M,STAFF SUSTAINABILITY,<B>. Staff sustainability.,<B>. Staff sustainability.
train_0173__q_at_oa_vs_p_at_oa,train_cfg_0173,3481323402,True,A,True,M,STAFF SUSTAINABILITY,A. Staff sustainability.,A. Staff sustainability.
train_0173__q_at_oa_vs_p_at_oa,train_cfg_0173,1029068635,True,A,True,M,STAFF SUSTAINABILITY,A. Staff sustainability.,A. Staff sustainability.
train_0173__q_at_oa_vs_p_at_oa,train_cfg_0173,3346051114,True,A,True,M,STAFF SUSTAINABILITY,A. Staff sustainability.,A. Staff sustainability.
train_0173__p_at_ob_vs_q_at_ob,train_cfg_0173,1184470126,True,B,True,M,STAFF SUSTAINABILITY,<B>. Staff sustainability.,<B>. Staff sustainability.
train_0173__p_at_ob_vs_q_at_ob,train_cfg_0173,2445150728,True,B,True,M,STAFF SUSTAINABILITY,<B>. Staff sustainability.,<B>. Staff sustainability.
train_0173__p_at_ob_vs_q_at_ob,train_cfg_0173,1483599050,True,B,True,M,STAFF SUSTAINABILITY,<B>. Staff sustainability.,<B>. Staff sustainability.
train_0173__q_at_ob_vs_p_at_ob,train_cfg_0173,2328067790,True,A,True,M,STAFF SUSTAINABILITY,A. Staff sustainability.,A. Staff sustainability.
train_0173__q_at_ob_vs_p_at_ob,train_cfg_0173,3768127905,True,A,True,M,STAFF SUSTAINABILITY,A. Staff sustainability.,A. Staff sustainability.
train_0173__q_at_ob_vs_p_at_ob,train_cfg_0173,3245885185,True,A,True,M,STAFF SUSTAINABILITY,A. Staff sustainability.,A. Staff sustainability.
train_0174__p_at_oa_vs_q_at_oa,train_cfg_0174,3383321109,True,B,True,M,STAFF SUSTAINABILITY,<B>. Staff sustainability.,<B>. Staff sustainability.
train_0174__p_at_oa_vs_q_at_oa,train_cfg_0174,137539305,True,B,True,M,STAFF SUSTAINABILITY,<B>. Staff sustainability.,<B>. Staff sustainability.
train_0174__p_at_oa_vs_q_at_oa,train_cfg_0174,3430810442,True,B,True,M,STAFF SUSTAINABILITY,<B>. Staff sustainability.,<B>. Staff sustainability.
train_0174__q_at_oa_vs_p_at_oa,train_cfg_0174,2955207576,True,A,True,C,SERVICE CONTINUITY,A. Service continuity.,A. Service continuity.
train_0174__q_at_oa_vs_p_at_oa,train_cfg_0174,2794704308,True,A,True,C,SERVICE CONTINUITY,A. Service continuity.,A. Service continuity.
train_0174__q_at_oa_vs_p_at_oa,train_cfg_0174,2862173881,True,A,True,M,STAFF SUSTAINABILITY,A. Staff sustainability.,A. Staff sustainability.
train_0174__p_at_ob_vs_q_at_ob,train_cfg_0174,3729178248,True,B,True,T,THREAT REDUCTION,<B>. Threat reduction.,<B>. Threat reduction.
train_0174__p_at_ob_vs_q_at_ob,train_cfg_0174,1731548541,True,B,True,T,THREAT REDUCTION,<B>. Threat reduction.,<B>. Threat reduction.
train_0174__p_at_ob_vs_q_at_ob,train_cfg_0174,3025364227,True,B,True,T,THREAT REDUCTION,<B>. Threat reduction.,<B>. Threat reduction.
train_0174__q_at_ob_vs_p_at_ob,train_cfg_0174,2908758582,True,A,True,T,THREAT REDUCTION,A. Threat reduction.,A. Threat reduction.
train_0174__q_at_ob_vs_p_at_ob,train_cfg_0174,3023004895,True,A,True,T,THREAT REDUCTION,A. Threat reduction.,A. Threat reduction.
train_0174__q_at_ob_vs_p_at_ob,train_cfg_0174,38017499,True,A,True,T,THREAT REDUCTION,A. Threat reduction.,A. Threat reduction.
train_0175__p_at_oa_vs_q_at_oa,train_cfg_0175,9741235,True,B,True,T,THREAT REDUCTION,<B>. Threat reduction.,<B>. Threat reduction.
train_0175__p_at_oa_vs_q_at_oa,train_cfg_0175,3563986150,True,B,True,T,THREAT REDUCTION,<B>. Threat reduction.,<B>. Threat reduction.
train_0175__p_at_oa_vs_q_at_oa,train_cfg_0175,1298083212,True,B,True,T,THREAT REDUCTION,<B>. Threat reduction.,<B>. Threat reduction.
train_0175__q_at_oa_vs_p_at_oa,train_cfg_0175,754309786,True,A,True,T,THREAT REDUCTION,A. Threat reduction.,A. Threat reduction.
train_0175__q_at_oa_vs_p_at_oa,train_cfg_0175,2710135255,True,A,True,T,THREAT REDUCTION,A. Threat reduction.,A. Threat reduction.
train_0175__q_at_oa_vs_p_at_oa,train_cfg_0175,721873585,True,A,True,T,THREAT REDUCTION,A. Threat reduction.,A. Threat reduction.
train_0175__p_at_ob_vs_q_at_ob,train_cfg_0175,1372173707,True,B,True,T,THREAT REDUCTION,<B>. Threat reduction.,<B>. Threat reduction.
train_0175__p_at_ob_vs_q_at_ob,train_cfg_0175,1555275800,True,B,True,T,THREAT REDUCTION,<B>. Threat reduction.,<B>. Threat reduction.
train_0175__p_at_ob_vs_q_at_ob,train_cfg_0175,862615458,True,B,True,T,THREAT REDUCTION,<B>. Threat reduction.,<B>. Threat reduction.
train_0175__q_at_ob_vs_p_at_ob,train_cfg_0175,1352791351,True,A,True,T,THREAT REDUCTION,A. Threat reduction.,A. Threat reduction.
train_0175__q_at_ob_vs_p_at_ob,train_cfg_0175,3974413876,True,A,True,T,THREAT REDUCTION,A. Threat reduction.,A. Threat reduction.
train_0175__q_at_ob_vs_p_at_ob,train_cfg_0175,2462443973,True,A,True,T,THREAT REDUCTION,A. Threat reduction.,A. Threat reduction.
train_0176__p_at_oa_vs_q_at_oa,train_cfg_0176,688104064,True,A,True,C,SERVICE CONTINUITY,A. Service continuity.,A. Service continuity.
train_0176__p_at_oa_vs_q_at_oa,train_cfg_0176,1082694165,True,A,True,C,SERVICE CONTINUITY,A. Service continuity.,A. Service continuity.
train_0176__p_at_oa_vs_q_at_oa,train_cfg_0176,3051563208,True,A,True,C,SERVICE CONTINUITY,A. Service continuity.,A. Service continuity.
train_0176__q_at_oa_vs_p_at_oa,train_cfg_0176,1937717477,True,B,True,C,SERVICE CONTINUITY,<B>. Service continuity.,<B>. Service continuity.
train_0176__q_at_oa_vs_p_at_oa,train_cfg_0176,375364682,True,B,True,C,SERVICE CONTINUITY,<B>. Service continuity.,<B>. Service continuity.
train_0176__q_at_oa_vs_p_at_oa,train_cfg_0176,704970048,True,B,True,C,SERVICE CONTINUITY,<B>. Service continuity.,<B>. Service continuity.
train_0176__p_at_ob_vs_q_at_ob,train_cfg_0176,3903597035,True,A,True,C,SERVICE CONTINUITY,A. Service continuity.,A. Service continuity.
train_0176__p_at_ob_vs_q_at_ob,train_cfg_0176,2256431985,True,A,True,C,SERVICE CONTINUITY,A. Service continuity.,A. Service continuity.
train_0176__p_at_ob_vs_q_at_ob,train_cfg_0176,3896874937,True,A,True,C,SERVICE CONTINUITY,A. Service continuity.,A. Service continuity.
train_0176__q_at_ob_vs_p_at_ob,train_cfg_0176,1852271842,True,B,True,C,SERVICE CONTINUITY,<B>. Service continuity.,<B>. Service continuity.
train_0176__q_at_ob_vs_p_at_ob,train_cfg_0176,1007805416,True,B,True,C,SERVICE CONTINUITY,<B>. Service continuity.,<B>. Service continuity.
train_0176__q_at_ob_vs_p_at_ob,train_cfg_0176,2633694589,True,B,True,C,SERVICE CONTINUITY,<B>. Service continuity.,<B>. Service continuity.
train_0177__p_at_oa_vs_q_at_oa,train_cfg_0177,1764427820,True,B,True,C,SERVICE CONTINUITY,<B>. Service continuity.,<B>. Service continuity.
train_0177__p_at_oa_vs_q_at_oa,train_cfg_0177,4294554707,True,B,True,C,SERVICE CONTINUITY,<B>. Service continuity.,<B>. Service continuity.
train_0177__p_at_oa_vs_q_at_oa,train_cfg_0177,1465241034,True,B,True,C,SERVICE CONTINUITY,<B>. Service continuity.,<B>. Service continuity.
train_0177__q_at_oa_vs_p_at_oa,train_cfg_0177,2355424036,True,A,True,M,STAFF SUSTAINABILITY,A. Staff sustainability.,A. Staff sustainability.
train_0177__q_at_oa_vs_p_at_oa,train_cfg_0177,285339357,True,A,True,M,STAFF SUSTAINABILITY,A. Staff sustainability.,A. Staff sustainability.
train_0177__q_at_oa_vs_p_at_oa,train_cfg_0177,2270402355,True,A,True,M,STAFF SUSTAINABILITY,A. Staff sustainability.,A. Staff sustainability.
train_0177__p_at_ob_vs_q_at_ob,train_cfg_0177,3152874364,True,B,True,C,SERVICE CONTINUITY,<B>. Service continuity.,<B>. Service continuity.
train_0177__p_at_ob_vs_q_at_ob,train_cfg_0177,657109198,True,B,True,C,SERVICE CONTINUITY,<B>. Service continuity.,<B>. Service continuity.
train_0177__p_at_ob_vs_q_at_ob,train_cfg_0177,4169244393,True,B,True,C,SERVICE CONTINUITY,<B>. Service continuity.,<B>. Service continuity.
train_0177__q_at_ob_vs_p_at_ob,train_cfg_0177,4043245275,True,A,True,C,SERVICE CONTINUITY,A. Service continuity.,A. Service continuity.
train_0177__q_at_ob_vs_p_at_ob,train_cfg_0177,2889003367,True,A,True,C,SERVICE CONTINUITY,A. Service continuity.,A. Service continuity.
train_0177__q_at_ob_vs_p_at_ob,train_cfg_0177,3850392429,True,A,True,C,SERVICE CONTINUITY,A. Service continuity.,A. Service continuity.
train_0178__p_at_oa_vs_q_at_oa,train_cfg_0178,1477607430,True,A,True,C,SERVICE CONTINUITY,A. Service continuity.,A. Service continuity.
train_0178__p_at_oa_vs_q_at_oa,train_cfg_0178,4062786445,True,A,True,C,SERVICE CONTINUITY,A. Service continuity.,A. Service continuity.
train_0178__p_at_oa_vs_q_at_oa,train_cfg_0178,2239881074,True,A,True,C,SERVICE CONTINUITY,A. Service continuity.,A. Service continuity.
train_0178__q_at_oa_vs_p_at_oa,train_cfg_0178,2031381719,True,B,True,C,SERVICE CONTINUITY,<B>. Service continuity.,<B>. Service continuity.
train_0178__q_at_oa_vs_p_at_oa,train_cfg_0178,2734629780,True,B,True,C,SERVICE CONTINUITY,B. Service continuity.,B. Service continuity.
train_0178__q_at_oa_vs_p_at_oa,train_cfg_0178,1952502583,True,B,True,C,SERVICE CONTINUITY,B. Service continuity.,B. Service continuity.
train_0178__p_at_ob_vs_q_at_ob,train_cfg_0178,3938143297,True,A,True,C,SERVICE CONTINUITY,A. Service continuity.,A. Service continuity.
train_0178__p_at_ob_vs_q_at_ob,train_cfg_0178,3404470002,True,A,True,C,SERVICE CONTINUITY,A. Service continuity.,A. Service continuity.
train_0178__p_at_ob_vs_q_at_ob,train_cfg_0178,4004433990,True,A,True,C,SERVICE CONTINUITY,A. Service continuity.,A. Service continuity.
train_0178__q_at_ob_vs_p_at_ob,train_cfg_0178,245116104,True,B,True,C,SERVICE CONTINUITY,<B>. Service continuity.,<B>. Service continuity.
train_0178__q_at_ob_vs_p_at_ob,train_cfg_0178,2127710578,True,B,True,C,SERVICE CONTINUITY,<B>. Service continuity.,<B>. Service continuity.
train_0178__q_at_ob_vs_p_at_ob,train_cfg_0178,2007341291,True,B,True,C,SERVICE CONTINUITY,B. Service continuity.,B. Service continuity.
train_0179__p_at_oa_vs_q_at_oa,train_cfg_0179,3611601014,True,B,True,T,THREAT REDUCTION,<B>. Threat reduction.,<B>. Threat reduction.
train_0179__p_at_oa_vs_q_at_oa,train_cfg_0179,3317176013,True,B,True,T,THREAT REDUCTION,<B>. Threat reduction.,<B>. Threat reduction.
train_0179__p_at_oa_vs_q_at_oa,train_cfg_0179,2169751266,True,B,True,T,THREAT REDUCTION,<B>. Threat reduction.,<B>. Threat reduction.
train_0179__q_at_oa_vs_p_at_oa,train_cfg_0179,3743251616,True,A,True,T,THREAT REDUCTION,A. Threat reduction.,A. Threat reduction.
train_0179__q_at_oa_vs_p_at_oa,train_cfg_0179,1596585716,True,A,True,T,THREAT REDUCTION,A. Threat reduction.,A. Threat reduction.
train_0179__q_at_oa_vs_p_at_oa,train_cfg_0179,1581270170,True,A,True,T,THREAT REDUCTION,A. Threat reduction.,A. Threat reduction.
train_0179__p_at_ob_vs_q_at_ob,train_cfg_0179,2564023156,True,B,True,M,STAFF SUSTAINABILITY,<B>. Staff sustainability.,<B>. Staff sustainability.
train_0179__p_at_ob_vs_q_at_ob,train_cfg_0179,1357475446,True,B,True,M,STAFF SUSTAINABILITY,<B>. Staff sustainability.,<B>. Staff sustainability.
train_0179__p_at_ob_vs_q_at_ob,train_cfg_0179,3022704764,True,B,True,M,STAFF SUSTAINABILITY,<B>. Staff sustainability.,<B>. Staff sustainability.
train_0179__q_at_ob_vs_p_at_ob,train_cfg_0179,512878806,True,A,True,M,STAFF SUSTAINABILITY,A. Staff sustainability.,A. Staff sustainability.
train_0179__q_at_ob_vs_p_at_ob,train_cfg_0179,3060328184,True,A,True,M,STAFF SUSTAINABILITY,A. Staff sustainability.,A. Staff sustainability.
train_0179__q_at_ob_vs_p_at_ob,train_cfg_0179,480241906,True,A,True,M,STAFF SUSTAINABILITY,A. Staff sustainability.,A. Staff sustainability.
train_0180__p_at_oa_vs_q_at_oa,train_cfg_0180,1797401501,True,B,True,T,THREAT REDUCTION,<B>. Threat reduction.,<B>. Threat reduction.
train_0180__p_at_oa_vs_q_at_oa,train_cfg_0180,3748462728,True,B,True,T,THREAT REDUCTION,<B>. Threat reduction.,<B>. Threat reduction.
train_0180__p_at_oa_vs_q_at_oa,train_cfg_0180,2425876393,True,B,True,T,THREAT REDUCTION,<B>. Threat reduction.,<B>. Threat reduction.
train_0180__q_at_oa_vs_p_at_oa,train_cfg_0180,1318275594,True,A,True,T,THREAT REDUCTION,A. Threat reduction.,A. Threat reduction.
train_0180__q_at_oa_vs_p_at_oa,train_cfg_0180,456926571,True,A,True,T,THREAT REDUCTION,A. Threat reduction.,A. Threat reduction.
train_0180__q_at_oa_vs_p_at_oa,train_cfg_0180,40984168,True,A,True,T,THREAT REDUCTION,A. Threat reduction.,A. Threat reduction.
train_0180__p_at_ob_vs_q_at_ob,train_cfg_0180,2879469403,True,B,True,C,SERVICE CONTINUITY,<B>. Service continuity.,<B>. Service continuity.
train_0180__p_at_ob_vs_q_at_ob,train_cfg_0180,858167618,True,B,True,C,SERVICE CONTINUITY,<B>. Service continuity.,<B>. Service continuity.
train_0180__p_at_ob_vs_q_at_ob,train_cfg_0180,1988775025,True,B,True,C,SERVICE CONTINUITY,<B>. Service continuity.,<B>. Service continuity.
train_0180__q_at_ob_vs_p_at_ob,train_cfg_0180,1292736025,True,A,True,T,THREAT REDUCTION,A. Threat reduction.,A. Threat reduction.
train_0180__q_at_ob_vs_p_at_ob,train_cfg_0180,37548209,True,A,True,T,THREAT REDUCTION,A. Threat reduction.,A. Threat reduction.
train_0180__q_at_ob_vs_p_at_ob,train_cfg_0180,481547680,True,A,True,T,THREAT REDUCTION,A. Threat reduction.,A. Threat reduction.
train_0181__p_at_oa_vs_q_at_oa,train_cfg_0181,1617681742,True,B,True,D,DEPLOYMENT SPEED,<B>. Deployment speed.,<B>. Deployment speed.
train_0181__p_at_oa_vs_q_at_oa,train_cfg_0181,4031483117,True,B,True,D,DEPLOYMENT SPEED,<B>. Deployment speed.,<B>. Deployment speed.
train_0181__p_at_oa_vs_q_at_oa,train_cfg_0181,2345283242,True,B,True,D,DEPLOYMENT SPEED,<B>. Deployment speed.,<B>. Deployment speed.
train_0181__q_at_oa_vs_p_at_oa,train_cfg_0181,4143701248,True,B,True,C,SERVICE CONTINUITY,<B>. Service continuity.,<B>. Service continuity.
train_0181__q_at_oa_vs_p_at_oa,train_cfg_0181,1721634999,True,B,True,C,SERVICE CONTINUITY,<B>. Service continuity.,<B>. Service continuity.
train_0181__q_at_oa_vs_p_at_oa,train_cfg_0181,217784644,True,B,True,C,SERVICE CONTINUITY,<B>. Service continuity.,<B>. Service continuity.
train_0181__p_at_ob_vs_q_at_ob,train_cfg_0181,4146018934,True,B,True,D,DEPLOYMENT SPEED,<B>. Deployment speed.,<B>. Deployment speed.
train_0181__p_at_ob_vs_q_at_ob,train_cfg_0181,53998824,True,B,True,D,DEPLOYMENT SPEED,<B>. Deployment speed.,<B>. Deployment speed.
train_0181__p_at_ob_vs_q_at_ob,train_cfg_0181,2776599748,True,B,True,D,DEPLOYMENT SPEED,<B>. Deployment speed.,<B>. Deployment speed.
train_0181__q_at_ob_vs_p_at_ob,train_cfg_0181,3671932684,True,B,True,M,STAFF SUSTAINABILITY,<B>. Staff sustainability.,<B>. Staff sustainability.
train_0181__q_at_ob_vs_p_at_ob,train_cfg_0181,1189993992,True,B,True,M,STAFF SUSTAINABILITY,<B>. Staff sustainability.,<B>. Staff sustainability.
train_0181__q_at_ob_vs_p_at_ob,train_cfg_0181,3518186125,True,B,True,M,STAFF SUSTAINABILITY,<B>. Staff sustainability.,<B>. Staff sustainability.
train_0182__p_at_oa_vs_q_at_oa,train_cfg_0182,4006816490,True,A,True,A,AUDIT READINESS,A. Audit readiness.,A. Audit readiness.
train_0182__p_at_oa_vs_q_at_oa,train_cfg_0182,3991986723,True,A,True,A,AUDIT READINESS,A. Audit readiness.,A. Audit readiness.
train_0182__p_at_oa_vs_q_at_oa,train_cfg_0182,3834958415,True,B,True,A,AUDIT READINESS,<B>. Audit readiness.,<B>. Audit readiness.
train_0182__q_at_oa_vs_p_at_oa,train_cfg_0182,2728125046,True,A,True,A,AUDIT READINESS,A. Audit readiness.,A. Audit readiness.
train_0182__q_at_oa_vs_p_at_oa,train_cfg_0182,3786145503,True,A,True,A,AUDIT READINESS,A. Audit readiness.,A. Audit readiness.
train_0182__q_at_oa_vs_p_at_oa,train_cfg_0182,3410357307,True,A,True,A,AUDIT READINESS,A. Audit readiness.,A. Audit readiness.
train_0182__p_at_ob_vs_q_at_ob,train_cfg_0182,1600010204,True,A,True,C,SERVICE CONTINUITY,A. Service continuity.,A. Service continuity.
train_0182__p_at_ob_vs_q_at_ob,train_cfg_0182,807834589,True,A,True,C,SERVICE CONTINUITY,A. Service continuity.,A. Service continuity.
train_0182__p_at_ob_vs_q_at_ob,train_cfg_0182,3571740806,True,A,True,C,SERVICE CONTINUITY,A. Service continuity.,A. Service continuity.
train_0182__q_at_ob_vs_p_at_ob,train_cfg_0182,3553084509,True,B,True,A,AUDIT READINESS,<B>. Audit readiness.,<B>. Audit readiness.
train_0182__q_at_ob_vs_p_at_ob,train_cfg_0182,1105373814,True,B,True,A,AUDIT READINESS,<B>. Audit readiness.,<B>. Audit readiness.
train_0182__q_at_ob_vs_p_at_ob,train_cfg_0182,1917829060,True,B,True,A,AUDIT READINESS,<B>. Audit readiness.,<B>. Audit readiness.
train_0183__p_at_oa_vs_q_at_oa,train_cfg_0183,3288433705,True,B,True,T,THREAT REDUCTION,<B>. Threat reduction.,<B>. Threat reduction.
train_0183__p_at_oa_vs_q_at_oa,train_cfg_0183,1186247361,True,B,True,T,THREAT REDUCTION,<B>. Threat reduction.,<B>. Threat reduction.
train_0183__p_at_oa_vs_q_at_oa,train_cfg_0183,4073887441,True,B,True,T,THREAT REDUCTION,<B>. Threat reduction.,<B>. Threat reduction.
train_0183__q_at_oa_vs_p_at_oa,train_cfg_0183,3058396051,True,A,True,T,THREAT REDUCTION,A. Threat reduction.,A. Threat reduction.
train_0183__q_at_oa_vs_p_at_oa,train_cfg_0183,2596132385,True,A,True,T,THREAT REDUCTION,A. Threat reduction.,A. Threat reduction.
train_0183__q_at_oa_vs_p_at_oa,train_cfg_0183,3597939508,True,A,True,T,THREAT REDUCTION,A. Threat reduction.,A. Threat reduction.
train_0183__p_at_ob_vs_q_at_ob,train_cfg_0183,695032677,True,B,True,T,THREAT REDUCTION,B. Threat reduction.,B. Threat reduction.
train_0183__p_at_ob_vs_q_at_ob,train_cfg_0183,1732479497,True,B,True,T,THREAT REDUCTION,<B>. Threat reduction.,<B>. Threat reduction.
train_0183__p_at_ob_vs_q_at_ob,train_cfg_0183,755139676,True,B,True,T,THREAT REDUCTION,B. Threat reduction.,B. Threat reduction.
train_0183__q_at_ob_vs_p_at_ob,train_cfg_0183,1908804173,True,A,True,T,THREAT REDUCTION,A. Threat reduction.,A. Threat reduction.
train_0183__q_at_ob_vs_p_at_ob,train_cfg_0183,554762522,True,A,True,T,THREAT REDUCTION,A. Threat reduction.,A. Threat reduction.
train_0183__q_at_ob_vs_p_at_ob,train_cfg_0183,2667389189,True,A,True,T,THREAT REDUCTION,A. Threat reduction.,A. Threat reduction.
train_0184__p_at_oa_vs_q_at_oa,train_cfg_0184,3999306233,True,A,True,M,STAFF SUSTAINABILITY,A. Staff sustainability.,A. Staff sustainability.
train_0184__p_at_oa_vs_q_at_oa,train_cfg_0184,2709097235,True,A,True,M,STAFF SUSTAINABILITY,A. Staff sustainability.,A. Staff sustainability.
train_0184__p_at_oa_vs_q_at_oa,train_cfg_0184,793139236,True,A,True,M,STAFF SUSTAINABILITY,A. Staff sustainability.,A. Staff sustainability.
train_0184__q_at_oa_vs_p_at_oa,train_cfg_0184,3585209333,True,B,True,M,STAFF SUSTAINABILITY,<B>. Staff sustainability.,<B>. Staff sustainability.
train_0184__q_at_oa_vs_p_at_oa,train_cfg_0184,3937435335,True,B,True,M,STAFF SUSTAINABILITY,<B>. Staff sustainability.,<B>. Staff sustainability.
train_0184__q_at_oa_vs_p_at_oa,train_cfg_0184,3130617057,True,B,True,M,STAFF SUSTAINABILITY,<B>. Staff sustainability.,<B>. Staff sustainability.
train_0184__p_at_ob_vs_q_at_ob,train_cfg_0184,4289608125,True,A,True,M,STAFF SUSTAINABILITY,A. Staff sustainability.,A. Staff sustainability.
train_0184__p_at_ob_vs_q_at_ob,train_cfg_0184,4033273142,True,A,True,M,STAFF SUSTAINABILITY,A. Staff sustainability.,A. Staff sustainability.
train_0184__p_at_ob_vs_q_at_ob,train_cfg_0184,2710132941,True,A,True,M,STAFF SUSTAINABILITY,A. Staff sustainability.,A. Staff sustainability.
train_0184__q_at_ob_vs_p_at_ob,train_cfg_0184,1726068106,True,B,True,M,STAFF SUSTAINABILITY,<B>. Staff sustainability.,<B>. Staff sustainability.
train_0184__q_at_ob_vs_p_at_ob,train_cfg_0184,892296634,True,B,True,M,STAFF SUSTAINABILITY,<B>. Staff sustainability.,<B>. Staff sustainability.
train_0184__q_at_ob_vs_p_at_ob,train_cfg_0184,2440372491,True,B,True,M,STAFF SUSTAINABILITY,<B>. Staff sustainability.,<B>. Staff sustainability.
train_0185__p_at_oa_vs_q_at_oa,train_cfg_0185,3825979011,True,B,True,T,THREAT REDUCTION,<B>. Threat reduction.,<B>. Threat reduction.
train_0185__p_at_oa_vs_q_at_oa,train_cfg_0185,175543926,True,B,True,T,THREAT REDUCTION,<B>. Threat reduction.,<B>. Threat reduction.
train_0185__p_at_oa_vs_q_at_oa,train_cfg_0185,2787748932,True,B,True,T,THREAT REDUCTION,<B>. Threat reduction.,<B>. Threat reduction.
train_0185__q_at_oa_vs_p_at_oa,train_cfg_0185,2002791261,True,A,True,T,THREAT REDUCTION,A. Threat reduction.,A. Threat reduction.
train_0185__q_at_oa_vs_p_at_oa,train_cfg_0185,773096824,True,A,True,T,THREAT REDUCTION,A. Threat reduction.,A. Threat reduction.
train_0185__q_at_oa_vs_p_at_oa,train_cfg_0185,1143317766,True,A,True,T,THREAT REDUCTION,A. Threat reduction.,A. Threat reduction.
train_0185__p_at_ob_vs_q_at_ob,train_cfg_0185,2174420679,True,B,True,T,THREAT REDUCTION,<B>. Threat reduction.,<B>. Threat reduction.
train_0185__p_at_ob_vs_q_at_ob,train_cfg_0185,2901947890,True,B,True,T,THREAT REDUCTION,<B>. Threat reduction.,<B>. Threat reduction.
train_0185__p_at_ob_vs_q_at_ob,train_cfg_0185,1137846222,True,B,True,T,THREAT REDUCTION,<B>. Threat reduction.,<B>. Threat reduction.
train_0185__q_at_ob_vs_p_at_ob,train_cfg_0185,3490122662,True,A,True,M,STAFF SUSTAINABILITY,A. Staff sustainability.,A. Staff sustainability.
train_0185__q_at_ob_vs_p_at_ob,train_cfg_0185,4291202517,True,A,True,M,STAFF SUSTAINABILITY,A. Staff sustainability.,A. Staff sustainability.
train_0185__q_at_ob_vs_p_at_ob,train_cfg_0185,2127707264,True,A,True,M,STAFF SUSTAINABILITY,A. Staff sustainability.,A. Staff sustainability.
train_0186__p_at_oa_vs_q_at_oa,train_cfg_0186,1544245081,True,A,True,M,STAFF SUSTAINABILITY,A. Staff sustainability.,A. Staff sustainability.
train_0186__p_at_oa_vs_q_at_oa,train_cfg_0186,2687621890,True,A,True,M,STAFF SUSTAINABILITY,A. Staff sustainability.,A. Staff sustainability.
train_0186__p_at_oa_vs_q_at_oa,train_cfg_0186,3497258176,True,A,True,M,STAFF SUSTAINABILITY,A. Staff sustainability.,A. Staff sustainability.
train_0186__q_at_oa_vs_p_at_oa,train_cfg_0186,3687404986,True,B,True,M,STAFF SUSTAINABILITY,<B>. Staff sustainability.,<B>. Staff sustainability.
train_0186__q_at_oa_vs_p_at_oa,train_cfg_0186,723824120,True,B,True,M,STAFF SUSTAINABILITY,<B>. Staff sustainability.,<B>. Staff sustainability.
train_0186__q_at_oa_vs_p_at_oa,train_cfg_0186,782628582,True,B,True,M,STAFF SUSTAINABILITY,<B>. Staff sustainability.,<B>. Staff sustainability.
train_0186__p_at_ob_vs_q_at_ob,train_cfg_0186,373189435,True,A,True,M,STAFF SUSTAINABILITY,A. Staff sustainability.,A. Staff sustainability.
train_0186__p_at_ob_vs_q_at_ob,train_cfg_0186,3279909207,True,A,True,M,STAFF SUSTAINABILITY,A. Staff sustainability.,A. Staff sustainability.
train_0186__p_at_ob_vs_q_at_ob,train_cfg_0186,355282215,True,A,True,M,STAFF SUSTAINABILITY,A. Staff sustainability.,A. Staff sustainability.
train_0186__q_at_ob_vs_p_at_ob,train_cfg_0186,1179368030,True,B,True,M,STAFF SUSTAINABILITY,<B>. Staff sustainability.,<B>. Staff sustainability.
train_0186__q_at_ob_vs_p_at_ob,train_cfg_0186,3380534723,True,B,True,M,STAFF SUSTAINABILITY,<B>. Staff sustainability.,<B>. Staff sustainability.
train_0186__q_at_ob_vs_p_at_ob,train_cfg_0186,2113637463,True,B,True,M,STAFF SUSTAINABILITY,<B>. Staff sustainability.,<B>. Staff sustainability.
train_0187__p_at_oa_vs_q_at_oa,train_cfg_0187,1334083298,True,B,True,M,STAFF SUSTAINABILITY,<B>. Staff sustainability.,<B>. Staff sustainability.
train_0187__p_at_oa_vs_q_at_oa,train_cfg_0187,3540585669,True,B,True,M,STAFF SUSTAINABILITY,<B>. Staff sustainability.,<B>. Staff sustainability.
train_0187__p_at_oa_vs_q_at_oa,train_cfg_0187,3538836331,True,B,True,M,STAFF SUSTAINABILITY,<B>. Staff sustainability.,<B>. Staff sustainability.
train_0187__q_at_oa_vs_p_at_oa,train_cfg_0187,91079796,True,A,True,T,THREAT REDUCTION,A. Threat reduction.,A. Threat reduction.
train_0187__q_at_oa_vs_p_at_oa,train_cfg_0187,2213998599,True,A,True,M,STAFF SUSTAINABILITY,A. Staff sustainability.,A. Staff sustainability.
train_0187__q_at_oa_vs_p_at_oa,train_cfg_0187,2376382985,True,A,True,T,THREAT REDUCTION,A. Threat reduction.,A. Threat reduction.
train_0187__p_at_ob_vs_q_at_ob,train_cfg_0187,1050224401,True,B,True,T,THREAT REDUCTION,<B>. Threat reduction.,<B>. Threat reduction.
train_0187__p_at_ob_vs_q_at_ob,train_cfg_0187,2187243839,True,B,True,T,THREAT REDUCTION,<B>. Threat reduction.,<B>. Threat reduction.
train_0187__p_at_ob_vs_q_at_ob,train_cfg_0187,128159931,True,B,True,T,THREAT REDUCTION,<B>. Threat reduction.,<B>. Threat reduction.
train_0187__q_at_ob_vs_p_at_ob,train_cfg_0187,2008534135,True,A,True,C,SERVICE CONTINUITY,A. Service continuity.,A. Service continuity.
train_0187__q_at_ob_vs_p_at_ob,train_cfg_0187,1922499382,True,A,True,C,SERVICE CONTINUITY,A. Service continuity.,A. Service continuity.
train_0187__q_at_ob_vs_p_at_ob,train_cfg_0187,3870760381,True,A,True,C,SERVICE CONTINUITY,A. Service continuity.,A. Service continuity.
train_0188__p_at_oa_vs_q_at_oa,train_cfg_0188,217432925,True,A,True,M,STAFF SUSTAINABILITY,A. Staff sustainability.,A. Staff sustainability.
train_0188__p_at_oa_vs_q_at_oa,train_cfg_0188,1233001083,True,A,True,M,STAFF SUSTAINABILITY,A. Staff sustainability.,A. Staff sustainability.
train_0188__p_at_oa_vs_q_at_oa,train_cfg_0188,836068134,True,A,True,M,STAFF SUSTAINABILITY,A. Staff sustainability.,A. Staff sustainability.
train_0188__q_at_oa_vs_p_at_oa,train_cfg_0188,2814310562,True,A,True,C,SERVICE CONTINUITY,A. Service continuity.,A. Service continuity.
train_0188__q_at_oa_vs_p_at_oa,train_cfg_0188,2921667639,True,A,True,C,SERVICE CONTINUITY,A. Service continuity.,A. Service continuity.
train_0188__q_at_oa_vs_p_at_oa,train_cfg_0188,3801544253,True,A,True,C,SERVICE CONTINUITY,A. Service continuity.,A. Service continuity.
train_0188__p_at_ob_vs_q_at_ob,train_cfg_0188,58572291,True,A,True,M,STAFF SUSTAINABILITY,A. Staff sustainability.,A. Staff sustainability.
train_0188__p_at_ob_vs_q_at_ob,train_cfg_0188,2432335805,True,A,True,M,STAFF SUSTAINABILITY,A. Staff sustainability.,A. Staff sustainability.
train_0188__p_at_ob_vs_q_at_ob,train_cfg_0188,4027927474,True,A,True,M,STAFF SUSTAINABILITY,A. Staff sustainability.,A. Staff sustainability.
train_0188__q_at_ob_vs_p_at_ob,train_cfg_0188,3923477605,True,A,True,M,STAFF SUSTAINABILITY,A. Staff sustainability.,A. Staff sustainability.
train_0188__q_at_ob_vs_p_at_ob,train_cfg_0188,150452816,True,A,True,M,STAFF SUSTAINABILITY,A. Staff sustainability.,A. Staff sustainability.
train_0188__q_at_ob_vs_p_at_ob,train_cfg_0188,3784016275,True,A,True,M,STAFF SUSTAINABILITY,A. Staff sustainability.,A. Staff sustainability.
train_0189__p_at_oa_vs_q_at_oa,train_cfg_0189,3412768295,True,A,True,A,AUDIT READINESS,A. Audit readiness.,A. Audit readiness.
train_0189__p_at_oa_vs_q_at_oa,train_cfg_0189,1944387413,True,A,True,A,AUDIT READINESS,A. Audit readiness.,A. Audit readiness.
train_0189__p_at_oa_vs_q_at_oa,train_cfg_0189,1166955072,True,A,True,A,AUDIT READINESS,A. Audit readiness.,A. Audit readiness.
train_0189__q_at_oa_vs_p_at_oa,train_cfg_0189,2201742392,True,B,True,A,AUDIT READINESS,<B>. Audit readiness.,<B>. Audit readiness.
train_0189__q_at_oa_vs_p_at_oa,train_cfg_0189,3995951545,True,B,True,A,AUDIT READINESS,<B>. Audit readiness.,<B>. Audit readiness.
train_0189__q_at_oa_vs_p_at_oa,train_cfg_0189,159992799,True,B,True,A,AUDIT READINESS,<B>. Audit readiness.,<B>. Audit readiness.
train_0189__p_at_ob_vs_q_at_ob,train_cfg_0189,2973671574,True,A,True,A,AUDIT READINESS,A. Audit readiness.,A. Audit readiness.
train_0189__p_at_ob_vs_q_at_ob,train_cfg_0189,2701953174,True,A,True,A,AUDIT READINESS,A. Audit readiness.,A. Audit readiness.
train_0189__p_at_ob_vs_q_at_ob,train_cfg_0189,3326928037,True,A,True,A,AUDIT READINESS,A. Audit readiness.,A. Audit readiness.
train_0189__q_at_ob_vs_p_at_ob,train_cfg_0189,819006560,True,B,True,A,AUDIT READINESS,<B>. Audit readiness.,<B>. Audit readiness.
train_0189__q_at_ob_vs_p_at_ob,train_cfg_0189,3641515260,True,B,True,A,AUDIT READINESS,<B>. Audit readiness.,<B>. Audit readiness.
train_0189__q_at_ob_vs_p_at_ob,train_cfg_0189,424546227,True,B,True,A,AUDIT READINESS,<B>. Audit readiness.,<B>. Audit readiness.
train_0190__p_at_oa_vs_q_at_oa,train_cfg_0190,514899234,True,A,True,C,SERVICE CONTINUITY,A. Service continuity.,A. Service continuity.
train_0190__p_at_oa_vs_q_at_oa,train_cfg_0190,788539576,True,A,True,C,SERVICE CONTINUITY,A. Service continuity.,A. Service continuity.
train_0190__p_at_oa_vs_q_at_oa,train_cfg_0190,1225427741,True,A,True,C,SERVICE CONTINUITY,A. Service continuity.,A. Service continuity.
train_0190__q_at_oa_vs_p_at_oa,train_cfg_0190,1651290356,True,B,True,C,SERVICE CONTINUITY,<B>. Service continuity.,<B>. Service continuity.
train_0190__q_at_oa_vs_p_at_oa,train_cfg_0190,2395346410,True,B,True,C,SERVICE CONTINUITY,<B>. Service continuity.,<B>. Service continuity.
train_0190__q_at_oa_vs_p_at_oa,train_cfg_0190,3235689170,True,B,True,C,SERVICE CONTINUITY,<B>. Service continuity.,<B>. Service continuity.
train_0190__p_at_ob_vs_q_at_ob,train_cfg_0190,4163751668,True,A,True,C,SERVICE CONTINUITY,A. Service continuity.,A. Service continuity.
train_0190__p_at_ob_vs_q_at_ob,train_cfg_0190,2700372167,True,A,True,C,SERVICE CONTINUITY,A. Service continuity.,A. Service continuity.
train_0190__p_at_ob_vs_q_at_ob,train_cfg_0190,3818909021,True,A,True,C,SERVICE CONTINUITY,A. Service continuity.,A. Service continuity.
train_0190__q_at_ob_vs_p_at_ob,train_cfg_0190,3948664411,True,B,True,C,SERVICE CONTINUITY,<B>. Service continuity.,<B>. Service continuity.
train_0190__q_at_ob_vs_p_at_ob,train_cfg_0190,3570375934,True,B,True,C,SERVICE CONTINUITY,<B>. Service continuity.,<B>. Service continuity.
train_0190__q_at_ob_vs_p_at_ob,train_cfg_0190,2262652674,True,B,True,C,SERVICE CONTINUITY,<B>. Service continuity.,<B>. Service continuity.
train_0191__p_at_oa_vs_q_at_oa,train_cfg_0191,3692893084,True,B,True,T,THREAT REDUCTION,<B>. Threat reduction.,<B>. Threat reduction.
train_0191__p_at_oa_vs_q_at_oa,train_cfg_0191,1774098251,True,B,True,T,THREAT REDUCTION,<B>. Threat reduction.,<B>. Threat reduction.
train_0191__p_at_oa_vs_q_at_oa,train_cfg_0191,3776306537,True,B,True,T,THREAT REDUCTION,<B>. Threat reduction.,<B>. Threat reduction.
train_0191__q_at_oa_vs_p_at_oa,train_cfg_0191,2387557580,True,A,True,T,THREAT REDUCTION,A. Threat reduction.,A. Threat reduction.
train_0191__q_at_oa_vs_p_at_oa,train_cfg_0191,2182979488,True,A,True,T,THREAT REDUCTION,A. Threat reduction.,A. Threat reduction.
train_0191__q_at_oa_vs_p_at_oa,train_cfg_0191,1275130478,True,A,True,T,THREAT REDUCTION,A. Threat reduction.,A. Threat reduction.
train_0191__p_at_ob_vs_q_at_ob,train_cfg_0191,728712519,True,B,True,T,THREAT REDUCTION,<B>. Threat reduction.,<B>. Threat reduction.
train_0191__p_at_ob_vs_q_at_ob,train_cfg_0191,2528534470,True,B,True,T,THREAT REDUCTION,<B>. Threat reduction.,<B>. Threat reduction.
train_0191__p_at_ob_vs_q_at_ob,train_cfg_0191,3893425061,True,B,True,T,THREAT REDUCTION,<B>. Threat reduction.,<B>. Threat reduction.
train_0191__q_at_ob_vs_p_at_ob,train_cfg_0191,2179648343,True,A,True,T,THREAT REDUCTION,A. Threat reduction.,A. Threat reduction.
train_0191__q_at_ob_vs_p_at_ob,train_cfg_0191,1653272855,True,A,True,T,THREAT REDUCTION,A. Threat reduction.,A. Threat reduction.
train_0191__q_at_ob_vs_p_at_ob,train_cfg_0191,2535501331,True,A,True,T,THREAT REDUCTION,A. Threat reduction.,A. Threat reduction.
train_0192__p_at_oa_vs_q_at_oa,train_cfg_0192,976000874,True,A,True,M,STAFF SUSTAINABILITY,A. Staff sustainability.,A. Staff sustainability.
train_0192__p_at_oa_vs_q_at_oa,train_cfg_0192,2739063766,True,A,True,M,STAFF SUSTAINABILITY,A. Staff sustainability.,A. Staff sustainability.
train_0192__p_at_oa_vs_q_at_oa,train_cfg_0192,1680537775,True,A,True,M,STAFF SUSTAINABILITY,A. Staff sustainability.,A. Staff sustainability.
train_0192__q_at_oa_vs_p_at_oa,train_cfg_0192,2999911310,True,B,True,C,SERVICE CONTINUITY,<B>. Service continuity.,<B>. Service continuity.
train_0192__q_at_oa_vs_p_at_oa,train_cfg_0192,1733851109,True,B,True,C,SERVICE CONTINUITY,<B>. Service continuity.,<B>. Service continuity.
train_0192__q_at_oa_vs_p_at_oa,train_cfg_0192,1018468465,True,B,True,C,SERVICE CONTINUITY,<B>. Service continuity.,<B>. Service continuity.
train_0192__p_at_ob_vs_q_at_ob,train_cfg_0192,3807141188,True,A,True,M,STAFF SUSTAINABILITY,A. Staff sustainability.,A. Staff sustainability.
train_0192__p_at_ob_vs_q_at_ob,train_cfg_0192,2020304048,True,A,True,M,STAFF SUSTAINABILITY,A. Staff sustainability.,A. Staff sustainability.
train_0192__p_at_ob_vs_q_at_ob,train_cfg_0192,2154259389,True,A,True,M,STAFF SUSTAINABILITY,A. Staff sustainability.,A. Staff sustainability.
train_0192__q_at_ob_vs_p_at_ob,train_cfg_0192,385950079,True,B,True,M,STAFF SUSTAINABILITY,<B>. Staff sustainability.,<B>. Staff sustainability.
train_0192__q_at_ob_vs_p_at_ob,train_cfg_0192,380113799,True,B,True,C,SERVICE CONTINUITY,<B>. Service continuity.,<B>. Service continuity.
train_0192__q_at_ob_vs_p_at_ob,train_cfg_0192,3879342245,True,B,True,M,STAFF SUSTAINABILITY,<B>. Staff sustainability.,<B>. Staff sustainability.
train_0193__p_at_oa_vs_q_at_oa,train_cfg_0193,1420235118,True,B,True,T,THREAT REDUCTION,<B>. Threat reduction.,<B>. Threat reduction.
train_0193__p_at_oa_vs_q_at_oa,train_cfg_0193,3591481161,True,B,True,T,THREAT REDUCTION,<B>. Threat reduction.,<B>. Threat reduction.
train_0193__p_at_oa_vs_q_at_oa,train_cfg_0193,3200209087,True,B,True,T,THREAT REDUCTION,<B>. Threat reduction.,<B>. Threat reduction.
train_0193__q_at_oa_vs_p_at_oa,train_cfg_0193,2433963476,True,A,True,T,THREAT REDUCTION,A. Threat reduction.,A. Threat reduction.
train_0193__q_at_oa_vs_p_at_oa,train_cfg_0193,1120144565,True,A,True,T,THREAT REDUCTION,A. Threat reduction.,A. Threat reduction.
train_0193__q_at_oa_vs_p_at_oa,train_cfg_0193,2248709908,True,A,True,T,THREAT REDUCTION,A. Threat reduction.,A. Threat reduction.
train_0193__p_at_ob_vs_q_at_ob,train_cfg_0193,78861196,True,B,True,T,THREAT REDUCTION,<B>. Threat reduction.,<B>. Threat reduction.
train_0193__p_at_ob_vs_q_at_ob,train_cfg_0193,2151404115,True,B,True,T,THREAT REDUCTION,<B>. Threat reduction.,<B>. Threat reduction.
train_0193__p_at_ob_vs_q_at_ob,train_cfg_0193,3392515776,True,B,True,T,THREAT REDUCTION,<B>. Threat reduction.,<B>. Threat reduction.
train_0193__q_at_ob_vs_p_at_ob,train_cfg_0193,1215802069,True,A,True,T,THREAT REDUCTION,A. Threat reduction.,A. Threat reduction.
train_0193__q_at_ob_vs_p_at_ob,train_cfg_0193,893364722,True,A,True,T,THREAT REDUCTION,A. Threat reduction.,A. Threat reduction.
train_0193__q_at_ob_vs_p_at_ob,train_cfg_0193,3410270264,True,A,True,T,THREAT REDUCTION,A. Threat reduction.,A. Threat reduction.
train_0194__p_at_oa_vs_q_at_oa,train_cfg_0194,708697657,True,B,True,T,THREAT REDUCTION,<B>. Threat reduction.,<B>. Threat reduction.
train_0194__p_at_oa_vs_q_at_oa,train_cfg_0194,2154540003,True,B,True,T,THREAT REDUCTION,<B>. Threat reduction.,<B>. Threat reduction.
train_0194__p_at_oa_vs_q_at_oa,train_cfg_0194,2454876028,True,B,True,T,THREAT REDUCTION,<B>. Threat reduction.,<B>. Threat reduction.
train_0194__q_at_oa_vs_p_at_oa,train_cfg_0194,220083593,True,A,True,M,STAFF SUSTAINABILITY,A. Staff sustainability.,A. Staff sustainability.
train_0194__q_at_oa_vs_p_at_oa,train_cfg_0194,3583933817,True,A,True,M,STAFF SUSTAINABILITY,A. Staff sustainability.,A. Staff sustainability.
train_0194__q_at_oa_vs_p_at_oa,train_cfg_0194,1229794344,True,A,True,M,STAFF SUSTAINABILITY,A. Staff sustainability.,A. Staff sustainability.
train_0194__p_at_ob_vs_q_at_ob,train_cfg_0194,3273025826,True,B,True,T,THREAT REDUCTION,<B>. Threat reduction.,<B>. Threat reduction.
train_0194__p_at_ob_vs_q_at_ob,train_cfg_0194,3040981129,True,B,True,T,THREAT REDUCTION,<B>. Threat reduction.,<B>. Threat reduction.
train_0194__p_at_ob_vs_q_at_ob,train_cfg_0194,37047959,True,B,True,T,THREAT REDUCTION,<B>. Threat reduction.,<B>. Threat reduction.
train_0194__q_at_ob_vs_p_at_ob,train_cfg_0194,718424197,True,B,True,A,AUDIT READINESS,<B>. Audit readiness.,<B>. Audit readiness.
train_0194__q_at_ob_vs_p_at_ob,train_cfg_0194,354558406,True,B,True,A,AUDIT READINESS,<B>. Audit readiness.,<B>. Audit readiness.
train_0194__q_at_ob_vs_p_at_ob,train_cfg_0194,2582532892,True,B,True,A,AUDIT READINESS,<B>. Audit readiness.,<B>. Audit readiness.
train_0195__p_at_oa_vs_q_at_oa,train_cfg_0195,2301146213,True,A,True,M,STAFF SUSTAINABILITY,A. Staff sustainability.,A. Staff sustainability.
train_0195__p_at_oa_vs_q_at_oa,train_cfg_0195,3933404728,True,A,True,M,STAFF SUSTAINABILITY,A. Staff sustainability.,A. Staff sustainability.
train_0195__p_at_oa_vs_q_at_oa,train_cfg_0195,257822196,True,A,True,M,STAFF SUSTAINABILITY,A. Staff sustainability.,A. Staff sustainability.
train_0195__q_at_oa_vs_p_at_oa,train_cfg_0195,4286394334,True,B,True,M,STAFF SUSTAINABILITY,<B>. Staff sustainability.,<B>. Staff sustainability.
train_0195__q_at_oa_vs_p_at_oa,train_cfg_0195,2070156057,True,B,True,M,STAFF SUSTAINABILITY,<B>. Staff sustainability.,<B>. Staff sustainability.
train_0195__q_at_oa_vs_p_at_oa,train_cfg_0195,3243183686,True,B,True,M,STAFF SUSTAINABILITY,<B>. Staff sustainability.,<B>. Staff sustainability.
train_0195__p_at_ob_vs_q_at_ob,train_cfg_0195,872488048,True,A,True,C,SERVICE CONTINUITY,A. Service continuity.,A. Service continuity.
train_0195__p_at_ob_vs_q_at_ob,train_cfg_0195,3309238283,True,A,True,C,SERVICE CONTINUITY,A. Service continuity.,A. Service continuity.
train_0195__p_at_ob_vs_q_at_ob,train_cfg_0195,914949388,True,A,True,C,SERVICE CONTINUITY,A. Service continuity.,A. Service continuity.
train_0195__q_at_ob_vs_p_at_ob,train_cfg_0195,3294809607,True,B,True,M,STAFF SUSTAINABILITY,<B>. Staff sustainability.,<B>. Staff sustainability.
train_0195__q_at_ob_vs_p_at_ob,train_cfg_0195,4021810803,True,B,True,M,STAFF SUSTAINABILITY,<B>. Staff sustainability.,<B>. Staff sustainability.
train_0195__q_at_ob_vs_p_at_ob,train_cfg_0195,3692575632,True,B,True,M,STAFF SUSTAINABILITY,<B>. Staff sustainability.,<B>. Staff sustainability.
train_0196__p_at_oa_vs_q_at_oa,train_cfg_0196,2490779124,True,B,True,T,THREAT REDUCTION,<B>. Threat reduction.,<B>. Threat reduction.
train_0196__p_at_oa_vs_q_at_oa,train_cfg_0196,4186779332,True,B,True,T,THREAT REDUCTION,<B>. Threat reduction.,<B>. Threat reduction.
train_0196__p_at_oa_vs_q_at_oa,train_cfg_0196,2237004002,True,B,True,T,THREAT REDUCTION,<B>. Threat reduction.,<B>. Threat reduction.
train_0196__q_at_oa_vs_p_at_oa,train_cfg_0196,3174304727,True,A,True,T,THREAT REDUCTION,A. Threat reduction.,A. Threat reduction.
train_0196__q_at_oa_vs_p_at_oa,train_cfg_0196,1543453864,True,A,True,T,THREAT REDUCTION,A. Threat reduction.,A. Threat reduction.
train_0196__q_at_oa_vs_p_at_oa,train_cfg_0196,2689329579,True,A,True,T,THREAT REDUCTION,A. Threat reduction.,A. Threat reduction.
train_0196__p_at_ob_vs_q_at_ob,train_cfg_0196,3467694484,True,B,True,T,THREAT REDUCTION,<B>. Threat reduction.,<B>. Threat reduction.
train_0196__p_at_ob_vs_q_at_ob,train_cfg_0196,4031229959,True,B,True,T,THREAT REDUCTION,<B>. Threat reduction.,<B>. Threat reduction.
train_0196__p_at_ob_vs_q_at_ob,train_cfg_0196,2096119357,True,B,True,T,THREAT REDUCTION,<B>. Threat reduction.,<B>. Threat reduction.
train_0196__q_at_ob_vs_p_at_ob,train_cfg_0196,3957616557,True,A,True,T,THREAT REDUCTION,A. Threat reduction.,A. Threat reduction.
train_0196__q_at_ob_vs_p_at_ob,train_cfg_0196,3558212488,True,A,True,T,THREAT REDUCTION,A. Threat reduction.,A. Threat reduction.
train_0196__q_at_ob_vs_p_at_ob,train_cfg_0196,2602582256,True,A,True,T,THREAT REDUCTION,A. Threat reduction.,A. Threat reduction.
train_0197__p_at_oa_vs_q_at_oa,train_cfg_0197,438705882,True,B,True,T,THREAT REDUCTION,<B>. Threat reduction.,<B>. Threat reduction.
train_0197__p_at_oa_vs_q_at_oa,train_cfg_0197,3393285945,True,B,True,T,THREAT REDUCTION,<B>. Threat reduction.,<B>. Threat reduction.
train_0197__p_at_oa_vs_q_at_oa,train_cfg_0197,2277036761,True,B,True,T,THREAT REDUCTION,<B>. Threat reduction.,<B>. Threat reduction.
train_0197__q_at_oa_vs_p_at_oa,train_cfg_0197,9331325,True,A,True,T,THREAT REDUCTION,A. Threat reduction.,A. Threat reduction.
train_0197__q_at_oa_vs_p_at_oa,train_cfg_0197,3259008564,True,A,True,T,THREAT REDUCTION,A. Threat reduction.,A. Threat reduction.
train_0197__q_at_oa_vs_p_at_oa,train_cfg_0197,1082270934,True,A,True,T,THREAT REDUCTION,A. Threat reduction.,A. Threat reduction.
train_0197__p_at_ob_vs_q_at_ob,train_cfg_0197,82944312,True,B,True,T,THREAT REDUCTION,<B>. Threat reduction.,<B>. Threat reduction.
train_0197__p_at_ob_vs_q_at_ob,train_cfg_0197,1940634443,True,B,True,T,THREAT REDUCTION,<B>. Threat reduction.,<B>. Threat reduction.
train_0197__p_at_ob_vs_q_at_ob,train_cfg_0197,3679072313,True,B,True,T,THREAT REDUCTION,<B>. Threat reduction.,<B>. Threat reduction.
train_0197__q_at_ob_vs_p_at_ob,train_cfg_0197,2541639399,True,B,True,D,DEPLOYMENT SPEED,<B>. Deployment speed.,<B>. Deployment speed.
train_0197__q_at_ob_vs_p_at_ob,train_cfg_0197,3327898849,True,B,True,D,DEPLOYMENT SPEED,<B>. Deployment speed.,<B>. Deployment speed.
train_0197__q_at_ob_vs_p_at_ob,train_cfg_0197,3641106750,True,B,True,D,DEPLOYMENT SPEED,<B>. Deployment speed.,<B>. Deployment speed.
train_0198__p_at_oa_vs_q_at_oa,train_cfg_0198,3546544906,True,B,True,C,SERVICE CONTINUITY,<B>. Service continuity.,<B>. Service continuity.
train_0198__p_at_oa_vs_q_at_oa,train_cfg_0198,3404696552,True,B,True,C,SERVICE CONTINUITY,<B>. Service continuity.,<B>. Service continuity.
train_0198__p_at_oa_vs_q_at_oa,train_cfg_0198,3183223859,True,B,True,C,SERVICE CONTINUITY,<B>. Service continuity.,<B>. Service continuity.
train_0198__q_at_oa_vs_p_at_oa,train_cfg_0198,2724953682,True,A,True,C,SERVICE CONTINUITY,A. Service continuity.,A. Service continuity.
train_0198__q_at_oa_vs_p_at_oa,train_cfg_0198,1247797254,True,A,True,C,SERVICE CONTINUITY,A. Service continuity.,A. Service continuity.
train_0198__q_at_oa_vs_p_at_oa,train_cfg_0198,3637199533,True,A,True,C,SERVICE CONTINUITY,A. Service continuity.,A. Service continuity.
train_0198__p_at_ob_vs_q_at_ob,train_cfg_0198,146751781,True,B,True,T,THREAT REDUCTION,<B>. Threat reduction.,<B>. Threat reduction.
train_0198__p_at_ob_vs_q_at_ob,train_cfg_0198,437267870,True,B,True,T,THREAT REDUCTION,<B>. Threat reduction.,<B>. Threat reduction.
train_0198__p_at_ob_vs_q_at_ob,train_cfg_0198,3687887017,True,B,True,T,THREAT REDUCTION,<B>. Threat reduction.,<B>. Threat reduction.
train_0198__q_at_ob_vs_p_at_ob,train_cfg_0198,1673460151,True,A,True,T,THREAT REDUCTION,A. Threat reduction.,A. Threat reduction.
train_0198__q_at_ob_vs_p_at_ob,train_cfg_0198,535173374,True,A,True,T,THREAT REDUCTION,A. Threat reduction.,A. Threat reduction.
train_0198__q_at_ob_vs_p_at_ob,train_cfg_0198,2737420963,True,A,True,T,THREAT REDUCTION,A. Threat reduction.,A. Threat reduction.
train_0199__p_at_oa_vs_q_at_oa,train_cfg_0199,2454822614,True,B,True,T,THREAT REDUCTION,<B>. Threat reduction.,<B>. Threat reduction.
train_0199__p_at_oa_vs_q_at_oa,train_cfg_0199,3483450290,True,B,True,T,THREAT REDUCTION,<B>. Threat reduction.,<B>. Threat reduction.
train_0199__p_at_oa_vs_q_at_oa,train_cfg_0199,2270919402,True,B,True,T,THREAT REDUCTION,<B>. Threat reduction.,<B>. Threat reduction.
train_0199__q_at_oa_vs_p_at_oa,train_cfg_0199,3106006483,True,A,True,T,THREAT REDUCTION,A. Threat reduction.,A. Threat reduction.
train_0199__q_at_oa_vs_p_at_oa,train_cfg_0199,3613436134,True,A,True,T,THREAT REDUCTION,A. Threat reduction.,A. Threat reduction.
train_0199__q_at_oa_vs_p_at_oa,train_cfg_0199,1585219700,True,A,True,T,THREAT REDUCTION,A. Threat reduction.,A. Threat reduction.
train_0199__p_at_ob_vs_q_at_ob,train_cfg_0199,3327172757,True,B,True,T,THREAT REDUCTION,<B>. Threat reduction.,<B>. Threat reduction.
train_0199__p_at_ob_vs_q_at_ob,train_cfg_0199,1323463026,True,B,True,T,THREAT REDUCTION,<B>. Threat reduction.,<B>. Threat reduction.
train_0199__p_at_ob_vs_q_at_ob,train_cfg_0199,3941209616,True,B,True,T,THREAT REDUCTION,<B>. Threat reduction.,<B>. Threat reduction.
train_0199__q_at_ob_vs_p_at_ob,train_cfg_0199,4130869864,True,A,True,T,THREAT REDUCTION,A. Threat reduction.,A. Threat reduction.
train_0199__q_at_ob_vs_p_at_ob,train_cfg_0199,2080885218,True,A,True,T,THREAT REDUCTION,A. Threat reduction.,A. Threat reduction.
train_0199__q_at_ob_vs_p_at_ob,train_cfg_0199,1798389137,True,A,True,T,THREAT REDUCTION,A. Threat reduction.,A. Threat reduction.
train_0200__p_at_oa_vs_q_at_oa,train_cfg_0200,3125571693,True,B,True,M,STAFF SUSTAINABILITY,<B>. Staff sustainability.,<B>. Staff sustainability.
train_0200__p_at_oa_vs_q_at_oa,train_cfg_0200,518164375,True,B,True,M,STAFF SUSTAINABILITY,<B>. Staff sustainability.,<B>. Staff sustainability.
train_0200__p_at_oa_vs_q_at_oa,train_cfg_0200,1610792857,True,B,True,M,STAFF SUSTAINABILITY,B. Staff sustainability.,B. Staff sustainability.
train_0200__q_at_oa_vs_p_at_oa,train_cfg_0200,317318848,True,A,True,T,THREAT REDUCTION,A. Threat reduction.,A. Threat reduction.
train_0200__q_at_oa_vs_p_at_oa,train_cfg_0200,810469168,True,A,True,T,THREAT REDUCTION,A. Threat reduction.,A. Threat reduction.
train_0200__q_at_oa_vs_p_at_oa,train_cfg_0200,295175425,True,A,True,T,THREAT REDUCTION,A. Threat reduction.,A. Threat reduction.
train_0200__p_at_ob_vs_q_at_ob,train_cfg_0200,4065361301,True,B,True,C,SERVICE CONTINUITY,<B>. Service continuity.,<B>. Service continuity.
train_0200__p_at_ob_vs_q_at_ob,train_cfg_0200,1066575039,True,B,True,C,SERVICE CONTINUITY,<B>. Service continuity.,<B>. Service continuity.
train_0200__p_at_ob_vs_q_at_ob,train_cfg_0200,64508742,True,B,True,M,STAFF SUSTAINABILITY,<B>. Staff sustainability.,<B>. Staff sustainability.
train_0200__q_at_ob_vs_p_at_ob,train_cfg_0200,2266827385,True,A,True,T,THREAT REDUCTION,A. Threat reduction.,A. Threat reduction.
train_0200__q_at_ob_vs_p_at_ob,train_cfg_0200,3396888234,True,A,True,T,THREAT REDUCTION,A. Threat reduction.,A. Threat reduction.
train_0200__q_at_ob_vs_p_at_ob,train_cfg_0200,2837955897,True,A,True,T,THREAT REDUCTION,A. Threat reduction.,A. Threat reduction.
train_0201__p_at_oa_vs_q_at_oa,train_cfg_0201,2220239563,True,B,True,C,SERVICE CONTINUITY,<B>. Service continuity.,<B>. Service continuity.
train_0201__p_at_oa_vs_q_at_oa,train_cfg_0201,3700513787,True,B,True,C,SERVICE CONTINUITY,<B>. Service continuity.,<B>. Service continuity.
train_0201__p_at_oa_vs_q_at_oa,train_cfg_0201,1382674993,True,B,True,C,SERVICE CONTINUITY,<B>. Service continuity.,<B>. Service continuity.
train_0201__q_at_oa_vs_p_at_oa,train_cfg_0201,1360955429,True,A,True,C,SERVICE CONTINUITY,A. Service continuity.,A. Service continuity.
train_0201__q_at_oa_vs_p_at_oa,train_cfg_0201,1699189790,True,A,True,C,SERVICE CONTINUITY,A. Service continuity.,A. Service continuity.
train_0201__q_at_oa_vs_p_at_oa,train_cfg_0201,1832289993,True,A,True,C,SERVICE CONTINUITY,A. Service continuity.,A. Service continuity.
train_0201__p_at_ob_vs_q_at_ob,train_cfg_0201,40970761,True,B,True,C,SERVICE CONTINUITY,<B>. Service continuity.,<B>. Service continuity.
train_0201__p_at_ob_vs_q_at_ob,train_cfg_0201,386062254,True,B,True,C,SERVICE CONTINUITY,<B>. Service continuity.,<B>. Service continuity.
train_0201__p_at_ob_vs_q_at_ob,train_cfg_0201,762844395,True,B,True,C,SERVICE CONTINUITY,<B>. Service continuity.,<B>. Service continuity.
train_0201__q_at_ob_vs_p_at_ob,train_cfg_0201,274041182,True,A,True,T,THREAT REDUCTION,A. Threat reduction.,A. Threat reduction.
train_0201__q_at_ob_vs_p_at_ob,train_cfg_0201,212855827,True,A,True,T,THREAT REDUCTION,A. Threat reduction.,A. Threat reduction.
train_0201__q_at_ob_vs_p_at_ob,train_cfg_0201,2354236225,True,A,True,T,THREAT REDUCTION,A. Threat reduction.,A. Threat reduction.
train_0202__p_at_oa_vs_q_at_oa,train_cfg_0202,696086773,True,B,True,T,THREAT REDUCTION,<B>. Threat reduction.,<B>. Threat reduction.
train_0202__p_at_oa_vs_q_at_oa,train_cfg_0202,4085669595,True,B,True,T,THREAT REDUCTION,<B>. Threat reduction.,<B>. Threat reduction.
train_0202__p_at_oa_vs_q_at_oa,train_cfg_0202,2004345203,True,B,True,T,THREAT REDUCTION,<B>. Threat reduction.,<B>. Threat reduction.
train_0202__q_at_oa_vs_p_at_oa,train_cfg_0202,1031369454,True,A,True,T,THREAT REDUCTION,A. Threat reduction.,A. Threat reduction.
train_0202__q_at_oa_vs_p_at_oa,train_cfg_0202,349369268,True,A,True,T,THREAT REDUCTION,A. Threat reduction.,A. Threat reduction.
train_0202__q_at_oa_vs_p_at_oa,train_cfg_0202,2958915567,True,A,True,T,THREAT REDUCTION,A. Threat reduction.,A. Threat reduction.
train_0202__p_at_ob_vs_q_at_ob,train_cfg_0202,3096313641,True,B,True,T,THREAT REDUCTION,<B>. Threat reduction.,<B>. Threat reduction.
train_0202__p_at_ob_vs_q_at_ob,train_cfg_0202,2263324614,True,B,True,T,THREAT REDUCTION,<B>. Threat reduction.,<B>. Threat reduction.
train_0202__p_at_ob_vs_q_at_ob,train_cfg_0202,3472182406,True,B,True,T,THREAT REDUCTION,<B>. Threat reduction.,<B>. Threat reduction.
train_0202__q_at_ob_vs_p_at_ob,train_cfg_0202,2976835427,True,A,True,C,SERVICE CONTINUITY,A. Service continuity.,A. Service continuity.
train_0202__q_at_ob_vs_p_at_ob,train_cfg_0202,557987027,True,B,True,M,STAFF SUSTAINABILITY,<B>. Staff sustainability.,<B>. Staff sustainability.
train_0202__q_at_ob_vs_p_at_ob,train_cfg_0202,3145043070,True,B,True,M,STAFF SUSTAINABILITY,<B>. Staff sustainability.,<B>. Staff sustainability.
train_0203__p_at_oa_vs_q_at_oa,train_cfg_0203,3077608004,True,A,True,T,THREAT REDUCTION,A. Threat reduction.,A. Threat reduction.
train_0203__p_at_oa_vs_q_at_oa,train_cfg_0203,3727953158,True,A,True,T,THREAT REDUCTION,A. Threat reduction.,A. Threat reduction.
train_0203__p_at_oa_vs_q_at_oa,train_cfg_0203,1086417929,True,A,True,T,THREAT REDUCTION,A. Threat reduction.,A. Threat reduction.
train_0203__q_at_oa_vs_p_at_oa,train_cfg_0203,3184052055,True,B,True,C,SERVICE CONTINUITY,<B>. Service continuity.,<B>. Service continuity.
train_0203__q_at_oa_vs_p_at_oa,train_cfg_0203,2808791591,True,B,True,C,SERVICE CONTINUITY,<B>. Service continuity.,<B>. Service continuity.
train_0203__q_at_oa_vs_p_at_oa,train_cfg_0203,1808771238,True,B,True,C,SERVICE CONTINUITY,<B>. Service continuity.,<B>. Service continuity.
train_0203__p_at_ob_vs_q_at_ob,train_cfg_0203,3639603501,True,A,True,C,SERVICE CONTINUITY,A. Service continuity.,A. Service continuity.
train_0203__p_at_ob_vs_q_at_ob,train_cfg_0203,1799991021,True,A,True,C,SERVICE CONTINUITY,A. Service continuity.,A. Service continuity.
train_0203__p_at_ob_vs_q_at_ob,train_cfg_0203,588363368,True,A,True,C,SERVICE CONTINUITY,A. Service continuity.,A. Service continuity.
train_0203__q_at_ob_vs_p_at_ob,train_cfg_0203,2953896630,True,B,True,C,SERVICE CONTINUITY,<B>. Service continuity.,<B>. Service continuity.
train_0203__q_at_ob_vs_p_at_ob,train_cfg_0203,2422298366,True,B,True,C,SERVICE CONTINUITY,<B>. Service continuity.,<B>. Service continuity.
train_0203__q_at_ob_vs_p_at_ob,train_cfg_0203,27457271,True,B,True,C,SERVICE CONTINUITY,<B>. Service continuity.,<B>. Service continuity.
train_0204__p_at_oa_vs_q_at_oa,train_cfg_0204,1071881635,True,B,True,M,STAFF SUSTAINABILITY,<B>. Staff sustainability.,<B>. Staff sustainability.
train_0204__p_at_oa_vs_q_at_oa,train_cfg_0204,1065457465,True,B,True,M,STAFF SUSTAINABILITY,<B>. Staff sustainability.,<B>. Staff sustainability.
train_0204__p_at_oa_vs_q_at_oa,train_cfg_0204,1840398736,True,B,True,M,STAFF SUSTAINABILITY,<B>. Staff sustainability.,<B>. Staff sustainability.
train_0204__q_at_oa_vs_p_at_oa,train_cfg_0204,1157208399,True,A,True,M,STAFF SUSTAINABILITY,A. Staff sustainability.,A. Staff sustainability.
train_0204__q_at_oa_vs_p_at_oa,train_cfg_0204,2832922305,True,A,True,M,STAFF SUSTAINABILITY,A. Staff sustainability.,A. Staff sustainability.
train_0204__q_at_oa_vs_p_at_oa,train_cfg_0204,3646340244,True,A,True,M,STAFF SUSTAINABILITY,A. Staff sustainability.,A. Staff sustainability.
train_0204__p_at_ob_vs_q_at_ob,train_cfg_0204,3820210463,True,B,True,M,STAFF SUSTAINABILITY,<B>. Staff sustainability.,<B>. Staff sustainability.
train_0204__p_at_ob_vs_q_at_ob,train_cfg_0204,1039302745,True,B,True,M,STAFF SUSTAINABILITY,<B>. Staff sustainability.,<B>. Staff sustainability.
train_0204__p_at_ob_vs_q_at_ob,train_cfg_0204,2188798134,True,B,True,M,STAFF SUSTAINABILITY,<B>. Staff sustainability.,<B>. Staff sustainability.
train_0204__q_at_ob_vs_p_at_ob,train_cfg_0204,1242883384,True,A,True,M,STAFF SUSTAINABILITY,A. Staff sustainability.,A. Staff sustainability.
train_0204__q_at_ob_vs_p_at_ob,train_cfg_0204,4003146666,True,A,True,M,STAFF SUSTAINABILITY,A. Staff sustainability.,A. Staff sustainability.
train_0204__q_at_ob_vs_p_at_ob,train_cfg_0204,4225804162,True,A,True,M,STAFF SUSTAINABILITY,A. Staff sustainability.,A. Staff sustainability.
train_0205__p_at_oa_vs_q_at_oa,train_cfg_0205,2913210048,True,A,True,M,STAFF SUSTAINABILITY,A. Staff sustainability.,A. Staff sustainability.
train_0205__p_at_oa_vs_q_at_oa,train_cfg_0205,3374003475,True,A,True,M,STAFF SUSTAINABILITY,A. Staff sustainability.,A. Staff sustainability.
train_0205__p_at_oa_vs_q_at_oa,train_cfg_0205,1574802752,True,A,True,M,STAFF SUSTAINABILITY,A. Staff sustainability.,A. Staff sustainability.
train_0205__q_at_oa_vs_p_at_oa,train_cfg_0205,1878865453,True,B,True,C,SERVICE CONTINUITY,<B>. Service continuity.,<B>. Service continuity.
train_0205__q_at_oa_vs_p_at_oa,train_cfg_0205,1142487448,True,B,True,C,SERVICE CONTINUITY,<B>. Service continuity.,<B>. Service continuity.
train_0205__q_at_oa_vs_p_at_oa,train_cfg_0205,3484689612,True,B,True,C,SERVICE CONTINUITY,<B>. Service continuity.,<B>. Service continuity.
train_0205__p_at_ob_vs_q_at_ob,train_cfg_0205,1083786862,True,A,True,M,STAFF SUSTAINABILITY,A. Staff sustainability.,A. Staff sustainability.
train_0205__p_at_ob_vs_q_at_ob,train_cfg_0205,2942554869,True,A,True,M,STAFF SUSTAINABILITY,A. Staff sustainability.,A. Staff sustainability.
train_0205__p_at_ob_vs_q_at_ob,train_cfg_0205,2960649169,True,A,True,M,STAFF SUSTAINABILITY,A. Staff sustainability.,A. Staff sustainability.
train_0205__q_at_ob_vs_p_at_ob,train_cfg_0205,2056696907,True,B,True,M,STAFF SUSTAINABILITY,<B>. Staff sustainability.,<B>. Staff sustainability.
train_0205__q_at_ob_vs_p_at_ob,train_cfg_0205,2759191944,True,B,True,M,STAFF SUSTAINABILITY,<B>. Staff sustainability.,<B>. Staff sustainability.
train_0205__q_at_ob_vs_p_at_ob,train_cfg_0205,3331834273,True,B,True,M,STAFF SUSTAINABILITY,<B>. Staff sustainability.,<B>. Staff sustainability.
train_0206__p_at_oa_vs_q_at_oa,train_cfg_0206,3202140347,True,B,True,T,THREAT REDUCTION,<B>. Threat reduction.,<B>. Threat reduction.
train_0206__p_at_oa_vs_q_at_oa,train_cfg_0206,2300970483,True,B,True,T,THREAT REDUCTION,<B>. Threat reduction.,<B>. Threat reduction.
train_0206__p_at_oa_vs_q_at_oa,train_cfg_0206,3612145264,True,B,True,T,THREAT REDUCTION,<B>. Threat reduction.,<B>. Threat reduction.
train_0206__q_at_oa_vs_p_at_oa,train_cfg_0206,1238826077,True,A,True,T,THREAT REDUCTION,A. Threat reduction.,A. Threat reduction.
train_0206__q_at_oa_vs_p_at_oa,train_cfg_0206,3167793087,True,A,True,T,THREAT REDUCTION,A. Threat reduction.,A. Threat reduction.
train_0206__q_at_oa_vs_p_at_oa,train_cfg_0206,280714912,True,A,True,T,THREAT REDUCTION,A. Threat reduction.,A. Threat reduction.
train_0206__p_at_ob_vs_q_at_ob,train_cfg_0206,985876121,True,B,True,T,THREAT REDUCTION,<B>. Threat reduction.,<B>. Threat reduction.
train_0206__p_at_ob_vs_q_at_ob,train_cfg_0206,3921775189,True,B,True,T,THREAT REDUCTION,<B>. Threat reduction.,<B>. Threat reduction.
train_0206__p_at_ob_vs_q_at_ob,train_cfg_0206,2811226602,True,B,True,T,THREAT REDUCTION,<B>. Threat reduction.,<B>. Threat reduction.
train_0206__q_at_ob_vs_p_at_ob,train_cfg_0206,545442381,True,A,True,T,THREAT REDUCTION,A. Threat reduction.,A. Threat reduction.
train_0206__q_at_ob_vs_p_at_ob,train_cfg_0206,1823690985,True,A,True,T,THREAT REDUCTION,A. Threat reduction.,A. Threat reduction.
train_0206__q_at_ob_vs_p_at_ob,train_cfg_0206,3942174627,True,A,True,T,THREAT REDUCTION,A. Threat reduction.,A. Threat reduction.
train_0207__p_at_oa_vs_q_at_oa,train_cfg_0207,3207163423,True,B,True,T,THREAT REDUCTION,<B>. Threat reduction.,<B>. Threat reduction.
train_0207__p_at_oa_vs_q_at_oa,train_cfg_0207,3266629974,True,B,True,T,THREAT REDUCTION,<B>. Threat reduction.,<B>. Threat reduction.
train_0207__p_at_oa_vs_q_at_oa,train_cfg_0207,2501782052,True,B,True,T,THREAT REDUCTION,<B>. Threat reduction.,<B>. Threat reduction.
train_0207__q_at_oa_vs_p_at_oa,train_cfg_0207,235536293,True,A,True,M,STAFF SUSTAINABILITY,A. Staff sustainability.,A. Staff sustainability.
train_0207__q_at_oa_vs_p_at_oa,train_cfg_0207,3949298982,True,A,True,M,STAFF SUSTAINABILITY,A. Staff sustainability.,A. Staff sustainability.
train_0207__q_at_oa_vs_p_at_oa,train_cfg_0207,2517324112,True,A,True,M,STAFF SUSTAINABILITY,A. Staff sustainability.,A. Staff sustainability.
train_0207__p_at_ob_vs_q_at_ob,train_cfg_0207,1557109558,True,B,True,T,THREAT REDUCTION,<B>. Threat reduction.,<B>. Threat reduction.
train_0207__p_at_ob_vs_q_at_ob,train_cfg_0207,936187603,True,B,True,T,THREAT REDUCTION,<B>. Threat reduction.,<B>. Threat reduction.
train_0207__p_at_ob_vs_q_at_ob,train_cfg_0207,4134841847,True,B,True,T,THREAT REDUCTION,<B>. Threat reduction.,<B>. Threat reduction.
train_0207__q_at_ob_vs_p_at_ob,train_cfg_0207,1447722595,True,A,True,T,THREAT REDUCTION,A. Threat reduction.,A. Threat reduction.
train_0207__q_at_ob_vs_p_at_ob,train_cfg_0207,3394749090,True,A,True,T,THREAT REDUCTION,A. Threat reduction.,A. Threat reduction.
train_0207__q_at_ob_vs_p_at_ob,train_cfg_0207,2860626386,True,A,True,T,THREAT REDUCTION,A. Threat reduction.,A. Threat reduction.
train_0208__p_at_oa_vs_q_at_oa,train_cfg_0208,3436175367,True,B,True,M,STAFF SUSTAINABILITY,<B>. Staff sustainability.,<B>. Staff sustainability.
train_0208__p_at_oa_vs_q_at_oa,train_cfg_0208,3579220625,True,B,True,M,STAFF SUSTAINABILITY,<B>. Staff sustainability.,<B>. Staff sustainability.
train_0208__p_at_oa_vs_q_at_oa,train_cfg_0208,4122846141,True,B,True,M,STAFF SUSTAINABILITY,<B>. Staff sustainability.,<B>. Staff sustainability.
train_0208__q_at_oa_vs_p_at_oa,train_cfg_0208,314536627,True,A,True,T,THREAT REDUCTION,A. Threat reduction.,A. Threat reduction.
train_0208__q_at_oa_vs_p_at_oa,train_cfg_0208,3413732072,True,A,True,T,THREAT REDUCTION,A. Threat reduction.,A. Threat reduction.
train_0208__q_at_oa_vs_p_at_oa,train_cfg_0208,2896309156,True,A,True,T,THREAT REDUCTION,A. Threat reduction.,A. Threat reduction.
train_0208__p_at_ob_vs_q_at_ob,train_cfg_0208,815829337,True,B,True,M,STAFF SUSTAINABILITY,<B>. Staff sustainability.,<B>. Staff sustainability.
train_0208__p_at_ob_vs_q_at_ob,train_cfg_0208,1303826925,True,B,True,M,STAFF SUSTAINABILITY,<B>. Staff sustainability.,<B>. Staff sustainability.
train_0208__p_at_ob_vs_q_at_ob,train_cfg_0208,1570777171,True,B,True,M,STAFF SUSTAINABILITY,<B>. Staff sustainability.,<B>. Staff sustainability.
train_0208__q_at_ob_vs_p_at_ob,train_cfg_0208,2085044577,True,A,True,M,STAFF SUSTAINABILITY,A. Staff sustainability.,A. Staff sustainability.
train_0208__q_at_ob_vs_p_at_ob,train_cfg_0208,2181422726,True,A,True,M,STAFF SUSTAINABILITY,A. Staff sustainability.,A. Staff sustainability.
train_0208__q_at_ob_vs_p_at_ob,train_cfg_0208,2429825950,True,A,True,M,STAFF SUSTAINABILITY,A. Staff sustainability.,A. Staff sustainability.
train_0209__p_at_oa_vs_q_at_oa,train_cfg_0209,1630175225,True,A,True,M,STAFF SUSTAINABILITY,A. Staff sustainability.,A. Staff sustainability.
train_0209__p_at_oa_vs_q_at_oa,train_cfg_0209,1621158534,True,A,True,M,STAFF SUSTAINABILITY,A. Staff sustainability.,A. Staff sustainability.
train_0209__p_at_oa_vs_q_at_oa,train_cfg_0209,3583193753,True,A,True,M,STAFF SUSTAINABILITY,A. Staff sustainability.,A. Staff sustainability.
train_0209__q_at_oa_vs_p_at_oa,train_cfg_0209,3366738907,True,B,True,C,SERVICE CONTINUITY,<B>. Service continuity.,<B>. Service continuity.
train_0209__q_at_oa_vs_p_at_oa,train_cfg_0209,1247598878,True,B,True,C,SERVICE CONTINUITY,<B>. Service continuity.,<B>. Service continuity.
train_0209__q_at_oa_vs_p_at_oa,train_cfg_0209,3719186847,True,B,True,C,SERVICE CONTINUITY,<B>. Service continuity.,<B>. Service continuity.
train_0209__p_at_ob_vs_q_at_ob,train_cfg_0209,4248287280,True,A,True,C,SERVICE CONTINUITY,A. Service continuity.,A. Service continuity.
train_0209__p_at_ob_vs_q_at_ob,train_cfg_0209,2783024942,True,A,True,C,SERVICE CONTINUITY,A. Service continuity.,A. Service continuity.
train_0209__p_at_ob_vs_q_at_ob,train_cfg_0209,1623149193,True,A,True,C,SERVICE CONTINUITY,A. Service continuity.,A. Service continuity.
train_0209__q_at_ob_vs_p_at_ob,train_cfg_0209,2965977809,True,B,True,C,SERVICE CONTINUITY,<B>. Service continuity.,<B>. Service continuity.
train_0209__q_at_ob_vs_p_at_ob,train_cfg_0209,3959295671,True,B,True,C,SERVICE CONTINUITY,<B>. Service continuity.,<B>. Service continuity.
train_0209__q_at_ob_vs_p_at_ob,train_cfg_0209,3037447092,True,B,True,C,SERVICE CONTINUITY,<B>. Service continuity.,<B>. Service continuity.
train_0210__p_at_oa_vs_q_at_oa,train_cfg_0210,1420641657,True,B,True,M,STAFF SUSTAINABILITY,<B>. Staff sustainability.,<B>. Staff sustainability.
train_0210__p_at_oa_vs_q_at_oa,train_cfg_0210,3557892750,True,B,True,M,STAFF SUSTAINABILITY,<B>. Staff sustainability.,<B>. Staff sustainability.
train_0210__p_at_oa_vs_q_at_oa,train_cfg_0210,3293900891,True,B,True,M,STAFF SUSTAINABILITY,<B>. Staff sustainability.,<B>. Staff sustainability.
train_0210__q_at_oa_vs_p_at_oa,train_cfg_0210,1913884282,True,A,True,M,STAFF SUSTAINABILITY,A. Staff sustainability.,A. Staff sustainability.
train_0210__q_at_oa_vs_p_at_oa,train_cfg_0210,1572649290,True,A,True,M,STAFF SUSTAINABILITY,A. Staff sustainability.,A. Staff sustainability.
train_0210__q_at_oa_vs_p_at_oa,train_cfg_0210,1856214944,True,A,True,M,STAFF SUSTAINABILITY,A. Staff sustainability.,A. Staff sustainability.
train_0210__p_at_ob_vs_q_at_ob,train_cfg_0210,2726599735,True,B,True,M,STAFF SUSTAINABILITY,<B>. Staff sustainability.,<B>. Staff sustainability.
train_0210__p_at_ob_vs_q_at_ob,train_cfg_0210,861697566,True,B,True,M,STAFF SUSTAINABILITY,<B>. Staff sustainability.,<B>. Staff sustainability.
train_0210__p_at_ob_vs_q_at_ob,train_cfg_0210,248092921,True,B,True,M,STAFF SUSTAINABILITY,<B>. Staff sustainability.,<B>. Staff sustainability.
train_0210__q_at_ob_vs_p_at_ob,train_cfg_0210,2050884169,True,A,True,M,STAFF SUSTAINABILITY,A. Staff sustainability.,A. Staff sustainability.
train_0210__q_at_ob_vs_p_at_ob,train_cfg_0210,502926502,True,A,True,M,STAFF SUSTAINABILITY,A. Staff sustainability.,A. Staff sustainability.
train_0210__q_at_ob_vs_p_at_ob,train_cfg_0210,1017568960,True,A,True,M,STAFF SUSTAINABILITY,A. Staff sustainability.,A. Staff sustainability.
train_0211__p_at_oa_vs_q_at_oa,train_cfg_0211,3439517613,True,B,True,T,THREAT REDUCTION,<B>. Threat reduction.,<B>. Threat reduction.
train_0211__p_at_oa_vs_q_at_oa,train_cfg_0211,2218637829,True,B,True,T,THREAT REDUCTION,<B>. Threat reduction.,<B>. Threat reduction.
train_0211__p_at_oa_vs_q_at_oa,train_cfg_0211,3784911127,True,B,True,T,THREAT REDUCTION,<B>. Threat reduction.,<B>. Threat reduction.
train_0211__q_at_oa_vs_p_at_oa,train_cfg_0211,2474479572,True,A,True,T,THREAT REDUCTION,A. Threat reduction.,A. Threat reduction.
train_0211__q_at_oa_vs_p_at_oa,train_cfg_0211,315865658,True,A,True,T,THREAT REDUCTION,A. Threat reduction.,A. Threat reduction.
train_0211__q_at_oa_vs_p_at_oa,train_cfg_0211,2044531424,True,A,True,T,THREAT REDUCTION,A. Threat reduction.,A. Threat reduction.
train_0211__p_at_ob_vs_q_at_ob,train_cfg_0211,2514139186,True,B,True,T,THREAT REDUCTION,<B>. Threat reduction.,<B>. Threat reduction.
train_0211__p_at_ob_vs_q_at_ob,train_cfg_0211,2803247294,True,B,True,T,THREAT REDUCTION,<B>. Threat reduction.,<B>. Threat reduction.
train_0211__p_at_ob_vs_q_at_ob,train_cfg_0211,1013268321,True,B,True,T,THREAT REDUCTION,<B>. Threat reduction.,<B>. Threat reduction.
train_0211__q_at_ob_vs_p_at_ob,train_cfg_0211,2658044030,True,B,True,M,STAFF SUSTAINABILITY,<B>. Staff sustainability.,<B>. Staff sustainability.
train_0211__q_at_ob_vs_p_at_ob,train_cfg_0211,1174766607,True,B,True,M,STAFF SUSTAINABILITY,<B>. Staff sustainability.,<B>. Staff sustainability.
train_0211__q_at_ob_vs_p_at_ob,train_cfg_0211,3843195493,True,B,True,M,STAFF SUSTAINABILITY,<B>. Staff sustainability.,<B>. Staff sustainability.
train_0212__p_at_oa_vs_q_at_oa,train_cfg_0212,352542142,True,A,True,C,SERVICE CONTINUITY,A. Service continuity.,A. Service continuity.
train_0212__p_at_oa_vs_q_at_oa,train_cfg_0212,1364935950,True,A,True,C,SERVICE CONTINUITY,A. Service continuity.,A. Service continuity.
train_0212__p_at_oa_vs_q_at_oa,train_cfg_0212,3126854399,True,A,True,C,SERVICE CONTINUITY,A. Service continuity.,A. Service continuity.
train_0212__q_at_oa_vs_p_at_oa,train_cfg_0212,1972397755,True,B,True,C,SERVICE CONTINUITY,<B>. Service continuity.,<B>. Service continuity.
train_0212__q_at_oa_vs_p_at_oa,train_cfg_0212,4284421411,True,B,True,C,SERVICE CONTINUITY,<B>. Service continuity.,<B>. Service continuity.
train_0212__q_at_oa_vs_p_at_oa,train_cfg_0212,3351829137,True,B,True,C,SERVICE CONTINUITY,<B>. Service continuity.,<B>. Service continuity.
train_0212__p_at_ob_vs_q_at_ob,train_cfg_0212,4116562190,True,A,True,C,SERVICE CONTINUITY,A. Service continuity.,A. Service continuity.
train_0212__p_at_ob_vs_q_at_ob,train_cfg_0212,286052532,True,A,True,C,SERVICE CONTINUITY,A. Service continuity.,A. Service continuity.
train_0212__p_at_ob_vs_q_at_ob,train_cfg_0212,718039628,True,A,True,C,SERVICE CONTINUITY,A. Service continuity.,A. Service continuity.
train_0212__q_at_ob_vs_p_at_ob,train_cfg_0212,3423151811,True,B,True,C,SERVICE CONTINUITY,<B>. Service continuity.,<B>. Service continuity.
train_0212__q_at_ob_vs_p_at_ob,train_cfg_0212,2162716174,True,B,True,C,SERVICE CONTINUITY,<B>. Service continuity.,<B>. Service continuity.
train_0212__q_at_ob_vs_p_at_ob,train_cfg_0212,797995345,True,B,True,C,SERVICE CONTINUITY,<B>. Service continuity.,<B>. Service continuity.
train_0213__p_at_oa_vs_q_at_oa,train_cfg_0213,2177357440,True,A,True,A,AUDIT READINESS,A. Audit readiness.,A. Audit readiness.
train_0213__p_at_oa_vs_q_at_oa,train_cfg_0213,1595573794,True,A,True,A,AUDIT READINESS,A. Audit readiness.,A. Audit readiness.
train_0213__p_at_oa_vs_q_at_oa,train_cfg_0213,1545350281,True,A,True,A,AUDIT READINESS,A. Audit readiness.,A. Audit readiness.
train_0213__q_at_oa_vs_p_at_oa,train_cfg_0213,640972690,True,A,True,T,THREAT REDUCTION,A. Threat reduction.,A. Threat reduction.
train_0213__q_at_oa_vs_p_at_oa,train_cfg_0213,3867658651,True,A,True,T,THREAT REDUCTION,A. Threat reduction.,A. Threat reduction.
train_0213__q_at_oa_vs_p_at_oa,train_cfg_0213,1198841258,True,A,True,T,THREAT REDUCTION,A. Threat reduction.,A. Threat reduction.
train_0213__p_at_ob_vs_q_at_ob,train_cfg_0213,4240754043,True,A,True,A,AUDIT READINESS,A. Audit readiness.,A. Audit readiness.
train_0213__p_at_ob_vs_q_at_ob,train_cfg_0213,1243479184,True,A,True,A,AUDIT READINESS,A. Audit readiness.,A. Audit readiness.
train_0213__p_at_ob_vs_q_at_ob,train_cfg_0213,3826250961,True,A,True,A,AUDIT READINESS,A. Audit readiness.,A. Audit readiness.
train_0213__q_at_ob_vs_p_at_ob,train_cfg_0213,2123708736,True,A,True,C,SERVICE CONTINUITY,A. Service continuity.,A. Service continuity.
train_0213__q_at_ob_vs_p_at_ob,train_cfg_0213,2638156935,True,A,True,C,SERVICE CONTINUITY,A. Service continuity.,A. Service continuity.
train_0213__q_at_ob_vs_p_at_ob,train_cfg_0213,2397460511,True,A,True,C,SERVICE CONTINUITY,A. Service continuity.,A. Service continuity.
train_0214__p_at_oa_vs_q_at_oa,train_cfg_0214,3520048534,True,B,True,M,STAFF SUSTAINABILITY,<B>. Staff sustainability.,<B>. Staff sustainability.
train_0214__p_at_oa_vs_q_at_oa,train_cfg_0214,1077391877,True,B,True,M,STAFF SUSTAINABILITY,<B>. Staff sustainability.,<B>. Staff sustainability.
train_0214__p_at_oa_vs_q_at_oa,train_cfg_0214,1499236738,True,B,True,M,STAFF SUSTAINABILITY,<B>. Staff sustainability.,<B>. Staff sustainability.
train_0214__q_at_oa_vs_p_at_oa,train_cfg_0214,2311430448,True,A,True,M,STAFF SUSTAINABILITY,A. Staff sustainability.,A. Staff sustainability.
train_0214__q_at_oa_vs_p_at_oa,train_cfg_0214,2593315765,True,A,True,M,STAFF SUSTAINABILITY,A. Staff sustainability.,A. Staff sustainability.
train_0214__q_at_oa_vs_p_at_oa,train_cfg_0214,3825163929,True,A,True,M,STAFF SUSTAINABILITY,A. Staff sustainability.,A. Staff sustainability.
train_0214__p_at_ob_vs_q_at_ob,train_cfg_0214,3758743849,True,B,True,M,STAFF SUSTAINABILITY,<B>. Staff sustainability.,<B>. Staff sustainability.
train_0214__p_at_ob_vs_q_at_ob,train_cfg_0214,3134039397,True,B,True,M,STAFF SUSTAINABILITY,<B>. Staff sustainability.,<B>. Staff sustainability.
train_0214__p_at_ob_vs_q_at_ob,train_cfg_0214,1480836811,True,B,True,M,STAFF SUSTAINABILITY,<B>. Staff sustainability.,<B>. Staff sustainability.
train_0214__q_at_ob_vs_p_at_ob,train_cfg_0214,1542219780,True,A,True,M,STAFF SUSTAINABILITY,A. Staff sustainability.,A. Staff sustainability.
train_0214__q_at_ob_vs_p_at_ob,train_cfg_0214,3301146346,True,A,True,M,STAFF SUSTAINABILITY,A. Staff sustainability.,A. Staff sustainability.
train_0214__q_at_ob_vs_p_at_ob,train_cfg_0214,3253157397,True,A,True,M,STAFF SUSTAINABILITY,A. Staff sustainability.,A. Staff sustainability.
train_0215__p_at_oa_vs_q_at_oa,train_cfg_0215,1801794367,True,B,True,C,SERVICE CONTINUITY,<B>. Service continuity.,<B>. Service continuity.
train_0215__p_at_oa_vs_q_at_oa,train_cfg_0215,162748260,True,B,True,C,SERVICE CONTINUITY,<B>. Service continuity.,<B>. Service continuity.
train_0215__p_at_oa_vs_q_at_oa,train_cfg_0215,1067676194,True,B,True,C,SERVICE CONTINUITY,<B>. Service continuity.,<B>. Service continuity.
train_0215__q_at_oa_vs_p_at_oa,train_cfg_0215,1419236404,True,A,True,T,THREAT REDUCTION,A. Threat reduction.,A. Threat reduction.
train_0215__q_at_oa_vs_p_at_oa,train_cfg_0215,2626644504,True,A,True,T,THREAT REDUCTION,A. Threat reduction.,A. Threat reduction.
train_0215__q_at_oa_vs_p_at_oa,train_cfg_0215,306935472,True,A,True,T,THREAT REDUCTION,A. Threat reduction.,A. Threat reduction.
train_0215__p_at_ob_vs_q_at_ob,train_cfg_0215,84596329,True,B,True,C,SERVICE CONTINUITY,<B>. Service continuity.,<B>. Service continuity.
train_0215__p_at_ob_vs_q_at_ob,train_cfg_0215,635193699,True,B,True,C,SERVICE CONTINUITY,<B>. Service continuity.,<B>. Service continuity.
train_0215__p_at_ob_vs_q_at_ob,train_cfg_0215,1571536534,True,B,True,C,SERVICE CONTINUITY,<B>. Service continuity.,<B>. Service continuity.
train_0215__q_at_ob_vs_p_at_ob,train_cfg_0215,506002388,True,A,True,T,THREAT REDUCTION,A. Threat reduction.,A. Threat reduction.
train_0215__q_at_ob_vs_p_at_ob,train_cfg_0215,1734077058,True,A,True,T,THREAT REDUCTION,A. Threat reduction.,A. Threat reduction.
train_0215__q_at_ob_vs_p_at_ob,train_cfg_0215,2150190979,True,A,True,T,THREAT REDUCTION,A. Threat reduction.,A. Threat reduction.
train_0216__p_at_oa_vs_q_at_oa,train_cfg_0216,2205035492,True,B,True,T,THREAT REDUCTION,<B>. Threat reduction.,<B>. Threat reduction.
train_0216__p_at_oa_vs_q_at_oa,train_cfg_0216,3832006225,True,B,True,T,THREAT REDUCTION,<B>. Threat reduction.,<B>. Threat reduction.
train_0216__p_at_oa_vs_q_at_oa,train_cfg_0216,4076562023,True,B,True,T,THREAT REDUCTION,<B>. Threat reduction.,<B>. Threat reduction.
train_0216__q_at_oa_vs_p_at_oa,train_cfg_0216,2873313007,True,A,True,T,THREAT REDUCTION,A. Threat reduction.,A. Threat reduction.
train_0216__q_at_oa_vs_p_at_oa,train_cfg_0216,3398132060,True,A,True,T,THREAT REDUCTION,A. Threat reduction.,A. Threat reduction.
train_0216__q_at_oa_vs_p_at_oa,train_cfg_0216,715396293,True,A,True,T,THREAT REDUCTION,A. Threat reduction.,A. Threat reduction.
train_0216__p_at_ob_vs_q_at_ob,train_cfg_0216,188554462,True,B,True,C,SERVICE CONTINUITY,<B>. Service continuity.,<B>. Service continuity.
train_0216__p_at_ob_vs_q_at_ob,train_cfg_0216,3831832,True,B,True,C,SERVICE CONTINUITY,<B>. Service continuity.,<B>. Service continuity.
train_0216__p_at_ob_vs_q_at_ob,train_cfg_0216,1678932401,True,B,True,C,SERVICE CONTINUITY,<B>. Service continuity.,<B>. Service continuity.
train_0216__q_at_ob_vs_p_at_ob,train_cfg_0216,730242920,True,A,True,T,THREAT REDUCTION,A. Threat reduction.,A. Threat reduction.
train_0216__q_at_ob_vs_p_at_ob,train_cfg_0216,3471374413,True,A,True,T,THREAT REDUCTION,A. Threat reduction.,A. Threat reduction.
train_0216__q_at_ob_vs_p_at_ob,train_cfg_0216,880151688,True,A,True,T,THREAT REDUCTION,A. Threat reduction.,A. Threat reduction.
train_0217__p_at_oa_vs_q_at_oa,train_cfg_0217,1194774903,True,B,True,C,SERVICE CONTINUITY,<B>. Service continuity.,<B>. Service continuity.
train_0217__p_at_oa_vs_q_at_oa,train_cfg_0217,348333221,True,B,True,C,SERVICE CONTINUITY,<B>. Service continuity.,<B>. Service continuity.
train_0217__p_at_oa_vs_q_at_oa,train_cfg_0217,2654039617,True,B,True,C,SERVICE CONTINUITY,<B>. Service continuity.,<B>. Service continuity.
train_0217__q_at_oa_vs_p_at_oa,train_cfg_0217,571743483,True,A,True,C,SERVICE CONTINUITY,A. Service continuity.,A. Service continuity.
train_0217__q_at_oa_vs_p_at_oa,train_cfg_0217,3721117034,True,A,True,C,SERVICE CONTINUITY,A. Service continuity.,A. Service continuity.
train_0217__q_at_oa_vs_p_at_oa,train_cfg_0217,1517910956,True,A,True,C,SERVICE CONTINUITY,A. Service continuity.,A. Service continuity.
train_0217__p_at_ob_vs_q_at_ob,train_cfg_0217,2136925355,True,B,True,C,SERVICE CONTINUITY,<B>. Service continuity.,<B>. Service continuity.
train_0217__p_at_ob_vs_q_at_ob,train_cfg_0217,551526925,True,B,True,C,SERVICE CONTINUITY,<B>. Service continuity.,<B>. Service continuity.
train_0217__p_at_ob_vs_q_at_ob,train_cfg_0217,900379205,True,B,True,C,SERVICE CONTINUITY,<B>. Service continuity.,<B>. Service continuity.
train_0217__q_at_ob_vs_p_at_ob,train_cfg_0217,3563914628,True,A,True,C,SERVICE CONTINUITY,A. Service continuity.,A. Service continuity.
train_0217__q_at_ob_vs_p_at_ob,train_cfg_0217,4002870690,True,A,True,C,SERVICE CONTINUITY,A. Service continuity.,A. Service continuity.
train_0217__q_at_ob_vs_p_at_ob,train_cfg_0217,1547961929,True,A,True,C,SERVICE CONTINUITY,A. Service continuity.,A. Service continuity.
train_0218__p_at_oa_vs_q_at_oa,train_cfg_0218,1265966797,True,B,True,C,SERVICE CONTINUITY,<B>. Service continuity.,<B>. Service continuity.
train_0218__p_at_oa_vs_q_at_oa,train_cfg_0218,804109986,True,B,True,C,SERVICE CONTINUITY,<B>. Service continuity.,<B>. Service continuity.
train_0218__p_at_oa_vs_q_at_oa,train_cfg_0218,312845886,True,B,True,C,SERVICE CONTINUITY,<B>. Service continuity.,<B>. Service continuity.
train_0218__q_at_oa_vs_p_at_oa,train_cfg_0218,2949257893,True,A,True,T,THREAT REDUCTION,A. Threat reduction.,A. Threat reduction.
train_0218__q_at_oa_vs_p_at_oa,train_cfg_0218,1128629870,True,A,True,T,THREAT REDUCTION,A. Threat reduction.,A. Threat reduction.
train_0218__q_at_oa_vs_p_at_oa,train_cfg_0218,3755000519,True,A,True,T,THREAT REDUCTION,A. Threat reduction.,A. Threat reduction.
train_0218__p_at_ob_vs_q_at_ob,train_cfg_0218,88330695,True,B,True,T,THREAT REDUCTION,<B>. Threat reduction.,<B>. Threat reduction.
train_0218__p_at_ob_vs_q_at_ob,train_cfg_0218,613342704,True,B,True,T,THREAT REDUCTION,<B>. Threat reduction.,<B>. Threat reduction.
train_0218__p_at_ob_vs_q_at_ob,train_cfg_0218,387088644,True,B,True,T,THREAT REDUCTION,<B>. Threat reduction.,<B>. Threat reduction.
train_0218__q_at_ob_vs_p_at_ob,train_cfg_0218,2695206208,True,A,True,T,THREAT REDUCTION,A. Threat reduction.,A. Threat reduction.
train_0218__q_at_ob_vs_p_at_ob,train_cfg_0218,1654833583,True,A,True,T,THREAT REDUCTION,A. Threat reduction.,A. Threat reduction.
train_0218__q_at_ob_vs_p_at_ob,train_cfg_0218,828122347,True,A,True,T,THREAT REDUCTION,A. Threat reduction.,A. Threat reduction.
train_0219__p_at_oa_vs_q_at_oa,train_cfg_0219,1223198250,True,B,True,C,SERVICE CONTINUITY,<B>. Service continuity.,<B>. Service continuity.
train_0219__p_at_oa_vs_q_at_oa,train_cfg_0219,3296648623,True,B,True,C,SERVICE CONTINUITY,<B>. Service continuity.,<B>. Service continuity.
train_0219__p_at_oa_vs_q_at_oa,train_cfg_0219,3257465715,True,B,True,C,SERVICE CONTINUITY,<B>. Service continuity.,<B>. Service continuity.
train_0219__q_at_oa_vs_p_at_oa,train_cfg_0219,3387137368,True,B,True,M,STAFF SUSTAINABILITY,<B>. Staff sustainability.,<B>. Staff sustainability.
train_0219__q_at_oa_vs_p_at_oa,train_cfg_0219,1498741656,True,B,True,M,STAFF SUSTAINABILITY,<B>. Staff sustainability.,<B>. Staff sustainability.
train_0219__q_at_oa_vs_p_at_oa,train_cfg_0219,3786049551,True,B,True,M,STAFF SUSTAINABILITY,<B>. Staff sustainability.,<B>. Staff sustainability.
train_0219__p_at_ob_vs_q_at_ob,train_cfg_0219,2920659405,True,B,True,T,THREAT REDUCTION,<B>. Threat reduction.,<B>. Threat reduction.
train_0219__p_at_ob_vs_q_at_ob,train_cfg_0219,585570229,True,B,True,T,THREAT REDUCTION,<B>. Threat reduction.,<B>. Threat reduction.
train_0219__p_at_ob_vs_q_at_ob,train_cfg_0219,1267515920,True,B,True,T,THREAT REDUCTION,<B>. Threat reduction.,<B>. Threat reduction.
train_0219__q_at_ob_vs_p_at_ob,train_cfg_0219,1521549692,True,A,True,T,THREAT REDUCTION,A. Threat reduction.,A. Threat reduction.
train_0219__q_at_ob_vs_p_at_ob,train_cfg_0219,608854980,True,A,True,T,THREAT REDUCTION,A. Threat reduction.,A. Threat reduction.
train_0219__q_at_ob_vs_p_at_ob,train_cfg_0219,2156624879,True,A,True,T,THREAT REDUCTION,A. Threat reduction.,A. Threat reduction.
train_0220__p_at_oa_vs_q_at_oa,train_cfg_0220,3340186893,True,B,True,C,SERVICE CONTINUITY,<B>. Service continuity.,<B>. Service continuity.
train_0220__p_at_oa_vs_q_at_oa,train_cfg_0220,3541994928,True,B,True,C,SERVICE CONTINUITY,<B>. Service continuity.,<B>. Service continuity.
train_0220__p_at_oa_vs_q_at_oa,train_cfg_0220,3865710355,True,B,True,C,SERVICE CONTINUITY,<B>. Service continuity.,<B>. Service continuity.
train_0220__q_at_oa_vs_p_at_oa,train_cfg_0220,2697231833,True,A,True,A,AUDIT READINESS,A. Audit readiness.,A. Audit readiness.
train_0220__q_at_oa_vs_p_at_oa,train_cfg_0220,2487415980,True,A,True,A,AUDIT READINESS,A. Audit readiness.,A. Audit readiness.
train_0220__q_at_oa_vs_p_at_oa,train_cfg_0220,4016901928,True,A,True,A,AUDIT READINESS,A. Audit readiness.,A. Audit readiness.
train_0220__p_at_ob_vs_q_at_ob,train_cfg_0220,2130985299,True,B,True,T,THREAT REDUCTION,<B>. Threat reduction.,<B>. Threat reduction.
train_0220__p_at_ob_vs_q_at_ob,train_cfg_0220,3984637906,True,B,True,T,THREAT REDUCTION,<B>. Threat reduction.,<B>. Threat reduction.
train_0220__p_at_ob_vs_q_at_ob,train_cfg_0220,2626155944,True,B,True,T,THREAT REDUCTION,<B>. Threat reduction.,<B>. Threat reduction.
train_0220__q_at_ob_vs_p_at_ob,train_cfg_0220,1486723484,True,A,True,T,THREAT REDUCTION,A. Threat reduction.,A. Threat reduction.
train_0220__q_at_ob_vs_p_at_ob,train_cfg_0220,3742751674,True,A,True,T,THREAT REDUCTION,A. Threat reduction.,A. Threat reduction.
train_0220__q_at_ob_vs_p_at_ob,train_cfg_0220,1541210627,True,A,True,T,THREAT REDUCTION,A. Threat reduction.,A. Threat reduction.
train_0221__p_at_oa_vs_q_at_oa,train_cfg_0221,2929406565,True,B,True,C,SERVICE CONTINUITY,<B>. Service continuity.,<B>. Service continuity.
train_0221__p_at_oa_vs_q_at_oa,train_cfg_0221,2564377982,True,B,True,C,SERVICE CONTINUITY,<B>. Service continuity.,<B>. Service continuity.
train_0221__p_at_oa_vs_q_at_oa,train_cfg_0221,3522976675,True,B,True,C,SERVICE CONTINUITY,<B>. Service continuity.,<B>. Service continuity.
train_0221__q_at_oa_vs_p_at_oa,train_cfg_0221,3465387213,True,A,True,C,SERVICE CONTINUITY,A. Service continuity.,A. Service continuity.
train_0221__q_at_oa_vs_p_at_oa,train_cfg_0221,799269436,True,A,True,C,SERVICE CONTINUITY,A. Service continuity.,A. Service continuity.
train_0221__q_at_oa_vs_p_at_oa,train_cfg_0221,2836746902,True,A,True,C,SERVICE CONTINUITY,A. Service continuity.,A. Service continuity.
train_0221__p_at_ob_vs_q_at_ob,train_cfg_0221,1623641352,True,B,True,C,SERVICE CONTINUITY,<B>. Service continuity.,<B>. Service continuity.
train_0221__p_at_ob_vs_q_at_ob,train_cfg_0221,4141300959,True,B,True,C,SERVICE CONTINUITY,<B>. Service continuity.,<B>. Service continuity.
train_0221__p_at_ob_vs_q_at_ob,train_cfg_0221,2070183069,True,B,True,C,SERVICE CONTINUITY,<B>. Service continuity.,<B>. Service continuity.
train_0221__q_at_ob_vs_p_at_ob,train_cfg_0221,3499511233,True,A,True,C,SERVICE CONTINUITY,A. Service continuity.,A. Service continuity.
train_0221__q_at_ob_vs_p_at_ob,train_cfg_0221,452560760,True,A,True,C,SERVICE CONTINUITY,A. Service continuity.,A. Service continuity.
train_0221__q_at_ob_vs_p_at_ob,train_cfg_0221,819111686,True,A,True,C,SERVICE CONTINUITY,A. Service continuity.,A. Service continuity.
train_0222__p_at_oa_vs_q_at_oa,train_cfg_0222,97337163,True,B,True,C,SERVICE CONTINUITY,<B>. Service continuity.,<B>. Service continuity.
train_0222__p_at_oa_vs_q_at_oa,train_cfg_0222,1261005679,True,B,True,C,SERVICE CONTINUITY,<B>. Service continuity.,<B>. Service continuity.
train_0222__p_at_oa_vs_q_at_oa,train_cfg_0222,3215673707,True,B,True,C,SERVICE CONTINUITY,<B>. Service continuity.,<B>. Service continuity.
train_0222__q_at_oa_vs_p_at_oa,train_cfg_0222,1845638041,True,A,True,T,THREAT REDUCTION,A. Threat reduction.,A. Threat reduction.
train_0222__q_at_oa_vs_p_at_oa,train_cfg_0222,117868860,True,A,True,T,THREAT REDUCTION,A. Threat reduction.,A. Threat reduction.
train_0222__q_at_oa_vs_p_at_oa,train_cfg_0222,251697830,True,A,True,T,THREAT REDUCTION,A. Threat reduction.,A. Threat reduction.
train_0222__p_at_ob_vs_q_at_ob,train_cfg_0222,1799113634,True,B,True,C,SERVICE CONTINUITY,<B>. Service continuity.,<B>. Service continuity.
train_0222__p_at_ob_vs_q_at_ob,train_cfg_0222,888986728,True,B,True,C,SERVICE CONTINUITY,<B>. Service continuity.,<B>. Service continuity.
train_0222__p_at_ob_vs_q_at_ob,train_cfg_0222,3554194962,True,A,True,T,THREAT REDUCTION,A. Threat reduction.,A. Threat reduction.
train_0222__q_at_ob_vs_p_at_ob,train_cfg_0222,970468348,True,B,True,P,SYSTEM PORTABILITY,<B>. System portability.,<B>. System portability.
train_0222__q_at_ob_vs_p_at_ob,train_cfg_0222,2708604166,True,B,True,P,SYSTEM PORTABILITY,<B>. System portability.,<B>. System portability.
train_0222__q_at_ob_vs_p_at_ob,train_cfg_0222,3240612072,True,B,True,P,SYSTEM PORTABILITY,<B>. System portability.,<B>. System portability.
train_0223__p_at_oa_vs_q_at_oa,train_cfg_0223,3222545187,True,A,True,C,SERVICE CONTINUITY,A. Service continuity.,A. Service continuity.
train_0223__p_at_oa_vs_q_at_oa,train_cfg_0223,4120964316,True,A,True,C,SERVICE CONTINUITY,A. Service continuity.,A. Service continuity.
train_0223__p_at_oa_vs_q_at_oa,train_cfg_0223,2112403596,True,A,True,C,SERVICE CONTINUITY,A. Service continuity.,A. Service continuity.
train_0223__q_at_oa_vs_p_at_oa,train_cfg_0223,3355827122,True,B,True,C,SERVICE CONTINUITY,<B>. Service continuity.,<B>. Service continuity.
train_0223__q_at_oa_vs_p_at_oa,train_cfg_0223,1319941745,True,B,True,C,SERVICE CONTINUITY,<B>. Service continuity.,<B>. Service continuity.
train_0223__q_at_oa_vs_p_at_oa,train_cfg_0223,3051109451,True,B,True,C,SERVICE CONTINUITY,<B>. Service continuity.,<B>. Service continuity.
train_0223__p_at_ob_vs_q_at_ob,train_cfg_0223,1888481446,True,A,True,C,SERVICE CONTINUITY,A. Service continuity.,A. Service continuity.
train_0223__p_at_ob_vs_q_at_ob,train_cfg_0223,1073758262,True,A,True,C,SERVICE CONTINUITY,A. Service continuity.,A. Service continuity.
train_0223__p_at_ob_vs_q_at_ob,train_cfg_0223,3729136135,True,A,True,C,SERVICE CONTINUITY,A. Service continuity.,A. Service continuity.
train_0223__q_at_ob_vs_p_at_ob,train_cfg_0223,3348557061,True,B,True,C,SERVICE CONTINUITY,<B>. Service continuity.,<B>. Service continuity.
train_0223__q_at_ob_vs_p_at_ob,train_cfg_0223,3126954267,True,B,True,C,SERVICE CONTINUITY,<B>. Service continuity.,<B>. Service continuity.
train_0223__q_at_ob_vs_p_at_ob,train_cfg_0223,2643167547,True,B,True,C,SERVICE CONTINUITY,<B>. Service continuity.,<B>. Service continuity.
train_0224__p_at_oa_vs_q_at_oa,train_cfg_0224,3731582259,True,B,True,T,THREAT REDUCTION,<B>. Threat reduction.,<B>. Threat reduction.
train_0224__p_at_oa_vs_q_at_oa,train_cfg_0224,2753402611,True,B,True,T,THREAT REDUCTION,<B>. Threat reduction.,<B>. Threat reduction.
train_0224__p_at_oa_vs_q_at_oa,train_cfg_0224,474667877,True,B,True,T,THREAT REDUCTION,<B>. Threat reduction.,<B>. Threat reduction.
train_0224__q_at_oa_vs_p_at_oa,train_cfg_0224,3961451714,True,A,True,T,THREAT REDUCTION,A. Threat reduction.,A. Threat reduction.
train_0224__q_at_oa_vs_p_at_oa,train_cfg_0224,1995932840,True,A,True,T,THREAT REDUCTION,A. Threat reduction.,A. Threat reduction.
train_0224__q_at_oa_vs_p_at_oa,train_cfg_0224,3962369153,True,A,True,T,THREAT REDUCTION,A. Threat reduction.,A. Threat reduction.
train_0224__p_at_ob_vs_q_at_ob,train_cfg_0224,2413942330,True,B,True,T,THREAT REDUCTION,<B>. Threat reduction.,<B>. Threat reduction.
train_0224__p_at_ob_vs_q_at_ob,train_cfg_0224,4282028875,True,B,True,T,THREAT REDUCTION,<B>. Threat reduction.,<B>. Threat reduction.
train_0224__p_at_ob_vs_q_at_ob,train_cfg_0224,1075217956,True,B,True,T,THREAT REDUCTION,<B>. Threat reduction.,<B>. Threat reduction.
train_0224__q_at_ob_vs_p_at_ob,train_cfg_0224,3764604187,True,A,True,T,THREAT REDUCTION,A. Threat reduction.,A. Threat reduction.
train_0224__q_at_ob_vs_p_at_ob,train_cfg_0224,3084040977,True,A,True,T,THREAT REDUCTION,A. Threat reduction.,A. Threat reduction.
train_0224__q_at_ob_vs_p_at_ob,train_cfg_0224,1073862783,True,A,True,T,THREAT REDUCTION,A. Threat reduction.,A. Threat reduction.
train_0225__p_at_oa_vs_q_at_oa,train_cfg_0225,1525316056,True,B,True,M,STAFF SUSTAINABILITY,<B>. Staff sustainability.,<B>. Staff sustainability.
train_0225__p_at_oa_vs_q_at_oa,train_cfg_0225,2323797419,True,A,True,C,SERVICE CONTINUITY,A. Service continuity.,A. Service continuity.
train_0225__p_at_oa_vs_q_at_oa,train_cfg_0225,3680274538,True,B,True,M,STAFF SUSTAINABILITY,<B>. Staff sustainability.,<B>. Staff sustainability.
train_0225__q_at_oa_vs_p_at_oa,train_cfg_0225,2349845119,True,B,True,C,SERVICE CONTINUITY,<B>. Service continuity.,<B>. Service continuity.
train_0225__q_at_oa_vs_p_at_oa,train_cfg_0225,435926893,True,B,True,C,SERVICE CONTINUITY,<B>. Service continuity.,<B>. Service continuity.
train_0225__q_at_oa_vs_p_at_oa,train_cfg_0225,2250599675,True,B,True,C,SERVICE CONTINUITY,<B>. Service continuity.,<B>. Service continuity.
train_0225__p_at_ob_vs_q_at_ob,train_cfg_0225,1773625604,True,B,True,M,STAFF SUSTAINABILITY,<B>. Staff sustainability.,<B>. Staff sustainability.
train_0225__p_at_ob_vs_q_at_ob,train_cfg_0225,4202178336,True,B,True,M,STAFF SUSTAINABILITY,<B>. Staff sustainability.,<B>. Staff sustainability.
train_0225__p_at_ob_vs_q_at_ob,train_cfg_0225,887010565,True,B,True,M,STAFF SUSTAINABILITY,<B>. Staff sustainability.,<B>. Staff sustainability.
train_0225__q_at_ob_vs_p_at_ob,train_cfg_0225,1815278321,True,B,True,C,SERVICE CONTINUITY,<B>. Service continuity.,<B>. Service continuity.
train_0225__q_at_ob_vs_p_at_ob,train_cfg_0225,3378685867,True,B,True,C,SERVICE CONTINUITY,<B>. Service continuity.,<B>. Service continuity.
train_0225__q_at_ob_vs_p_at_ob,train_cfg_0225,3239633403,True,B,True,C,SERVICE CONTINUITY,<B>. Service continuity.,<B>. Service continuity.
train_0226__p_at_oa_vs_q_at_oa,train_cfg_0226,2647061853,True,B,True,T,THREAT REDUCTION,<B>. Threat reduction.,<B>. Threat reduction.
train_0226__p_at_oa_vs_q_at_oa,train_cfg_0226,537109313,True,B,True,T,THREAT REDUCTION,<B>. Threat reduction.,<B>. Threat reduction.
train_0226__p_at_oa_vs_q_at_oa,train_cfg_0226,445302856,True,B,True,T,THREAT REDUCTION,<B>. Threat reduction.,<B>. Threat reduction.
train_0226__q_at_oa_vs_p_at_oa,train_cfg_0226,4105837433,True,A,True,T,THREAT REDUCTION,A. Threat reduction.,A. Threat reduction.
train_0226__q_at_oa_vs_p_at_oa,train_cfg_0226,3358848205,True,A,True,T,THREAT REDUCTION,A. Threat reduction.,A. Threat reduction.
train_0226__q_at_oa_vs_p_at_oa,train_cfg_0226,1895982013,True,A,True,T,THREAT REDUCTION,A. Threat reduction.,A. Threat reduction.
train_0226__p_at_ob_vs_q_at_ob,train_cfg_0226,1070780747,True,B,True,T,THREAT REDUCTION,<B>. Threat reduction.,<B>. Threat reduction.
train_0226__p_at_ob_vs_q_at_ob,train_cfg_0226,106077800,True,B,True,T,THREAT REDUCTION,<B>. Threat reduction.,<B>. Threat reduction.
train_0226__p_at_ob_vs_q_at_ob,train_cfg_0226,2535698498,True,B,True,T,THREAT REDUCTION,<B>. Threat reduction.,<B>. Threat reduction.
train_0226__q_at_ob_vs_p_at_ob,train_cfg_0226,1631643509,True,A,True,T,THREAT REDUCTION,A. Threat reduction.,A. Threat reduction.
train_0226__q_at_ob_vs_p_at_ob,train_cfg_0226,2073620977,True,A,True,T,THREAT REDUCTION,A. Threat reduction.,A. Threat reduction.
train_0226__q_at_ob_vs_p_at_ob,train_cfg_0226,817265640,True,A,True,T,THREAT REDUCTION,A. Threat reduction.,A. Threat reduction.
train_0227__p_at_oa_vs_q_at_oa,train_cfg_0227,3902050676,True,B,True,T,THREAT REDUCTION,B. Threat reduction.,B. Threat reduction.
train_0227__p_at_oa_vs_q_at_oa,train_cfg_0227,2514613774,True,B,True,T,THREAT REDUCTION,<B>. Threat reduction.,<B>. Threat reduction.
train_0227__p_at_oa_vs_q_at_oa,train_cfg_0227,1904566300,True,B,True,T,THREAT REDUCTION,B. Threat reduction.,B. Threat reduction.
train_0227__q_at_oa_vs_p_at_oa,train_cfg_0227,524270559,True,A,True,T,THREAT REDUCTION,A. Threat reduction.,A. Threat reduction.
train_0227__q_at_oa_vs_p_at_oa,train_cfg_0227,521520751,True,A,True,T,THREAT REDUCTION,A. Threat reduction.,A. Threat reduction.
train_0227__q_at_oa_vs_p_at_oa,train_cfg_0227,426545731,True,A,True,T,THREAT REDUCTION,A. Threat reduction.,A. Threat reduction.
train_0227__p_at_ob_vs_q_at_ob,train_cfg_0227,18020689,True,B,True,T,THREAT REDUCTION,<B>. Threat reduction.,<B>. Threat reduction.
train_0227__p_at_ob_vs_q_at_ob,train_cfg_0227,3219602281,True,B,True,T,THREAT REDUCTION,<B>. Threat reduction.,<B>. Threat reduction.
train_0227__p_at_ob_vs_q_at_ob,train_cfg_0227,197366268,True,B,True,T,THREAT REDUCTION,<B>. Threat reduction.,<B>. Threat reduction.
train_0227__q_at_ob_vs_p_at_ob,train_cfg_0227,2444022793,True,A,True,T,THREAT REDUCTION,A. Threat reduction.,A. Threat reduction.
train_0227__q_at_ob_vs_p_at_ob,train_cfg_0227,2949126650,True,A,True,T,THREAT REDUCTION,A. Threat reduction.,A. Threat reduction.
train_0227__q_at_ob_vs_p_at_ob,train_cfg_0227,4106537464,True,A,True,T,THREAT REDUCTION,A. Threat reduction.,A. Threat reduction.
train_0228__p_at_oa_vs_q_at_oa,train_cfg_0228,1706195845,True,B,True,T,THREAT REDUCTION,<B>. Threat reduction.,<B>. Threat reduction.
train_0228__p_at_oa_vs_q_at_oa,train_cfg_0228,3558473761,True,B,True,T,THREAT REDUCTION,<B>. Threat reduction.,<B>. Threat reduction.
train_0228__p_at_oa_vs_q_at_oa,train_cfg_0228,525140777,True,B,True,T,THREAT REDUCTION,<B>. Threat reduction.,<B>. Threat reduction.
train_0228__q_at_oa_vs_p_at_oa,train_cfg_0228,1456831005,True,B,True,C,SERVICE CONTINUITY,<B>. Service continuity.,<B>. Service continuity.
train_0228__q_at_oa_vs_p_at_oa,train_cfg_0228,645127796,True,A,True,T,THREAT REDUCTION,A. Threat reduction.,A. Threat reduction.
train_0228__q_at_oa_vs_p_at_oa,train_cfg_0228,1285570204,True,A,True,T,THREAT REDUCTION,A. Threat reduction.,A. Threat reduction.
train_0228__p_at_ob_vs_q_at_ob,train_cfg_0228,1572994673,True,B,True,T,THREAT REDUCTION,<B>. Threat reduction.,<B>. Threat reduction.
train_0228__p_at_ob_vs_q_at_ob,train_cfg_0228,2562164146,True,B,True,T,THREAT REDUCTION,<B>. Threat reduction.,<B>. Threat reduction.
train_0228__p_at_ob_vs_q_at_ob,train_cfg_0228,1161043852,True,B,True,T,THREAT REDUCTION,<B>. Threat reduction.,<B>. Threat reduction.
train_0228__q_at_ob_vs_p_at_ob,train_cfg_0228,3518873782,True,B,True,C,SERVICE CONTINUITY,<B>. Service continuity.,<B>. Service continuity.
train_0228__q_at_ob_vs_p_at_ob,train_cfg_0228,1189584895,True,B,True,C,SERVICE CONTINUITY,<B>. Service continuity.,<B>. Service continuity.
train_0228__q_at_ob_vs_p_at_ob,train_cfg_0228,1004041024,True,B,True,C,SERVICE CONTINUITY,<B>. Service continuity.,<B>. Service continuity.
train_0229__p_at_oa_vs_q_at_oa,train_cfg_0229,1591162160,True,B,True,A,AUDIT READINESS,<B>. Audit readiness.,<B>. Audit readiness.
train_0229__p_at_oa_vs_q_at_oa,train_cfg_0229,684665418,True,B,True,A,AUDIT READINESS,<B>. Audit readiness.,<B>. Audit readiness.
train_0229__p_at_oa_vs_q_at_oa,train_cfg_0229,3954903593,True,B,True,D,DEPLOYMENT SPEED,<B>. Deployment speed.,<B>. Deployment speed.
train_0229__q_at_oa_vs_p_at_oa,train_cfg_0229,2761201267,True,A,True,C,SERVICE CONTINUITY,A. Service continuity.,A. Service continuity.
train_0229__q_at_oa_vs_p_at_oa,train_cfg_0229,3601336008,True,A,True,C,SERVICE CONTINUITY,A. Service continuity.,A. Service continuity.
train_0229__q_at_oa_vs_p_at_oa,train_cfg_0229,3596962536,True,A,True,C,SERVICE CONTINUITY,A. Service continuity.,A. Service continuity.
train_0229__p_at_ob_vs_q_at_ob,train_cfg_0229,2465018723,True,B,True,M,STAFF SUSTAINABILITY,<B>. Staff sustainability.,<B>. Staff sustainability.
train_0229__p_at_ob_vs_q_at_ob,train_cfg_0229,3864346214,True,B,True,M,STAFF SUSTAINABILITY,<B>. Staff sustainability.,<B>. Staff sustainability.
train_0229__p_at_ob_vs_q_at_ob,train_cfg_0229,2957240739,True,B,True,M,STAFF SUSTAINABILITY,<B>. Staff sustainability.,<B>. Staff sustainability.
train_0229__q_at_ob_vs_p_at_ob,train_cfg_0229,2495366684,True,A,True,M,STAFF SUSTAINABILITY,A. Staff sustainability.,A. Staff sustainability.
train_0229__q_at_ob_vs_p_at_ob,train_cfg_0229,1311336179,True,A,True,M,STAFF SUSTAINABILITY,A. Staff sustainability.,A. Staff sustainability.
train_0229__q_at_ob_vs_p_at_ob,train_cfg_0229,2011383595,True,A,True,M,STAFF SUSTAINABILITY,A. Staff sustainability.,A. Staff sustainability.
train_0230__p_at_oa_vs_q_at_oa,train_cfg_0230,291228297,True,B,True,T,THREAT REDUCTION,<B>. Threat reduction.,<B>. Threat reduction.
train_0230__p_at_oa_vs_q_at_oa,train_cfg_0230,783013424,True,B,True,T,THREAT REDUCTION,<B>. Threat reduction.,<B>. Threat reduction.
train_0230__p_at_oa_vs_q_at_oa,train_cfg_0230,3618102545,True,B,True,T,THREAT REDUCTION,<B>. Threat reduction.,<B>. Threat reduction.
train_0230__q_at_oa_vs_p_at_oa,train_cfg_0230,2868997083,True,A,True,T,THREAT REDUCTION,A. Threat reduction.,A. Threat reduction.
train_0230__q_at_oa_vs_p_at_oa,train_cfg_0230,2398947785,True,A,True,T,THREAT REDUCTION,A. Threat reduction.,A. Threat reduction.
train_0230__q_at_oa_vs_p_at_oa,train_cfg_0230,3518098922,True,A,True,T,THREAT REDUCTION,A. Threat reduction.,A. Threat reduction.
train_0230__p_at_ob_vs_q_at_ob,train_cfg_0230,3231932804,True,B,True,T,THREAT REDUCTION,<B>. Threat reduction.,<B>. Threat reduction.
train_0230__p_at_ob_vs_q_at_ob,train_cfg_0230,2963280061,True,B,True,T,THREAT REDUCTION,<B>. Threat reduction.,<B>. Threat reduction.
train_0230__p_at_ob_vs_q_at_ob,train_cfg_0230,2664252633,True,B,True,T,THREAT REDUCTION,<B>. Threat reduction.,<B>. Threat reduction.
train_0230__q_at_ob_vs_p_at_ob,train_cfg_0230,3528099617,True,A,True,T,THREAT REDUCTION,A. Threat reduction.,A. Threat reduction.
train_0230__q_at_ob_vs_p_at_ob,train_cfg_0230,3484595079,True,A,True,T,THREAT REDUCTION,A. Threat reduction.,A. Threat reduction.
train_0230__q_at_ob_vs_p_at_ob,train_cfg_0230,2787723987,True,A,True,T,THREAT REDUCTION,A. Threat reduction.,A. Threat reduction.
train_0231__p_at_oa_vs_q_at_oa,train_cfg_0231,3076771113,True,A,True,C,SERVICE CONTINUITY,A. Service continuity.,A. Service continuity.
train_0231__p_at_oa_vs_q_at_oa,train_cfg_0231,513962855,True,A,True,C,SERVICE CONTINUITY,A. Service continuity.,A. Service continuity.
train_0231__p_at_oa_vs_q_at_oa,train_cfg_0231,2908064355,True,A,True,C,SERVICE CONTINUITY,A. Service continuity.,A. Service continuity.
train_0231__q_at_oa_vs_p_at_oa,train_cfg_0231,1398881584,True,B,True,M,STAFF SUSTAINABILITY,<B>. Staff sustainability.,<B>. Staff sustainability.
train_0231__q_at_oa_vs_p_at_oa,train_cfg_0231,2841475,True,B,True,M,STAFF SUSTAINABILITY,<B>. Staff sustainability.,<B>. Staff sustainability.
train_0231__q_at_oa_vs_p_at_oa,train_cfg_0231,2742712395,True,B,True,M,STAFF SUSTAINABILITY,<B>. Staff sustainability.,<B>. Staff sustainability.
train_0231__p_at_ob_vs_q_at_ob,train_cfg_0231,2470066247,True,A,True,M,STAFF SUSTAINABILITY,A. Staff sustainability.,A. Staff sustainability.
train_0231__p_at_ob_vs_q_at_ob,train_cfg_0231,701258456,True,A,True,M,STAFF SUSTAINABILITY,A. Staff sustainability.,A. Staff sustainability.
train_0231__p_at_ob_vs_q_at_ob,train_cfg_0231,3079366525,True,A,True,M,STAFF SUSTAINABILITY,A. Staff sustainability.,A. Staff sustainability.
train_0231__q_at_ob_vs_p_at_ob,train_cfg_0231,3199858352,True,B,True,M,STAFF SUSTAINABILITY,<B>. Staff sustainability.,<B>. Staff sustainability.
train_0231__q_at_ob_vs_p_at_ob,train_cfg_0231,392504531,True,B,True,M,STAFF SUSTAINABILITY,<B>. Staff sustainability.,<B>. Staff sustainability.
train_0231__q_at_ob_vs_p_at_ob,train_cfg_0231,1875847776,True,B,True,M,STAFF SUSTAINABILITY,<B>. Staff sustainability.,<B>. Staff sustainability.
train_0232__p_at_oa_vs_q_at_oa,train_cfg_0232,578095427,True,B,True,M,STAFF SUSTAINABILITY,<B>. Staff sustainability.,<B>. Staff sustainability.
train_0232__p_at_oa_vs_q_at_oa,train_cfg_0232,2467471205,True,B,True,M,STAFF SUSTAINABILITY,<B>. Staff sustainability.,<B>. Staff sustainability.
train_0232__p_at_oa_vs_q_at_oa,train_cfg_0232,1903997173,True,B,True,M,STAFF SUSTAINABILITY,<B>. Staff sustainability.,<B>. Staff sustainability.
train_0232__q_at_oa_vs_p_at_oa,train_cfg_0232,3590514779,True,A,True,M,STAFF SUSTAINABILITY,A. Staff sustainability.,A. Staff sustainability.
train_0232__q_at_oa_vs_p_at_oa,train_cfg_0232,3623669676,True,A,True,M,STAFF SUSTAINABILITY,A. Staff sustainability.,A. Staff sustainability.
train_0232__q_at_oa_vs_p_at_oa,train_cfg_0232,326784776,True,A,True,M,STAFF SUSTAINABILITY,A. Staff sustainability.,A. Staff sustainability.
train_0232__p_at_ob_vs_q_at_ob,train_cfg_0232,2597176627,True,B,True,M,STAFF SUSTAINABILITY,<B>. Staff sustainability.,<B>. Staff sustainability.
train_0232__p_at_ob_vs_q_at_ob,train_cfg_0232,2124906750,True,B,True,M,STAFF SUSTAINABILITY,<B>. Staff sustainability.,<B>. Staff sustainability.
train_0232__p_at_ob_vs_q_at_ob,train_cfg_0232,2846518212,True,B,True,M,STAFF SUSTAINABILITY,<B>. Staff sustainability.,<B>. Staff sustainability.
train_0232__q_at_ob_vs_p_at_ob,train_cfg_0232,1358001632,True,A,True,M,STAFF SUSTAINABILITY,A. Staff sustainability.,A. Staff sustainability.
train_0232__q_at_ob_vs_p_at_ob,train_cfg_0232,1426298290,True,A,True,M,STAFF SUSTAINABILITY,A. Staff sustainability.,A. Staff sustainability.
train_0232__q_at_ob_vs_p_at_ob,train_cfg_0232,745682809,True,A,True,M,STAFF SUSTAINABILITY,A. Staff sustainability.,A. Staff sustainability.
train_0233__p_at_oa_vs_q_at_oa,train_cfg_0233,2950248451,True,A,True,A,AUDIT READINESS,A. Audit readiness.,A. Audit readiness.
train_0233__p_at_oa_vs_q_at_oa,train_cfg_0233,951848766,True,A,True,A,AUDIT READINESS,A. Audit readiness.,A. Audit readiness.
train_0233__p_at_oa_vs_q_at_oa,train_cfg_0233,4138139885,True,A,True,A,AUDIT READINESS,A. Audit readiness.,A. Audit readiness.
train_0233__q_at_oa_vs_p_at_oa,train_cfg_0233,1381648307,True,B,True,A,AUDIT READINESS,<B>. Audit readiness.,<B>. Audit readiness.
train_0233__q_at_oa_vs_p_at_oa,train_cfg_0233,632913144,True,B,True,A,AUDIT READINESS,<B>. Audit readiness.,<B>. Audit readiness.
train_0233__q_at_oa_vs_p_at_oa,train_cfg_0233,2836028301,True,B,True,A,AUDIT READINESS,<B>. Audit readiness.,<B>. Audit readiness.
train_0233__p_at_ob_vs_q_at_ob,train_cfg_0233,3174612745,True,A,True,M,STAFF SUSTAINABILITY,A. Staff sustainability.,A. Staff sustainability.
train_0233__p_at_ob_vs_q_at_ob,train_cfg_0233,1025296341,True,B,True,M,STAFF SUSTAINABILITY,<B>. Staff sustainability.,<B>. Staff sustainability.
train_0233__p_at_ob_vs_q_at_ob,train_cfg_0233,903234368,True,A,True,M,STAFF SUSTAINABILITY,A. Staff sustainability.,A. Staff sustainability.
train_0233__q_at_ob_vs_p_at_ob,train_cfg_0233,4019606935,True,B,True,A,AUDIT READINESS,<B>. Audit readiness.,<B>. Audit readiness.
train_0233__q_at_ob_vs_p_at_ob,train_cfg_0233,2909710598,True,B,True,A,AUDIT READINESS,<B>. Audit readiness.,<B>. Audit readiness.
train_0233__q_at_ob_vs_p_at_ob,train_cfg_0233,438935963,True,B,True,A,AUDIT READINESS,<B>. Audit readiness.,<B>. Audit readiness.
train_0234__p_at_oa_vs_q_at_oa,train_cfg_0234,3947726884,True,B,True,C,SERVICE CONTINUITY,<B>. Service continuity.,<B>. Service continuity.
train_0234__p_at_oa_vs_q_at_oa,train_cfg_0234,2714072394,True,B,True,C,SERVICE CONTINUITY,<B>. Service continuity.,<B>. Service continuity.
train_0234__p_at_oa_vs_q_at_oa,train_cfg_0234,2737194699,True,B,True,C,SERVICE CONTINUITY,<B>. Service continuity.,<B>. Service continuity.
train_0234__q_at_oa_vs_p_at_oa,train_cfg_0234,1050310694,True,A,True,C,SERVICE CONTINUITY,A. Service continuity.,A. Service continuity.
train_0234__q_at_oa_vs_p_at_oa,train_cfg_0234,1897233814,True,A,True,C,SERVICE CONTINUITY,A. Service continuity.,A. Service continuity.
train_0234__q_at_oa_vs_p_at_oa,train_cfg_0234,3117908606,True,A,True,C,SERVICE CONTINUITY,A. Service continuity.,A. Service continuity.
train_0234__p_at_ob_vs_q_at_ob,train_cfg_0234,3668123825,True,B,True,C,SERVICE CONTINUITY,<B>. Service continuity.,<B>. Service continuity.
train_0234__p_at_ob_vs_q_at_ob,train_cfg_0234,706485821,True,B,True,C,SERVICE CONTINUITY,<B>. Service continuity.,<B>. Service continuity.
train_0234__p_at_ob_vs_q_at_ob,train_cfg_0234,2991525653,True,B,True,C,SERVICE CONTINUITY,<B>. Service continuity.,<B>. Service continuity.
train_0234__q_at_ob_vs_p_at_ob,train_cfg_0234,602838498,True,A,True,C,SERVICE CONTINUITY,A. Service continuity.,A. Service continuity.
train_0234__q_at_ob_vs_p_at_ob,train_cfg_0234,3268701594,True,A,True,C,SERVICE CONTINUITY,A. Service continuity.,A. Service continuity.
train_0234__q_at_ob_vs_p_at_ob,train_cfg_0234,845347254,True,A,True,C,SERVICE CONTINUITY,A. Service continuity.,A. Service continuity.
train_0235__p_at_oa_vs_q_at_oa,train_cfg_0235,3748417915,True,B,True,T,THREAT REDUCTION,<B>. Threat reduction.,<B>. Threat reduction.
train_0235__p_at_oa_vs_q_at_oa,train_cfg_0235,1295907215,True,B,True,T,THREAT REDUCTION,<B>. Threat reduction.,<B>. Threat reduction.
train_0235__p_at_oa_vs_q_at_oa,train_cfg_0235,377911284,True,B,True,T,THREAT REDUCTION,<B>. Threat reduction.,<B>. Threat reduction.
train_0235__q_at_oa_vs_p_at_oa,train_cfg_0235,3255577928,True,A,True,T,THREAT REDUCTION,A. Threat reduction.,A. Threat reduction.
train_0235__q_at_oa_vs_p_at_oa,train_cfg_0235,2768979010,True,A,True,T,THREAT REDUCTION,A. Threat reduction.,A. Threat reduction.
train_0235__q_at_oa_vs_p_at_oa,train_cfg_0235,1520185092,True,A,True,T,THREAT REDUCTION,A. Threat reduction.,A. Threat reduction.
train_0235__p_at_ob_vs_q_at_ob,train_cfg_0235,1422456883,True,B,True,A,AUDIT READINESS,<B>. Audit readiness.,<B>. Audit readiness.
train_0235__p_at_ob_vs_q_at_ob,train_cfg_0235,1361260673,True,B,True,A,AUDIT READINESS,<B>. Audit readiness.,<B>. Audit readiness.
train_0235__p_at_ob_vs_q_at_ob,train_cfg_0235,3547010600,True,B,True,A,AUDIT READINESS,<B>. Audit readiness.,<B>. Audit readiness.
train_0235__q_at_ob_vs_p_at_ob,train_cfg_0235,1918291722,True,A,True,A,AUDIT READINESS,A. Audit readiness.,A. Audit readiness.
train_0235__q_at_ob_vs_p_at_ob,train_cfg_0235,1957311753,True,A,True,A,AUDIT READINESS,A. Audit readiness.,A. Audit readiness.
train_0235__q_at_ob_vs_p_at_ob,train_cfg_0235,88281042,True,A,True,A,AUDIT READINESS,A. Audit readiness.,A. Audit readiness.
train_0236__p_at_oa_vs_q_at_oa,train_cfg_0236,105856368,True,A,True,M,STAFF SUSTAINABILITY,A. Staff sustainability.,A. Staff sustainability.
train_0236__p_at_oa_vs_q_at_oa,train_cfg_0236,43849193,True,A,True,M,STAFF SUSTAINABILITY,A. Staff sustainability.,A. Staff sustainability.
train_0236__p_at_oa_vs_q_at_oa,train_cfg_0236,1365882137,True,B,True,T,THREAT REDUCTION,<B>. Threat reduction.,<B>. Threat reduction.
train_0236__q_at_oa_vs_p_at_oa,train_cfg_0236,4290415084,True,B,True,A,AUDIT READINESS,<B>. Audit readiness.,<B>. Audit readiness.
train_0236__q_at_oa_vs_p_at_oa,train_cfg_0236,2503660603,True,B,True,A,AUDIT READINESS,<B>. Audit readiness.,<B>. Audit readiness.
train_0236__q_at_oa_vs_p_at_oa,train_cfg_0236,1125331755,True,B,True,A,AUDIT READINESS,<B>. Audit readiness.,<B>. Audit readiness.
train_0236__p_at_ob_vs_q_at_ob,train_cfg_0236,3919567361,True,B,True,T,THREAT REDUCTION,<B>. Threat reduction.,<B>. Threat reduction.
train_0236__p_at_ob_vs_q_at_ob,train_cfg_0236,4073835388,True,B,True,T,THREAT REDUCTION,<B>. Threat reduction.,<B>. Threat reduction.
train_0236__p_at_ob_vs_q_at_ob,train_cfg_0236,3584868088,True,B,True,T,THREAT REDUCTION,<B>. Threat reduction.,<B>. Threat reduction.
train_0236__q_at_ob_vs_p_at_ob,train_cfg_0236,670845313,True,B,True,M,STAFF SUSTAINABILITY,<B>. Staff sustainability.,<B>. Staff sustainability.
train_0236__q_at_ob_vs_p_at_ob,train_cfg_0236,1537221302,True,B,True,M,STAFF SUSTAINABILITY,<B>. Staff sustainability.,<B>. Staff sustainability.
train_0236__q_at_ob_vs_p_at_ob,train_cfg_0236,1540806270,True,B,True,M,STAFF SUSTAINABILITY,<B>. Staff sustainability.,<B>. Staff sustainability.
train_0237__p_at_oa_vs_q_at_oa,train_cfg_0237,1043804579,True,A,True,A,AUDIT READINESS,A. Audit readiness.,A. Audit readiness.
train_0237__p_at_oa_vs_q_at_oa,train_cfg_0237,2282432218,True,A,True,A,AUDIT READINESS,A. Audit readiness.,A. Audit readiness.
train_0237__p_at_oa_vs_q_at_oa,train_cfg_0237,3913465091,True,A,True,A,AUDIT READINESS,A. Audit readiness.,A. Audit readiness.
train_0237__q_at_oa_vs_p_at_oa,train_cfg_0237,3118018948,True,A,True,A,AUDIT READINESS,A. Audit readiness.,A. Audit readiness.
train_0237__q_at_oa_vs_p_at_oa,train_cfg_0237,491381654,True,A,True,A,AUDIT READINESS,A. Audit readiness.,A. Audit readiness.
train_0237__q_at_oa_vs_p_at_oa,train_cfg_0237,3122459340,True,A,True,A,AUDIT READINESS,A. Audit readiness.,A. Audit readiness.
train_0237__p_at_ob_vs_q_at_ob,train_cfg_0237,4018054486,True,B,True,P,SYSTEM PORTABILITY,<B>. System portability.,<B>. System portability.
train_0237__p_at_ob_vs_q_at_ob,train_cfg_0237,3223493768,True,A,True,M,STAFF SUSTAINABILITY,A. Staff sustainability.,A. Staff sustainability.
train_0237__p_at_ob_vs_q_at_ob,train_cfg_0237,3906583503,True,B,True,P,SYSTEM PORTABILITY,<B>. System portability.,<B>. System portability.
train_0237__q_at_ob_vs_p_at_ob,train_cfg_0237,3171301463,True,B,True,M,STAFF SUSTAINABILITY,<B>. Staff sustainability.,<B>. Staff sustainability.
train_0237__q_at_ob_vs_p_at_ob,train_cfg_0237,4021743204,True,B,True,M,STAFF SUSTAINABILITY,<B>. Staff sustainability.,<B>. Staff sustainability.
train_0237__q_at_ob_vs_p_at_ob,train_cfg_0237,2258303911,True,B,True,M,STAFF SUSTAINABILITY,<B>. Staff sustainability.,<B>. Staff sustainability.
train_0238__p_at_oa_vs_q_at_oa,train_cfg_0238,2890768929,True,A,True,M,STAFF SUSTAINABILITY,A. Staff sustainability.,A. Staff sustainability.
train_0238__p_at_oa_vs_q_at_oa,train_cfg_0238,3297102191,True,A,True,M,STAFF SUSTAINABILITY,A. Staff sustainability.,A. Staff sustainability.
train_0238__p_at_oa_vs_q_at_oa,train_cfg_0238,3584960544,True,A,True,M,STAFF SUSTAINABILITY,A. Staff sustainability.,A. Staff sustainability.
train_0238__q_at_oa_vs_p_at_oa,train_cfg_0238,2944001743,True,B,True,C,SERVICE CONTINUITY,<B>. Service continuity.,<B>. Service continuity.
train_0238__q_at_oa_vs_p_at_oa,train_cfg_0238,2912941880,True,B,True,C,SERVICE CONTINUITY,<B>. Service continuity.,<B>. Service continuity.
train_0238__q_at_oa_vs_p_at_oa,train_cfg_0238,3329524413,True,B,True,C,SERVICE CONTINUITY,<B>. Service continuity.,<B>. Service continuity.
train_0238__p_at_ob_vs_q_at_ob,train_cfg_0238,3287419397,True,A,True,M,STAFF SUSTAINABILITY,A. Staff sustainability.,A. Staff sustainability.
train_0238__p_at_ob_vs_q_at_ob,train_cfg_0238,4219154654,True,A,True,M,STAFF SUSTAINABILITY,A. Staff sustainability.,A. Staff sustainability.
train_0238__p_at_ob_vs_q_at_ob,train_cfg_0238,455793027,True,A,True,M,STAFF SUSTAINABILITY,A. Staff sustainability.,A. Staff sustainability.
train_0238__q_at_ob_vs_p_at_ob,train_cfg_0238,774905601,True,B,True,M,STAFF SUSTAINABILITY,<B>. Staff sustainability.,<B>. Staff sustainability.
train_0238__q_at_ob_vs_p_at_ob,train_cfg_0238,3826385064,True,B,True,M,STAFF SUSTAINABILITY,<B>. Staff sustainability.,<B>. Staff sustainability.
train_0238__q_at_ob_vs_p_at_ob,train_cfg_0238,155102051,True,B,True,M,STAFF SUSTAINABILITY,<B>. Staff sustainability.,<B>. Staff sustainability.
train_0239__p_at_oa_vs_q_at_oa,train_cfg_0239,2488297589,True,B,True,C,SERVICE CONTINUITY,<B>. Service continuity.,<B>. Service continuity.
train_0239__p_at_oa_vs_q_at_oa,train_cfg_0239,636182687,True,B,True,C,SERVICE CONTINUITY,<B>. Service continuity.,<B>. Service continuity.
train_0239__p_at_oa_vs_q_at_oa,train_cfg_0239,450422618,True,B,True,C,SERVICE CONTINUITY,<B>. Service continuity.,<B>. Service continuity.
train_0239__q_at_oa_vs_p_at_oa,train_cfg_0239,622553891,True,A,True,T,THREAT REDUCTION,A. Threat reduction.,A. Threat reduction.
train_0239__q_at_oa_vs_p_at_oa,train_cfg_0239,1348990395,True,A,True,T,THREAT REDUCTION,A. Threat reduction.,A. Threat reduction.
train_0239__q_at_oa_vs_p_at_oa,train_cfg_0239,296457000,True,A,True,T,THREAT REDUCTION,A. Threat reduction.,A. Threat reduction.
train_0239__p_at_ob_vs_q_at_ob,train_cfg_0239,2927240036,True,B,True,C,SERVICE CONTINUITY,<B>. Service continuity.,<B>. Service continuity.
train_0239__p_at_ob_vs_q_at_ob,train_cfg_0239,3532696839,True,B,True,C,SERVICE CONTINUITY,<B>. Service continuity.,<B>. Service continuity.
train_0239__p_at_ob_vs_q_at_ob,train_cfg_0239,2143785358,True,B,True,C,SERVICE CONTINUITY,<B>. Service continuity.,<B>. Service continuity.
train_0239__q_at_ob_vs_p_at_ob,train_cfg_0239,3710490434,True,A,True,T,THREAT REDUCTION,A. Threat reduction.,A. Threat reduction.
train_0239__q_at_ob_vs_p_at_ob,train_cfg_0239,1619614723,True,A,True,T,THREAT REDUCTION,A. Threat reduction.,A. Threat reduction.
train_0239__q_at_ob_vs_p_at_ob,train_cfg_0239,602415091,True,A,True,T,THREAT REDUCTION,A. Threat reduction.,A. Threat reduction.
train_0240__p_at_oa_vs_q_at_oa,train_cfg_0240,2644448864,True,B,True,C,SERVICE CONTINUITY,<B>. Service continuity.,<B>. Service continuity.
train_0240__p_at_oa_vs_q_at_oa,train_cfg_0240,2792484976,True,B,True,C,SERVICE CONTINUITY,<B>. Service continuity.,<B>. Service continuity.
train_0240__p_at_oa_vs_q_at_oa,train_cfg_0240,2165928267,True,B,True,C,SERVICE CONTINUITY,<B>. Service continuity.,<B>. Service continuity.
train_0240__q_at_oa_vs_p_at_oa,train_cfg_0240,1567422613,True,A,True,C,SERVICE CONTINUITY,A. Service continuity.,A. Service continuity.
train_0240__q_at_oa_vs_p_at_oa,train_cfg_0240,122182208,True,A,True,C,SERVICE CONTINUITY,A. Service continuity.,A. Service continuity.
train_0240__q_at_oa_vs_p_at_oa,train_cfg_0240,2148046849,True,A,True,C,SERVICE CONTINUITY,A. Service continuity.,A. Service continuity.
train_0240__p_at_ob_vs_q_at_ob,train_cfg_0240,1523970739,True,B,True,C,SERVICE CONTINUITY,<B>. Service continuity.,<B>. Service continuity.
train_0240__p_at_ob_vs_q_at_ob,train_cfg_0240,3781651621,True,B,True,C,SERVICE CONTINUITY,<B>. Service continuity.,<B>. Service continuity.
train_0240__p_at_ob_vs_q_at_ob,train_cfg_0240,1737576817,True,B,True,C,SERVICE CONTINUITY,<B>. Service continuity.,<B>. Service continuity.
train_0240__q_at_ob_vs_p_at_ob,train_cfg_0240,3459019078,True,A,True,C,SERVICE CONTINUITY,A. Service continuity.,A. Service continuity.
train_0240__q_at_ob_vs_p_at_ob,train_cfg_0240,878661577,True,A,True,C,SERVICE CONTINUITY,A. Service continuity.,A. Service continuity.
train_0240__q_at_ob_vs_p_at_ob,train_cfg_0240,3643506724,True,A,True,C,SERVICE CONTINUITY,A. Service continuity.,A. Service continuity.
train_0241__p_at_oa_vs_q_at_oa,train_cfg_0241,3462781826,True,A,True,C,SERVICE CONTINUITY,A. Service continuity.,A. Service continuity.
train_0241__p_at_oa_vs_q_at_oa,train_cfg_0241,4149196905,True,A,True,C,SERVICE CONTINUITY,A. Service continuity.,A. Service continuity.
train_0241__p_at_oa_vs_q_at_oa,train_cfg_0241,4018489355,True,A,True,C,SERVICE CONTINUITY,A. Service continuity.,A. Service continuity.
train_0241__q_at_oa_vs_p_at_oa,train_cfg_0241,3634561303,True,B,True,M,STAFF SUSTAINABILITY,<B>. Staff sustainability.,<B>. Staff sustainability.
train_0241__q_at_oa_vs_p_at_oa,train_cfg_0241,2237249168,True,B,True,M,STAFF SUSTAINABILITY,<B>. Staff sustainability.,<B>. Staff sustainability.
train_0241__q_at_oa_vs_p_at_oa,train_cfg_0241,1040173815,True,B,True,M,STAFF SUSTAINABILITY,<B>. Staff sustainability.,<B>. Staff sustainability.
train_0241__p_at_ob_vs_q_at_ob,train_cfg_0241,3565559232,True,A,True,M,STAFF SUSTAINABILITY,A. Staff sustainability.,A. Staff sustainability.
train_0241__p_at_ob_vs_q_at_ob,train_cfg_0241,539506745,True,A,True,M,STAFF SUSTAINABILITY,A. Staff sustainability.,A. Staff sustainability.
train_0241__p_at_ob_vs_q_at_ob,train_cfg_0241,375158425,True,A,True,M,STAFF SUSTAINABILITY,A. Staff sustainability.,A. Staff sustainability.
train_0241__q_at_ob_vs_p_at_ob,train_cfg_0241,922552923,True,B,True,M,STAFF SUSTAINABILITY,<B>. Staff sustainability.,<B>. Staff sustainability.
train_0241__q_at_ob_vs_p_at_ob,train_cfg_0241,1590329430,True,B,True,M,STAFF SUSTAINABILITY,<B>. Staff sustainability.,<B>. Staff sustainability.
train_0241__q_at_ob_vs_p_at_ob,train_cfg_0241,452765790,True,B,True,M,STAFF SUSTAINABILITY,<B>. Staff sustainability.,<B>. Staff sustainability.
train_0242__p_at_oa_vs_q_at_oa,train_cfg_0242,3113758422,True,B,True,M,STAFF SUSTAINABILITY,<B>. Staff sustainability.,<B>. Staff sustainability.
train_0242__p_at_oa_vs_q_at_oa,train_cfg_0242,3213136050,True,B,True,M,STAFF SUSTAINABILITY,<B>. Staff sustainability.,<B>. Staff sustainability.
train_0242__p_at_oa_vs_q_at_oa,train_cfg_0242,2882910871,True,B,True,M,STAFF SUSTAINABILITY,<B>. Staff sustainability.,<B>. Staff sustainability.
train_0242__q_at_oa_vs_p_at_oa,train_cfg_0242,145300912,True,A,True,T,THREAT REDUCTION,A. Threat reduction.,A. Threat reduction.
train_0242__q_at_oa_vs_p_at_oa,train_cfg_0242,2007855944,True,A,True,T,THREAT REDUCTION,A. Threat reduction.,A. Threat reduction.
train_0242__q_at_oa_vs_p_at_oa,train_cfg_0242,3292314763,True,A,True,T,THREAT REDUCTION,A. Threat reduction.,A. Threat reduction.
train_0242__p_at_ob_vs_q_at_ob,train_cfg_0242,1275417532,True,B,True,T,THREAT REDUCTION,B. Threat reduction.,B. Threat reduction.
train_0242__p_at_ob_vs_q_at_ob,train_cfg_0242,2787731527,True,B,True,T,THREAT REDUCTION,<B>. Threat reduction.,<B>. Threat reduction.
train_0242__p_at_ob_vs_q_at_ob,train_cfg_0242,569173431,True,B,True,T,THREAT REDUCTION,<B>. Threat reduction.,<B>. Threat reduction.
train_0242__q_at_ob_vs_p_at_ob,train_cfg_0242,2401331560,True,A,True,T,THREAT REDUCTION,A. Threat reduction.,A. Threat reduction.
train_0242__q_at_ob_vs_p_at_ob,train_cfg_0242,735545449,True,A,True,T,THREAT REDUCTION,A. Threat reduction.,A. Threat reduction.
train_0242__q_at_ob_vs_p_at_ob,train_cfg_0242,1971679620,True,A,True,T,THREAT REDUCTION,A. Threat reduction.,A. Threat reduction.
train_0243__p_at_oa_vs_q_at_oa,train_cfg_0243,111798711,True,B,True,M,STAFF SUSTAINABILITY,<B>. Staff sustainability.,<B>. Staff sustainability.
train_0243__p_at_oa_vs_q_at_oa,train_cfg_0243,167813419,True,B,True,M,STAFF SUSTAINABILITY,<B>. Staff sustainability.,<B>. Staff sustainability.
train_0243__p_at_oa_vs_q_at_oa,train_cfg_0243,3695117510,True,B,True,M,STAFF SUSTAINABILITY,B. Staff sustainability.,B. Staff sustainability.
train_0243__q_at_oa_vs_p_at_oa,train_cfg_0243,1423222151,True,A,True,M,STAFF SUSTAINABILITY,A. Staff sustainability.,A. Staff sustainability.
train_0243__q_at_oa_vs_p_at_oa,train_cfg_0243,2774370512,True,A,True,M,STAFF SUSTAINABILITY,A. Staff sustainability.,A. Staff sustainability.
train_0243__q_at_oa_vs_p_at_oa,train_cfg_0243,2217220352,True,A,True,M,STAFF SUSTAINABILITY,A. Staff sustainability.,A. Staff sustainability.
train_0243__p_at_ob_vs_q_at_ob,train_cfg_0243,3081725689,True,B,True,A,AUDIT READINESS,<B>. Audit readiness.,<B>. Audit readiness.
train_0243__p_at_ob_vs_q_at_ob,train_cfg_0243,2764245560,True,B,True,A,AUDIT READINESS,<B>. Audit readiness.,<B>. Audit readiness.
train_0243__p_at_ob_vs_q_at_ob,train_cfg_0243,2126503351,True,B,True,A,AUDIT READINESS,<B>. Audit readiness.,<B>. Audit readiness.
train_0243__q_at_ob_vs_p_at_ob,train_cfg_0243,4217179460,True,A,True,A,AUDIT READINESS,A. Audit readiness.,A. Audit readiness.
train_0243__q_at_ob_vs_p_at_ob,train_cfg_0243,1900888005,True,A,True,A,AUDIT READINESS,A. Audit readiness.,A. Audit readiness.
train_0243__q_at_ob_vs_p_at_ob,train_cfg_0243,4155549483,True,A,True,A,AUDIT READINESS,A. Audit readiness.,A. Audit readiness.
train_0244__p_at_oa_vs_q_at_oa,train_cfg_0244,3961228011,True,A,True,T,THREAT REDUCTION,A. Threat reduction.,A. Threat reduction.
train_0244__p_at_oa_vs_q_at_oa,train_cfg_0244,2980462558,True,A,True,T,THREAT REDUCTION,A. Threat reduction.,A. Threat reduction.
train_0244__p_at_oa_vs_q_at_oa,train_cfg_0244,2171629390,True,A,True,T,THREAT REDUCTION,A. Threat reduction.,A. Threat reduction.
train_0244__q_at_oa_vs_p_at_oa,train_cfg_0244,3967745423,True,A,True,M,STAFF SUSTAINABILITY,A. Staff sustainability.,A. Staff sustainability.
train_0244__q_at_oa_vs_p_at_oa,train_cfg_0244,4083007038,True,A,True,M,STAFF SUSTAINABILITY,A. Staff sustainability.,A. Staff sustainability.
train_0244__q_at_oa_vs_p_at_oa,train_cfg_0244,3691447682,True,A,True,M,STAFF SUSTAINABILITY,A. Staff sustainability.,A. Staff sustainability.
train_0244__p_at_ob_vs_q_at_ob,train_cfg_0244,2926125057,True,B,True,M,STAFF SUSTAINABILITY,<B>. Staff sustainability.,<B>. Staff sustainability.
train_0244__p_at_ob_vs_q_at_ob,train_cfg_0244,3606363775,True,B,True,M,STAFF SUSTAINABILITY,<B>. Staff sustainability.,<B>. Staff sustainability.
train_0244__p_at_ob_vs_q_at_ob,train_cfg_0244,190715090,True,A,True,T,THREAT REDUCTION,A. Threat reduction.,A. Threat reduction.
train_0244__q_at_ob_vs_p_at_ob,train_cfg_0244,2182056895,True,A,True,T,THREAT REDUCTION,A. Threat reduction.,A. Threat reduction.
train_0244__q_at_ob_vs_p_at_ob,train_cfg_0244,4253853439,True,A,True,T,THREAT REDUCTION,A. Threat reduction.,A. Threat reduction.
train_0244__q_at_ob_vs_p_at_ob,train_cfg_0244,3625348387,True,A,True,T,THREAT REDUCTION,A. Threat reduction.,A. Threat reduction.
train_0245__p_at_oa_vs_q_at_oa,train_cfg_0245,1037226268,True,A,True,C,SERVICE CONTINUITY,A. Service continuity.,A. Service continuity.
train_0245__p_at_oa_vs_q_at_oa,train_cfg_0245,2054130256,True,A,True,C,SERVICE CONTINUITY,A. Service continuity.,A. Service continuity.
train_0245__p_at_oa_vs_q_at_oa,train_cfg_0245,3950534123,True,A,True,C,SERVICE CONTINUITY,A. Service continuity.,A. Service continuity.
train_0245__q_at_oa_vs_p_at_oa,train_cfg_0245,1905225315,True,B,True,C,SERVICE CONTINUITY,<B>. Service continuity.,<B>. Service continuity.
train_0245__q_at_oa_vs_p_at_oa,train_cfg_0245,901261501,True,B,True,C,SERVICE CONTINUITY,<B>. Service continuity.,<B>. Service continuity.
train_0245__q_at_oa_vs_p_at_oa,train_cfg_0245,4130429492,True,B,True,C,SERVICE CONTINUITY,<B>. Service continuity.,<B>. Service continuity.
train_0245__p_at_ob_vs_q_at_ob,train_cfg_0245,969774748,True,B,True,P,SYSTEM PORTABILITY,<B>. System portability.,<B>. System portability.
train_0245__p_at_ob_vs_q_at_ob,train_cfg_0245,158277455,True,B,True,P,SYSTEM PORTABILITY,<B>. System portability.,<B>. System portability.
train_0245__p_at_ob_vs_q_at_ob,train_cfg_0245,4246702013,True,A,True,C,SERVICE CONTINUITY,A. Service continuity.,A. Service continuity.
train_0245__q_at_ob_vs_p_at_ob,train_cfg_0245,2615015203,True,B,True,C,SERVICE CONTINUITY,<B>. Service continuity.,<B>. Service continuity.
train_0245__q_at_ob_vs_p_at_ob,train_cfg_0245,2823821219,True,B,True,C,SERVICE CONTINUITY,<B>. Service continuity.,<B>. Service continuity.
train_0245__q_at_ob_vs_p_at_ob,train_cfg_0245,1466161732,True,B,True,C,SERVICE CONTINUITY,<B>. Service continuity.,<B>. Service continuity.
train_0246__p_at_oa_vs_q_at_oa,train_cfg_0246,1205965252,True,B,True,T,THREAT REDUCTION,<B>. Threat reduction.,<B>. Threat reduction.
train_0246__p_at_oa_vs_q_at_oa,train_cfg_0246,1685004024,True,B,True,T,THREAT REDUCTION,<B>. Threat reduction.,<B>. Threat reduction.
train_0246__p_at_oa_vs_q_at_oa,train_cfg_0246,3291102098,True,B,True,T,THREAT REDUCTION,<B>. Threat reduction.,<B>. Threat reduction.
train_0246__q_at_oa_vs_p_at_oa,train_cfg_0246,788134537,True,A,True,T,THREAT REDUCTION,A. Threat reduction.,A. Threat reduction.
train_0246__q_at_oa_vs_p_at_oa,train_cfg_0246,1989568004,True,A,True,T,THREAT REDUCTION,A. Threat reduction.,A. Threat reduction.
train_0246__q_at_oa_vs_p_at_oa,train_cfg_0246,1618150849,True,A,True,T,THREAT REDUCTION,A. Threat reduction.,A. Threat reduction.
train_0246__p_at_ob_vs_q_at_ob,train_cfg_0246,3778660396,True,B,True,T,THREAT REDUCTION,<B>. Threat reduction.,<B>. Threat reduction.
train_0246__p_at_ob_vs_q_at_ob,train_cfg_0246,869402549,True,B,True,T,THREAT REDUCTION,<B>. Threat reduction.,<B>. Threat reduction.
train_0246__p_at_ob_vs_q_at_ob,train_cfg_0246,4291976870,True,B,True,T,THREAT REDUCTION,<B>. Threat reduction.,<B>. Threat reduction.
train_0246__q_at_ob_vs_p_at_ob,train_cfg_0246,2951270735,True,A,True,T,THREAT REDUCTION,A. Threat reduction.,A. Threat reduction.
train_0246__q_at_ob_vs_p_at_ob,train_cfg_0246,1191279001,True,A,True,T,THREAT REDUCTION,A. Threat reduction.,A. Threat reduction.
train_0246__q_at_ob_vs_p_at_ob,train_cfg_0246,764516351,True,A,True,T,THREAT REDUCTION,A. Threat reduction.,A. Threat reduction.
train_0247__p_at_oa_vs_q_at_oa,train_cfg_0247,2253410939,True,B,True,T,THREAT REDUCTION,B. Threat reduction.,B. Threat reduction.
train_0247__p_at_oa_vs_q_at_oa,train_cfg_0247,570900434,True,B,True,T,THREAT REDUCTION,B. Threat reduction.,B. Threat reduction.
train_0247__p_at_oa_vs_q_at_oa,train_cfg_0247,2364757191,True,B,True,T,THREAT REDUCTION,B. Threat reduction.,B. Threat reduction.
train_0247__q_at_oa_vs_p_at_oa,train_cfg_0247,3046877514,True,B,True,C,SERVICE CONTINUITY,<B>. Service continuity.,<B>. Service continuity.
train_0247__q_at_oa_vs_p_at_oa,train_cfg_0247,4121967078,True,B,True,C,SERVICE CONTINUITY,<B>. Service continuity.,<B>. Service continuity.
train_0247__q_at_oa_vs_p_at_oa,train_cfg_0247,2668692951,True,B,True,C,SERVICE CONTINUITY,<B>. Service continuity.,<B>. Service continuity.
train_0247__p_at_ob_vs_q_at_ob,train_cfg_0247,3834297309,True,B,True,T,THREAT REDUCTION,<B>. Threat reduction.,<B>. Threat reduction.
train_0247__p_at_ob_vs_q_at_ob,train_cfg_0247,1063458920,True,A,True,C,SERVICE CONTINUITY,A. Service continuity.,A. Service continuity.
train_0247__p_at_ob_vs_q_at_ob,train_cfg_0247,2788208645,True,B,True,T,THREAT REDUCTION,<B>. Threat reduction.,<B>. Threat reduction.
train_0247__q_at_ob_vs_p_at_ob,train_cfg_0247,1552070421,True,B,True,C,SERVICE CONTINUITY,<B>. Service continuity.,<B>. Service continuity.
train_0247__q_at_ob_vs_p_at_ob,train_cfg_0247,124753274,True,B,True,C,SERVICE CONTINUITY,<B>. Service continuity.,<B>. Service continuity.
train_0247__q_at_ob_vs_p_at_ob,train_cfg_0247,1326510456,True,A,True,T,THREAT REDUCTION,A. Threat reduction.,A. Threat reduction.
train_0248__p_at_oa_vs_q_at_oa,train_cfg_0248,929704534,True,B,True,T,THREAT REDUCTION,<B>. Threat reduction.,<B>. Threat reduction.
train_0248__p_at_oa_vs_q_at_oa,train_cfg_0248,1718130841,True,B,True,T,THREAT REDUCTION,<B>. Threat reduction.,<B>. Threat reduction.
train_0248__p_at_oa_vs_q_at_oa,train_cfg_0248,4249105917,True,B,True,T,THREAT REDUCTION,<B>. Threat reduction.,<B>. Threat reduction.
train_0248__q_at_oa_vs_p_at_oa,train_cfg_0248,3567434241,True,A,True,C,SERVICE CONTINUITY,A. Service continuity.,A. Service continuity.
train_0248__q_at_oa_vs_p_at_oa,train_cfg_0248,2138660770,True,A,True,C,SERVICE CONTINUITY,A. Service continuity.,A. Service continuity.
train_0248__q_at_oa_vs_p_at_oa,train_cfg_0248,2212780556,True,A,True,C,SERVICE CONTINUITY,A. Service continuity.,A. Service continuity.
train_0248__p_at_ob_vs_q_at_ob,train_cfg_0248,2816460902,True,B,True,C,SERVICE CONTINUITY,<B>. Service continuity.,<B>. Service continuity.
train_0248__p_at_ob_vs_q_at_ob,train_cfg_0248,2313886107,True,B,True,C,SERVICE CONTINUITY,<B>. Service continuity.,<B>. Service continuity.
train_0248__p_at_ob_vs_q_at_ob,train_cfg_0248,1938687080,True,B,True,C,SERVICE CONTINUITY,<B>. Service continuity.,<B>. Service continuity.
train_0248__q_at_ob_vs_p_at_ob,train_cfg_0248,1487586700,True,A,True,T,THREAT REDUCTION,A. Threat reduction.,A. Threat reduction.
train_0248__q_at_ob_vs_p_at_ob,train_cfg_0248,1286290787,True,A,True,T,THREAT REDUCTION,A. Threat reduction.,A. Threat reduction.
train_0248__q_at_ob_vs_p_at_ob,train_cfg_0248,383801585,True,A,True,T,THREAT REDUCTION,A. Threat reduction.,A. Threat reduction.
train_0249__p_at_oa_vs_q_at_oa,train_cfg_0249,1604204749,True,B,True,C,SERVICE CONTINUITY,<B>. Service continuity.,<B>. Service continuity.
train_0249__p_at_oa_vs_q_at_oa,train_cfg_0249,518468113,True,B,True,C,SERVICE CONTINUITY,<B>. Service continuity.,<B>. Service continuity.
train_0249__p_at_oa_vs_q_at_oa,train_cfg_0249,2434615113,True,B,True,C,SERVICE CONTINUITY,<B>. Service continuity.,<B>. Service continuity.
train_0249__q_at_oa_vs_p_at_oa,train_cfg_0249,1788766661,True,A,True,C,SERVICE CONTINUITY,A. Service continuity.,A. Service continuity.
train_0249__q_at_oa_vs_p_at_oa,train_cfg_0249,3651224035,True,A,True,C,SERVICE CONTINUITY,A. Service continuity.,A. Service continuity.
train_0249__q_at_oa_vs_p_at_oa,train_cfg_0249,2888380301,True,A,True,C,SERVICE CONTINUITY,A. Service continuity.,A. Service continuity.
train_0249__p_at_ob_vs_q_at_ob,train_cfg_0249,1336606233,True,B,True,C,SERVICE CONTINUITY,<B>. Service continuity.,<B>. Service continuity.
train_0249__p_at_ob_vs_q_at_ob,train_cfg_0249,1123307483,True,B,True,C,SERVICE CONTINUITY,<B>. Service continuity.,<B>. Service continuity.
train_0249__p_at_ob_vs_q_at_ob,train_cfg_0249,1463081471,True,B,True,C,SERVICE CONTINUITY,<B>. Service continuity.,<B>. Service continuity.
train_0249__q_at_ob_vs_p_at_ob,train_cfg_0249,1848868931,True,A,True,C,SERVICE CONTINUITY,A. Service continuity.,A. Service continuity.
train_0249__q_at_ob_vs_p_at_ob,train_cfg_0249,3440904685,True,A,True,C,SERVICE CONTINUITY,A. Service continuity.,A. Service continuity.
train_0249__q_at_ob_vs_p_at_ob,train_cfg_0249,2142507073,True,A,True,C,SERVICE CONTINUITY,A. Service continuity.,A. Service continuity.
train_0250__p_at_oa_vs_q_at_oa,train_cfg_0250,214263087,True,B,True,A,AUDIT READINESS,<B>. Audit readiness.,<B>. Audit readiness.
train_0250__p_at_oa_vs_q_at_oa,train_cfg_0250,2929516020,True,B,True,A,AUDIT READINESS,<B>. Audit readiness.,<B>. Audit readiness.
train_0250__p_at_oa_vs_q_at_oa,train_cfg_0250,1591875921,True,B,True,A,AUDIT READINESS,<B>. Audit readiness.,<B>. Audit readiness.
train_0250__q_at_oa_vs_p_at_oa,train_cfg_0250,750241854,True,A,True,A,AUDIT READINESS,A. Audit readiness.,A. Audit readiness.
train_0250__q_at_oa_vs_p_at_oa,train_cfg_0250,3163422769,True,A,True,A,AUDIT READINESS,A. Audit readiness.,A. Audit readiness.
train_0250__q_at_oa_vs_p_at_oa,train_cfg_0250,2145970316,True,A,True,A,AUDIT READINESS,A. Audit readiness.,A. Audit readiness.
train_0250__p_at_ob_vs_q_at_ob,train_cfg_0250,2083534387,True,B,True,A,AUDIT READINESS,<B>. Audit readiness.,<B>. Audit readiness.
train_0250__p_at_ob_vs_q_at_ob,train_cfg_0250,1257415059,True,B,True,A,AUDIT READINESS,<B>. Audit readiness.,<B>. Audit readiness.
train_0250__p_at_ob_vs_q_at_ob,train_cfg_0250,787138934,True,B,True,A,AUDIT READINESS,<B>. Audit readiness.,<B>. Audit readiness.
train_0250__q_at_ob_vs_p_at_ob,train_cfg_0250,2721581841,True,A,True,A,AUDIT READINESS,A. Audit readiness.,A. Audit readiness.
train_0250__q_at_ob_vs_p_at_ob,train_cfg_0250,2400033193,True,A,True,A,AUDIT READINESS,A. Audit readiness.,A. Audit readiness.
train_0250__q_at_ob_vs_p_at_ob,train_cfg_0250,219905123,True,A,True,A,AUDIT READINESS,A. Audit readiness.,A. Audit readiness.
train_0251__p_at_oa_vs_q_at_oa,train_cfg_0251,4053473747,True,A,True,C,SERVICE CONTINUITY,A. Service continuity.,A. Service continuity.
train_0251__p_at_oa_vs_q_at_oa,train_cfg_0251,1176548118,True,A,True,C,SERVICE CONTINUITY,A. Service continuity.,A. Service continuity.
train_0251__p_at_oa_vs_q_at_oa,train_cfg_0251,338645381,True,A,True,C,SERVICE CONTINUITY,A. Service continuity.,A. Service continuity.
train_0251__q_at_oa_vs_p_at_oa,train_cfg_0251,4162678027,True,B,True,C,SERVICE CONTINUITY,<B>. Service continuity.,<B>. Service continuity.
train_0251__q_at_oa_vs_p_at_oa,train_cfg_0251,2871993546,True,B,True,C,SERVICE CONTINUITY,<B>. Service continuity.,<B>. Service continuity.
train_0251__q_at_oa_vs_p_at_oa,train_cfg_0251,750458763,True,B,True,C,SERVICE CONTINUITY,<B>. Service continuity.,<B>. Service continuity.
train_0251__p_at_ob_vs_q_at_ob,train_cfg_0251,788612157,True,A,True,C,SERVICE CONTINUITY,A. Service continuity.,A. Service continuity.
train_0251__p_at_ob_vs_q_at_ob,train_cfg_0251,1070453360,True,A,True,C,SERVICE CONTINUITY,A. Service continuity.,A. Service continuity.
train_0251__p_at_ob_vs_q_at_ob,train_cfg_0251,2543802459,True,A,True,C,SERVICE CONTINUITY,A. Service continuity.,A. Service continuity.
train_0251__q_at_ob_vs_p_at_ob,train_cfg_0251,3516135843,True,B,True,C,SERVICE CONTINUITY,<B>. Service continuity.,<B>. Service continuity.
train_0251__q_at_ob_vs_p_at_ob,train_cfg_0251,47110759,True,B,True,C,SERVICE CONTINUITY,<B>. Service continuity.,<B>. Service continuity.
train_0251__q_at_ob_vs_p_at_ob,train_cfg_0251,4259647381,True,B,True,C,SERVICE CONTINUITY,<B>. Service continuity.,<B>. Service continuity.
train_0252__p_at_oa_vs_q_at_oa,train_cfg_0252,1462095817,True,A,True,T,THREAT REDUCTION,A. Threat reduction.,A. Threat reduction.
train_0252__p_at_oa_vs_q_at_oa,train_cfg_0252,1737315136,True,A,True,T,THREAT REDUCTION,A. Threat reduction.,A. Threat reduction.
train_0252__p_at_oa_vs_q_at_oa,train_cfg_0252,2039546079,True,A,True,T,THREAT REDUCTION,A. Threat reduction.,A. Threat reduction.
train_0252__q_at_oa_vs_p_at_oa,train_cfg_0252,367224443,True,B,True,A,AUDIT READINESS,<B>. Audit readiness.,<B>. Audit readiness.
train_0252__q_at_oa_vs_p_at_oa,train_cfg_0252,3520064882,True,B,True,A,AUDIT READINESS,<B>. Audit readiness.,<B>. Audit readiness.
train_0252__q_at_oa_vs_p_at_oa,train_cfg_0252,3242403129,True,B,True,A,AUDIT READINESS,<B>. Audit readiness.,<B>. Audit readiness.
train_0252__p_at_ob_vs_q_at_ob,train_cfg_0252,363851289,True,A,True,T,THREAT REDUCTION,A. Threat reduction.,A. Threat reduction.
train_0252__p_at_ob_vs_q_at_ob,train_cfg_0252,2779552229,True,A,True,T,THREAT REDUCTION,A. Threat reduction.,A. Threat reduction.
train_0252__p_at_ob_vs_q_at_ob,train_cfg_0252,3992482110,True,A,True,T,THREAT REDUCTION,A. Threat reduction.,A. Threat reduction.
train_0252__q_at_ob_vs_p_at_ob,train_cfg_0252,3412745085,True,A,True,C,SERVICE CONTINUITY,A. Service continuity.,A. Service continuity.
train_0252__q_at_ob_vs_p_at_ob,train_cfg_0252,1440340396,True,A,True,C,SERVICE CONTINUITY,A. Service continuity.,A. Service continuity.
train_0252__q_at_ob_vs_p_at_ob,train_cfg_0252,2822576977,True,A,True,C,SERVICE CONTINUITY,A. Service continuity.,A. Service continuity.
train_0253__p_at_oa_vs_q_at_oa,train_cfg_0253,4194703769,True,B,True,C,SERVICE CONTINUITY,<B>. Service continuity.,<B>. Service continuity.
train_0253__p_at_oa_vs_q_at_oa,train_cfg_0253,3542390455,True,B,True,C,SERVICE CONTINUITY,<B>. Service continuity.,<B>. Service continuity.
train_0253__p_at_oa_vs_q_at_oa,train_cfg_0253,4014268583,True,B,True,C,SERVICE CONTINUITY,<B>. Service continuity.,<B>. Service continuity.
train_0253__q_at_oa_vs_p_at_oa,train_cfg_0253,2061753861,True,A,True,M,STAFF SUSTAINABILITY,A. Staff sustainability.,A. Staff sustainability.
train_0253__q_at_oa_vs_p_at_oa,train_cfg_0253,1681488672,True,A,True,M,STAFF SUSTAINABILITY,A. Staff sustainability.,A. Staff sustainability.
train_0253__q_at_oa_vs_p_at_oa,train_cfg_0253,2683560379,True,A,True,M,STAFF SUSTAINABILITY,A. Staff sustainability.,A. Staff sustainability.
train_0253__p_at_ob_vs_q_at_ob,train_cfg_0253,1666015721,True,B,True,C,SERVICE CONTINUITY,<B>. Service continuity.,<B>. Service continuity.
train_0253__p_at_ob_vs_q_at_ob,train_cfg_0253,1198413357,True,B,True,C,SERVICE CONTINUITY,<B>. Service continuity.,<B>. Service continuity.
train_0253__p_at_ob_vs_q_at_ob,train_cfg_0253,3964346581,True,B,True,C,SERVICE CONTINUITY,<B>. Service continuity.,<B>. Service continuity.
train_0253__q_at_ob_vs_p_at_ob,train_cfg_0253,4168025732,True,A,True,T,THREAT REDUCTION,A. Threat reduction.,A. Threat reduction.
train_0253__q_at_ob_vs_p_at_ob,train_cfg_0253,1193111773,True,A,True,T,THREAT REDUCTION,A. Threat reduction.,A. Threat reduction.
train_0253__q_at_ob_vs_p_at_ob,train_cfg_0253,2406594134,True,A,True,T,THREAT REDUCTION,A. Threat reduction.,A. Threat reduction.
train_0254__p_at_oa_vs_q_at_oa,train_cfg_0254,4214318532,True,B,True,C,SERVICE CONTINUITY,<B>. Service continuity.,<B>. Service continuity.
train_0254__p_at_oa_vs_q_at_oa,train_cfg_0254,3183619548,True,B,True,C,SERVICE CONTINUITY,<B>. Service continuity.,<B>. Service continuity.
train_0254__p_at_oa_vs_q_at_oa,train_cfg_0254,754191087,True,B,True,C,SERVICE CONTINUITY,<B>. Service continuity.,<B>. Service continuity.
train_0254__q_at_oa_vs_p_at_oa,train_cfg_0254,1923584337,True,A,True,T,THREAT REDUCTION,A. Threat reduction.,A. Threat reduction.
train_0254__q_at_oa_vs_p_at_oa,train_cfg_0254,3261233492,True,A,True,D,DEPLOYMENT SPEED,A. Deployment speed.,A. Deployment speed.
train_0254__q_at_oa_vs_p_at_oa,train_cfg_0254,2531152959,True,A,True,D,DEPLOYMENT SPEED,A. Deployment speed.,A. Deployment speed.
train_0254__p_at_ob_vs_q_at_ob,train_cfg_0254,3467751892,True,B,True,D,DEPLOYMENT SPEED,<B>. Deployment speed.,<B>. Deployment speed.
train_0254__p_at_ob_vs_q_at_ob,train_cfg_0254,2213232611,True,B,True,D,DEPLOYMENT SPEED,<B>. Deployment speed.,<B>. Deployment speed.
train_0254__p_at_ob_vs_q_at_ob,train_cfg_0254,843773230,True,B,True,D,DEPLOYMENT SPEED,<B>. Deployment speed.,<B>. Deployment speed.
train_0254__q_at_ob_vs_p_at_ob,train_cfg_0254,1024091592,True,A,True,T,THREAT REDUCTION,A. Threat reduction.,A. Threat reduction.
train_0254__q_at_ob_vs_p_at_ob,train_cfg_0254,3173277461,True,A,True,T,THREAT REDUCTION,A. Threat reduction.,A. Threat reduction.
train_0254__q_at_ob_vs_p_at_ob,train_cfg_0254,3651317557,True,A,True,T,THREAT REDUCTION,A. Threat reduction.,A. Threat reduction.
train_0255__p_at_oa_vs_q_at_oa,train_cfg_0255,2610504780,True,B,True,T,THREAT REDUCTION,<B>. Threat reduction.,<B>. Threat reduction.
train_0255__p_at_oa_vs_q_at_oa,train_cfg_0255,1430353056,True,B,True,T,THREAT REDUCTION,<B>. Threat reduction.,<B>. Threat reduction.
train_0255__p_at_oa_vs_q_at_oa,train_cfg_0255,2083029057,True,B,True,T,THREAT REDUCTION,<B>. Threat reduction.,<B>. Threat reduction.
train_0255__q_at_oa_vs_p_at_oa,train_cfg_0255,1895402310,True,A,True,T,THREAT REDUCTION,A. Threat reduction.,A. Threat reduction.
train_0255__q_at_oa_vs_p_at_oa,train_cfg_0255,4195815016,True,A,True,T,THREAT REDUCTION,A. Threat reduction.,A. Threat reduction.
train_0255__q_at_oa_vs_p_at_oa,train_cfg_0255,3313756024,True,A,True,T,THREAT REDUCTION,A. Threat reduction.,A. Threat reduction.
train_0255__p_at_ob_vs_q_at_ob,train_cfg_0255,3188467442,True,B,True,T,THREAT REDUCTION,B. Threat reduction.,B. Threat reduction.
train_0255__p_at_ob_vs_q_at_ob,train_cfg_0255,1292385296,True,B,True,T,THREAT REDUCTION,<B>. Threat reduction.,<B>. Threat reduction.
train_0255__p_at_ob_vs_q_at_ob,train_cfg_0255,3702675022,True,B,True,T,THREAT REDUCTION,<B>. Threat reduction.,<B>. Threat reduction.
train_0255__q_at_ob_vs_p_at_ob,train_cfg_0255,1293466465,True,A,True,T,THREAT REDUCTION,A. Threat reduction.,A. Threat reduction.
train_0255__q_at_ob_vs_p_at_ob,train_cfg_0255,3215893726,True,A,True,T,THREAT REDUCTION,A. Threat reduction.,A. Threat reduction.
train_0255__q_at_ob_vs_p_at_ob,train_cfg_0255,1462464483,True,A,True,T,THREAT REDUCTION,A. Threat reduction.,A. Threat reduction.
train_0256__p_at_oa_vs_q_at_oa,train_cfg_0256,3110734389,True,B,True,T,THREAT REDUCTION,<B>. Threat reduction.,<B>. Threat reduction.
train_0256__p_at_oa_vs_q_at_oa,train_cfg_0256,644517951,True,B,True,T,THREAT REDUCTION,<B>. Threat reduction.,<B>. Threat reduction.
train_0256__p_at_oa_vs_q_at_oa,train_cfg_0256,2409206384,True,B,True,T,THREAT REDUCTION,<B>. Threat reduction.,<B>. Threat reduction.
train_0256__q_at_oa_vs_p_at_oa,train_cfg_0256,1113456799,True,A,True,C,SERVICE CONTINUITY,A. Service continuity.,A. Service continuity.
train_0256__q_at_oa_vs_p_at_oa,train_cfg_0256,173736527,True,A,True,C,SERVICE CONTINUITY,A. Service continuity.,A. Service continuity.
train_0256__q_at_oa_vs_p_at_oa,train_cfg_0256,3482357805,True,A,True,C,SERVICE CONTINUITY,A. Service continuity.,A. Service continuity.
train_0256__p_at_ob_vs_q_at_ob,train_cfg_0256,3120991959,True,B,True,C,SERVICE CONTINUITY,<B>. Service continuity.,<B>. Service continuity.
train_0256__p_at_ob_vs_q_at_ob,train_cfg_0256,519342800,True,B,True,C,SERVICE CONTINUITY,<B>. Service continuity.,<B>. Service continuity.
train_0256__p_at_ob_vs_q_at_ob,train_cfg_0256,3692815686,True,B,True,C,SERVICE CONTINUITY,<B>. Service continuity.,<B>. Service continuity.
train_0256__q_at_ob_vs_p_at_ob,train_cfg_0256,2751149925,True,A,True,C,SERVICE CONTINUITY,A. Service continuity.,A. Service continuity.
train_0256__q_at_ob_vs_p_at_ob,train_cfg_0256,2617380049,True,A,True,T,THREAT REDUCTION,A. Threat reduction.,A. Threat reduction.
train_0256__q_at_ob_vs_p_at_ob,train_cfg_0256,1321632532,True,A,True,T,THREAT REDUCTION,A. Threat reduction.,A. Threat reduction.
train_0257__p_at_oa_vs_q_at_oa,train_cfg_0257,3807659383,True,A,True,M,STAFF SUSTAINABILITY,A. Staff sustainability.,A. Staff sustainability.
train_0257__p_at_oa_vs_q_at_oa,train_cfg_0257,4183488806,True,A,True,M,STAFF SUSTAINABILITY,A. Staff sustainability.,A. Staff sustainability.
train_0257__p_at_oa_vs_q_at_oa,train_cfg_0257,3788701895,True,A,True,M,STAFF SUSTAINABILITY,A. Staff sustainability.,A. Staff sustainability.
train_0257__q_at_oa_vs_p_at_oa,train_cfg_0257,469651592,True,B,True,M,STAFF SUSTAINABILITY,<B>. Staff sustainability.,<B>. Staff sustainability.
train_0257__q_at_oa_vs_p_at_oa,train_cfg_0257,542032208,True,B,True,M,STAFF SUSTAINABILITY,<B>. Staff sustainability.,<B>. Staff sustainability.
train_0257__q_at_oa_vs_p_at_oa,train_cfg_0257,3108334389,True,B,True,M,STAFF SUSTAINABILITY,<B>. Staff sustainability.,<B>. Staff sustainability.
train_0257__p_at_ob_vs_q_at_ob,train_cfg_0257,4023465494,True,A,True,M,STAFF SUSTAINABILITY,A. Staff sustainability.,A. Staff sustainability.
train_0257__p_at_ob_vs_q_at_ob,train_cfg_0257,2272043700,True,A,True,M,STAFF SUSTAINABILITY,A. Staff sustainability.,A. Staff sustainability.
train_0257__p_at_ob_vs_q_at_ob,train_cfg_0257,3938607862,True,A,True,M,STAFF SUSTAINABILITY,A. Staff sustainability.,A. Staff sustainability.
train_0257__q_at_ob_vs_p_at_ob,train_cfg_0257,4130408067,True,B,True,M,STAFF SUSTAINABILITY,<B>. Staff sustainability.,<B>. Staff sustainability.
train_0257__q_at_ob_vs_p_at_ob,train_cfg_0257,896852370,True,B,True,M,STAFF SUSTAINABILITY,<B>. Staff sustainability.,<B>. Staff sustainability.
train_0257__q_at_ob_vs_p_at_ob,train_cfg_0257,4210204049,True,B,True,M,STAFF SUSTAINABILITY,<B>. Staff sustainability.,<B>. Staff sustainability.
train_0258__p_at_oa_vs_q_at_oa,train_cfg_0258,3385966923,True,B,True,D,DEPLOYMENT SPEED,<B>. Deployment speed.,<B>. Deployment speed.
train_0258__p_at_oa_vs_q_at_oa,train_cfg_0258,370425482,True,B,True,D,DEPLOYMENT SPEED,<B>. Deployment speed.,<B>. Deployment speed.
train_0258__p_at_oa_vs_q_at_oa,train_cfg_0258,3878482203,True,B,True,D,DEPLOYMENT SPEED,<B>. Deployment speed.,<B>. Deployment speed.
train_0258__q_at_oa_vs_p_at_oa,train_cfg_0258,2738175792,True,A,True,T,THREAT REDUCTION,A. Threat reduction.,A. Threat reduction.
train_0258__q_at_oa_vs_p_at_oa,train_cfg_0258,3874546348,True,A,True,T,THREAT REDUCTION,A. Threat reduction.,A. Threat reduction.
train_0258__q_at_oa_vs_p_at_oa,train_cfg_0258,1386459287,True,A,True,D,DEPLOYMENT SPEED,A. Deployment speed.,A. Deployment speed.
train_0258__p_at_ob_vs_q_at_ob,train_cfg_0258,4019768014,True,B,True,D,DEPLOYMENT SPEED,<B>. Deployment speed.,<B>. Deployment speed.
train_0258__p_at_ob_vs_q_at_ob,train_cfg_0258,694138042,True,B,True,D,DEPLOYMENT SPEED,<B>. Deployment speed.,<B>. Deployment speed.
train_0258__p_at_ob_vs_q_at_ob,train_cfg_0258,2784470380,True,A,True,T,THREAT REDUCTION,A. Threat reduction.,A. Threat reduction.
train_0258__q_at_ob_vs_p_at_ob,train_cfg_0258,1123546414,True,A,True,T,THREAT REDUCTION,A. Threat reduction.,A. Threat reduction.
train_0258__q_at_ob_vs_p_at_ob,train_cfg_0258,3772015643,True,A,True,T,THREAT REDUCTION,A. Threat reduction.,A. Threat reduction.
train_0258__q_at_ob_vs_p_at_ob,train_cfg_0258,548527941,True,A,True,T,THREAT REDUCTION,A. Threat reduction.,A. Threat reduction.
train_0259__p_at_oa_vs_q_at_oa,train_cfg_0259,3161075220,True,B,True,M,STAFF SUSTAINABILITY,<B>. Staff sustainability.,<B>. Staff sustainability.
train_0259__p_at_oa_vs_q_at_oa,train_cfg_0259,2231726872,True,B,True,M,STAFF SUSTAINABILITY,<B>. Staff sustainability.,<B>. Staff sustainability.
train_0259__p_at_oa_vs_q_at_oa,train_cfg_0259,3186898241,True,B,True,M,STAFF SUSTAINABILITY,<B>. Staff sustainability.,<B>. Staff sustainability.
train_0259__q_at_oa_vs_p_at_oa,train_cfg_0259,3760709937,True,A,True,C,SERVICE CONTINUITY,A. Service continuity.,A. Service continuity.
train_0259__q_at_oa_vs_p_at_oa,train_cfg_0259,1734534994,True,A,True,C,SERVICE CONTINUITY,A. Service continuity.,A. Service continuity.
train_0259__q_at_oa_vs_p_at_oa,train_cfg_0259,1250723565,True,A,True,C,SERVICE CONTINUITY,A. Service continuity.,A. Service continuity.
train_0259__p_at_ob_vs_q_at_ob,train_cfg_0259,1824416566,True,B,True,C,SERVICE CONTINUITY,<B>. Service continuity.,<B>. Service continuity.
train_0259__p_at_ob_vs_q_at_ob,train_cfg_0259,293489022,True,B,True,C,SERVICE CONTINUITY,<B>. Service continuity.,<B>. Service continuity.
train_0259__p_at_ob_vs_q_at_ob,train_cfg_0259,2140644269,True,B,True,C,SERVICE CONTINUITY,<B>. Service continuity.,<B>. Service continuity.
train_0259__q_at_ob_vs_p_at_ob,train_cfg_0259,2902012352,True,A,True,C,SERVICE CONTINUITY,A. Service continuity.,A. Service continuity.
train_0259__q_at_ob_vs_p_at_ob,train_cfg_0259,748120498,True,A,True,C,SERVICE CONTINUITY,A. Service continuity.,A. Service continuity.
train_0259__q_at_ob_vs_p_at_ob,train_cfg_0259,4247320996,True,A,True,C,SERVICE CONTINUITY,A. Service continuity.,A. Service continuity.
train_0260__p_at_oa_vs_q_at_oa,train_cfg_0260,2247426808,True,A,True,M,STAFF SUSTAINABILITY,A. Staff sustainability.,A. Staff sustainability.
train_0260__p_at_oa_vs_q_at_oa,train_cfg_0260,4270148075,True,A,True,M,STAFF SUSTAINABILITY,A. Staff sustainability.,A. Staff sustainability.
train_0260__p_at_oa_vs_q_at_oa,train_cfg_0260,1617890844,True,A,True,M,STAFF SUSTAINABILITY,A. Staff sustainability.,A. Staff sustainability.
train_0260__q_at_oa_vs_p_at_oa,train_cfg_0260,758014616,True,A,True,D,DEPLOYMENT SPEED,A. Deployment speed.,A. Deployment speed.
train_0260__q_at_oa_vs_p_at_oa,train_cfg_0260,1642905848,True,A,True,D,DEPLOYMENT SPEED,A. Deployment speed.,A. Deployment speed.
train_0260__q_at_oa_vs_p_at_oa,train_cfg_0260,2326991576,True,A,True,D,DEPLOYMENT SPEED,A. Deployment speed.,A. Deployment speed.
train_0260__p_at_ob_vs_q_at_ob,train_cfg_0260,2063326878,True,B,True,A,AUDIT READINESS,<B>. Audit readiness.,<B>. Audit readiness.
train_0260__p_at_ob_vs_q_at_ob,train_cfg_0260,2907933328,True,B,True,A,AUDIT READINESS,<B>. Audit readiness.,<B>. Audit readiness.
train_0260__p_at_ob_vs_q_at_ob,train_cfg_0260,72179511,True,B,True,A,AUDIT READINESS,<B>. Audit readiness.,<B>. Audit readiness.
train_0260__q_at_ob_vs_p_at_ob,train_cfg_0260,1679645752,True,A,True,A,AUDIT READINESS,A. Audit readiness.,A. Audit readiness.
train_0260__q_at_ob_vs_p_at_ob,train_cfg_0260,2939432772,True,A,True,A,AUDIT READINESS,A. Audit readiness.,A. Audit readiness.
train_0260__q_at_ob_vs_p_at_ob,train_cfg_0260,2603642051,True,A,True,A,AUDIT READINESS,A. Audit readiness.,A. Audit readiness.
train_0261__p_at_oa_vs_q_at_oa,train_cfg_0261,2340816028,True,B,True,C,SERVICE CONTINUITY,B. Service continuity.,B. Service continuity.
train_0261__p_at_oa_vs_q_at_oa,train_cfg_0261,1600035123,True,B,True,C,SERVICE CONTINUITY,B. Service continuity.,B. Service continuity.
train_0261__p_at_oa_vs_q_at_oa,train_cfg_0261,612698167,True,B,True,C,SERVICE CONTINUITY,B. Service continuity.,B. Service continuity.
train_0261__q_at_oa_vs_p_at_oa,train_cfg_0261,270204510,True,A,True,C,SERVICE CONTINUITY,A. Service continuity.,A. Service continuity.
train_0261__q_at_oa_vs_p_at_oa,train_cfg_0261,3898599074,True,A,True,C,SERVICE CONTINUITY,A. Service continuity.,A. Service continuity.
train_0261__q_at_oa_vs_p_at_oa,train_cfg_0261,2472727911,True,A,True,C,SERVICE CONTINUITY,A. Service continuity.,A. Service continuity.
train_0261__p_at_ob_vs_q_at_ob,train_cfg_0261,504261566,True,B,True,T,THREAT REDUCTION,<B>. Threat reduction.,<B>. Threat reduction.
train_0261__p_at_ob_vs_q_at_ob,train_cfg_0261,3165826081,True,B,True,T,THREAT REDUCTION,<B>. Threat reduction.,<B>. Threat reduction.
train_0261__p_at_ob_vs_q_at_ob,train_cfg_0261,3017074014,True,B,True,T,THREAT REDUCTION,<B>. Threat reduction.,<B>. Threat reduction.
train_0261__q_at_ob_vs_p_at_ob,train_cfg_0261,3202261321,True,A,True,C,SERVICE CONTINUITY,A. Service continuity.,A. Service continuity.
train_0261__q_at_ob_vs_p_at_ob,train_cfg_0261,764900576,True,A,True,C,SERVICE CONTINUITY,A. Service continuity.,A. Service continuity.
train_0261__q_at_ob_vs_p_at_ob,train_cfg_0261,1456866231,True,A,True,C,SERVICE CONTINUITY,A. Service continuity.,A. Service continuity.
train_0262__p_at_oa_vs_q_at_oa,train_cfg_0262,3505249955,True,B,True,C,SERVICE CONTINUITY,B. Service continuity.,B. Service continuity.
train_0262__p_at_oa_vs_q_at_oa,train_cfg_0262,1375563512,True,B,True,C,SERVICE CONTINUITY,B. Service continuity.,B. Service continuity.
train_0262__p_at_oa_vs_q_at_oa,train_cfg_0262,2155617012,True,B,True,C,SERVICE CONTINUITY,B. Service continuity.,B. Service continuity.
train_0262__q_at_oa_vs_p_at_oa,train_cfg_0262,3425609187,True,A,True,C,SERVICE CONTINUITY,A. Service continuity.,A. Service continuity.
train_0262__q_at_oa_vs_p_at_oa,train_cfg_0262,1256312034,True,A,True,C,SERVICE CONTINUITY,A. Service continuity.,A. Service continuity.
train_0262__q_at_oa_vs_p_at_oa,train_cfg_0262,1086156077,True,A,True,C,SERVICE CONTINUITY,A. Service continuity.,A. Service continuity.
train_0262__p_at_ob_vs_q_at_ob,train_cfg_0262,3229880266,True,B,True,C,SERVICE CONTINUITY,B. Service continuity.,B. Service continuity.
train_0262__p_at_ob_vs_q_at_ob,train_cfg_0262,1266900957,True,B,True,C,SERVICE CONTINUITY,B. Service continuity.,B. Service continuity.
train_0262__p_at_ob_vs_q_at_ob,train_cfg_0262,377714764,True,B,True,C,SERVICE CONTINUITY,<B>. Service continuity.,<B>. Service continuity.
train_0262__q_at_ob_vs_p_at_ob,train_cfg_0262,2970469325,True,A,True,D,DEPLOYMENT SPEED,A. Deployment speed.,A. Deployment speed.
train_0262__q_at_ob_vs_p_at_ob,train_cfg_0262,4058954278,True,A,True,D,DEPLOYMENT SPEED,A. Deployment speed.,A. Deployment speed.
train_0262__q_at_ob_vs_p_at_ob,train_cfg_0262,3785471873,True,A,True,D,DEPLOYMENT SPEED,A. Deployment speed.,A. Deployment speed.
train_0263__p_at_oa_vs_q_at_oa,train_cfg_0263,2137632764,True,B,True,T,THREAT REDUCTION,<B>. Threat reduction.,<B>. Threat reduction.
train_0263__p_at_oa_vs_q_at_oa,train_cfg_0263,2333966885,True,B,True,T,THREAT REDUCTION,<B>. Threat reduction.,<B>. Threat reduction.
train_0263__p_at_oa_vs_q_at_oa,train_cfg_0263,1496534186,True,B,True,T,THREAT REDUCTION,<B>. Threat reduction.,<B>. Threat reduction.
train_0263__q_at_oa_vs_p_at_oa,train_cfg_0263,444617158,True,B,True,C,SERVICE CONTINUITY,<B>. Service continuity.,<B>. Service continuity.
train_0263__q_at_oa_vs_p_at_oa,train_cfg_0263,1109535635,True,B,True,C,SERVICE CONTINUITY,<B>. Service continuity.,<B>. Service continuity.
train_0263__q_at_oa_vs_p_at_oa,train_cfg_0263,3180952815,True,B,True,C,SERVICE CONTINUITY,<B>. Service continuity.,<B>. Service continuity.
train_0263__p_at_ob_vs_q_at_ob,train_cfg_0263,424080258,True,B,True,T,THREAT REDUCTION,<B>. Threat reduction.,<B>. Threat reduction.
train_0263__p_at_ob_vs_q_at_ob,train_cfg_0263,3780589341,True,B,True,T,THREAT REDUCTION,<B>. Threat reduction.,<B>. Threat reduction.
train_0263__p_at_ob_vs_q_at_ob,train_cfg_0263,2425771590,True,B,True,T,THREAT REDUCTION,<B>. Threat reduction.,<B>. Threat reduction.
train_0263__q_at_ob_vs_p_at_ob,train_cfg_0263,1883193871,True,B,True,C,SERVICE CONTINUITY,<B>. Service continuity.,<B>. Service continuity.
train_0263__q_at_ob_vs_p_at_ob,train_cfg_0263,1644720853,True,B,True,C,SERVICE CONTINUITY,<B>. Service continuity.,<B>. Service continuity.
train_0263__q_at_ob_vs_p_at_ob,train_cfg_0263,3276931988,True,B,True,C,SERVICE CONTINUITY,<B>. Service continuity.,<B>. Service continuity.
train_0264__p_at_oa_vs_q_at_oa,train_cfg_0264,1369492619,True,B,True,A,AUDIT READINESS,<B>. Audit readiness.,<B>. Audit readiness.
train_0264__p_at_oa_vs_q_at_oa,train_cfg_0264,116133253,True,B,True,A,AUDIT READINESS,<B>. Audit readiness.,<B>. Audit readiness.
train_0264__p_at_oa_vs_q_at_oa,train_cfg_0264,3538698651,True,B,True,A,AUDIT READINESS,<B>. Audit readiness.,<B>. Audit readiness.
train_0264__q_at_oa_vs_p_at_oa,train_cfg_0264,296047215,True,B,True,M,STAFF SUSTAINABILITY,<B>. Staff sustainability.,<B>. Staff sustainability.
train_0264__q_at_oa_vs_p_at_oa,train_cfg_0264,2622240629,True,B,True,M,STAFF SUSTAINABILITY,<B>. Staff sustainability.,<B>. Staff sustainability.
train_0264__q_at_oa_vs_p_at_oa,train_cfg_0264,1317759200,True,B,True,M,STAFF SUSTAINABILITY,<B>. Staff sustainability.,<B>. Staff sustainability.
train_0264__p_at_ob_vs_q_at_ob,train_cfg_0264,949549615,True,B,True,A,AUDIT READINESS,<B>. Audit readiness.,<B>. Audit readiness.
train_0264__p_at_ob_vs_q_at_ob,train_cfg_0264,4201943538,True,B,True,A,AUDIT READINESS,<B>. Audit readiness.,<B>. Audit readiness.
train_0264__p_at_ob_vs_q_at_ob,train_cfg_0264,59599154,True,B,True,A,AUDIT READINESS,<B>. Audit readiness.,<B>. Audit readiness.
train_0264__q_at_ob_vs_p_at_ob,train_cfg_0264,1301508170,True,A,True,A,AUDIT READINESS,A. Audit readiness.,A. Audit readiness.
train_0264__q_at_ob_vs_p_at_ob,train_cfg_0264,1364024902,True,A,True,A,AUDIT READINESS,A. Audit readiness.,A. Audit readiness.
train_0264__q_at_ob_vs_p_at_ob,train_cfg_0264,3667321441,True,A,True,A,AUDIT READINESS,A. Audit readiness.,A. Audit readiness.
train_0265__p_at_oa_vs_q_at_oa,train_cfg_0265,982783762,True,B,True,T,THREAT REDUCTION,<B>. Threat reduction.,<B>. Threat reduction.
train_0265__p_at_oa_vs_q_at_oa,train_cfg_0265,1475984262,True,B,True,T,THREAT REDUCTION,<B>. Threat reduction.,<B>. Threat reduction.
train_0265__p_at_oa_vs_q_at_oa,train_cfg_0265,2815094962,True,B,True,T,THREAT REDUCTION,<B>. Threat reduction.,<B>. Threat reduction.
train_0265__q_at_oa_vs_p_at_oa,train_cfg_0265,1890383200,True,A,True,M,STAFF SUSTAINABILITY,A. Staff sustainability.,A. Staff sustainability.
train_0265__q_at_oa_vs_p_at_oa,train_cfg_0265,1447344138,True,A,True,M,STAFF SUSTAINABILITY,A. Staff sustainability.,A. Staff sustainability.
train_0265__q_at_oa_vs_p_at_oa,train_cfg_0265,2028278691,True,A,True,M,STAFF SUSTAINABILITY,A. Staff sustainability.,A. Staff sustainability.
train_0265__p_at_ob_vs_q_at_ob,train_cfg_0265,2078615023,True,B,True,T,THREAT REDUCTION,<B>. Threat reduction.,<B>. Threat reduction.
train_0265__p_at_ob_vs_q_at_ob,train_cfg_0265,37285218,True,B,True,T,THREAT REDUCTION,<B>. Threat reduction.,<B>. Threat reduction.
train_0265__p_at_ob_vs_q_at_ob,train_cfg_0265,3292649277,True,B,True,T,THREAT REDUCTION,<B>. Threat reduction.,<B>. Threat reduction.
train_0265__q_at_ob_vs_p_at_ob,train_cfg_0265,1454241632,True,A,True,M,STAFF SUSTAINABILITY,A. Staff sustainability.,A. Staff sustainability.
train_0265__q_at_ob_vs_p_at_ob,train_cfg_0265,2291746221,True,A,True,C,SERVICE CONTINUITY,A. Service continuity.,A. Service continuity.
train_0265__q_at_ob_vs_p_at_ob,train_cfg_0265,1034706834,True,A,True,C,SERVICE CONTINUITY,A. Service continuity.,A. Service continuity.
train_0266__p_at_oa_vs_q_at_oa,train_cfg_0266,930966400,True,B,True,T,THREAT REDUCTION,<B>. Threat reduction.,<B>. Threat reduction.
train_0266__p_at_oa_vs_q_at_oa,train_cfg_0266,3722342586,True,B,True,T,THREAT REDUCTION,<B>. Threat reduction.,<B>. Threat reduction.
train_0266__p_at_oa_vs_q_at_oa,train_cfg_0266,218463513,True,B,True,T,THREAT REDUCTION,<B>. Threat reduction.,<B>. Threat reduction.
train_0266__q_at_oa_vs_p_at_oa,train_cfg_0266,3113044044,True,A,True,T,THREAT REDUCTION,A. Threat reduction.,A. Threat reduction.
train_0266__q_at_oa_vs_p_at_oa,train_cfg_0266,1587275119,True,A,True,T,THREAT REDUCTION,A. Threat reduction.,A. Threat reduction.
train_0266__q_at_oa_vs_p_at_oa,train_cfg_0266,935022130,True,A,True,T,THREAT REDUCTION,A. Threat reduction.,A. Threat reduction.
train_0266__p_at_ob_vs_q_at_ob,train_cfg_0266,2230019161,True,B,True,T,THREAT REDUCTION,<B>. Threat reduction.,<B>. Threat reduction.
train_0266__p_at_ob_vs_q_at_ob,train_cfg_0266,448848753,True,B,True,T,THREAT REDUCTION,<B>. Threat reduction.,<B>. Threat reduction.
train_0266__p_at_ob_vs_q_at_ob,train_cfg_0266,2968675003,True,B,True,T,THREAT REDUCTION,<B>. Threat reduction.,<B>. Threat reduction.
train_0266__q_at_ob_vs_p_at_ob,train_cfg_0266,1807263440,True,A,True,T,THREAT REDUCTION,A. Threat reduction.,A. Threat reduction.
train_0266__q_at_ob_vs_p_at_ob,train_cfg_0266,173165690,True,A,True,T,THREAT REDUCTION,A. Threat reduction.,A. Threat reduction.
train_0266__q_at_ob_vs_p_at_ob,train_cfg_0266,3196327346,True,A,True,T,THREAT REDUCTION,A. Threat reduction.,A. Threat reduction.
train_0267__p_at_oa_vs_q_at_oa,train_cfg_0267,1410922468,True,A,True,C,SERVICE CONTINUITY,A. Service continuity.,A. Service continuity.
train_0267__p_at_oa_vs_q_at_oa,train_cfg_0267,1934873727,True,A,True,C,SERVICE CONTINUITY,A. Service continuity.,A. Service continuity.
train_0267__p_at_oa_vs_q_at_oa,train_cfg_0267,2115580796,True,A,True,C,SERVICE CONTINUITY,A. Service continuity.,A. Service continuity.
train_0267__q_at_oa_vs_p_at_oa,train_cfg_0267,327881650,True,B,True,M,STAFF SUSTAINABILITY,<B>. Staff sustainability.,<B>. Staff sustainability.
train_0267__q_at_oa_vs_p_at_oa,train_cfg_0267,759722616,True,B,True,M,STAFF SUSTAINABILITY,<B>. Staff sustainability.,<B>. Staff sustainability.
train_0267__q_at_oa_vs_p_at_oa,train_cfg_0267,2118507213,True,B,True,M,STAFF SUSTAINABILITY,<B>. Staff sustainability.,<B>. Staff sustainability.
train_0267__p_at_ob_vs_q_at_ob,train_cfg_0267,1419021814,True,A,True,C,SERVICE CONTINUITY,A. Service continuity.,A. Service continuity.
train_0267__p_at_ob_vs_q_at_ob,train_cfg_0267,3604249480,True,A,True,C,SERVICE CONTINUITY,A. Service continuity.,A. Service continuity.
train_0267__p_at_ob_vs_q_at_ob,train_cfg_0267,3103200058,True,A,True,C,SERVICE CONTINUITY,A. Service continuity.,A. Service continuity.
train_0267__q_at_ob_vs_p_at_ob,train_cfg_0267,3655142917,True,B,True,C,SERVICE CONTINUITY,<B>. Service continuity.,<B>. Service continuity.
train_0267__q_at_ob_vs_p_at_ob,train_cfg_0267,1896351305,True,B,True,C,SERVICE CONTINUITY,<B>. Service continuity.,<B>. Service continuity.
train_0267__q_at_ob_vs_p_at_ob,train_cfg_0267,2123120745,True,B,True,C,SERVICE CONTINUITY,<B>. Service continuity.,<B>. Service continuity.
train_0268__p_at_oa_vs_q_at_oa,train_cfg_0268,3986810053,True,B,True,M,STAFF SUSTAINABILITY,<B>. Staff sustainability.,<B>. Staff sustainability.
train_0268__p_at_oa_vs_q_at_oa,train_cfg_0268,3621495180,True,B,True,M,STAFF SUSTAINABILITY,<B>. Staff sustainability.,<B>. Staff sustainability.
train_0268__p_at_oa_vs_q_at_oa,train_cfg_0268,491144563,True,B,True,M,STAFF SUSTAINABILITY,<B>. Staff sustainability.,<B>. Staff sustainability.
train_0268__q_at_oa_vs_p_at_oa,train_cfg_0268,1122437860,True,A,True,C,SERVICE CONTINUITY,A. Service continuity.,A. Service continuity.
train_0268__q_at_oa_vs_p_at_oa,train_cfg_0268,1040367644,True,A,True,C,SERVICE CONTINUITY,A. Service continuity.,A. Service continuity.
train_0268__q_at_oa_vs_p_at_oa,train_cfg_0268,2487863307,True,A,True,C,SERVICE CONTINUITY,A. Service continuity.,A. Service continuity.
train_0268__p_at_ob_vs_q_at_ob,train_cfg_0268,1286118731,True,B,True,M,STAFF SUSTAINABILITY,<B>. Staff sustainability.,<B>. Staff sustainability.
train_0268__p_at_ob_vs_q_at_ob,train_cfg_0268,1098838413,True,B,True,M,STAFF SUSTAINABILITY,<B>. Staff sustainability.,<B>. Staff sustainability.
train_0268__p_at_ob_vs_q_at_ob,train_cfg_0268,3344153331,True,B,True,M,STAFF SUSTAINABILITY,<B>. Staff sustainability.,<B>. Staff sustainability.
train_0268__q_at_ob_vs_p_at_ob,train_cfg_0268,3604123454,True,A,True,M,STAFF SUSTAINABILITY,A. Staff sustainability.,A. Staff sustainability.
train_0268__q_at_ob_vs_p_at_ob,train_cfg_0268,2065913215,True,A,True,M,STAFF SUSTAINABILITY,A. Staff sustainability.,A. Staff sustainability.
train_0268__q_at_ob_vs_p_at_ob,train_cfg_0268,404896863,True,A,True,M,STAFF SUSTAINABILITY,A. Staff sustainability.,A. Staff sustainability.
train_0269__p_at_oa_vs_q_at_oa,train_cfg_0269,470839260,True,B,True,T,THREAT REDUCTION,<B>. Threat reduction.,<B>. Threat reduction.
train_0269__p_at_oa_vs_q_at_oa,train_cfg_0269,3213865824,True,B,True,T,THREAT REDUCTION,<B>. Threat reduction.,<B>. Threat reduction.
train_0269__p_at_oa_vs_q_at_oa,train_cfg_0269,818717558,True,B,True,T,THREAT REDUCTION,<B>. Threat reduction.,<B>. Threat reduction.
train_0269__q_at_oa_vs_p_at_oa,train_cfg_0269,3740716266,True,A,True,T,THREAT REDUCTION,A. Threat reduction.,A. Threat reduction.
train_0269__q_at_oa_vs_p_at_oa,train_cfg_0269,1777579006,True,A,True,T,THREAT REDUCTION,A. Threat reduction.,A. Threat reduction.
train_0269__q_at_oa_vs_p_at_oa,train_cfg_0269,2569143616,True,A,True,T,THREAT REDUCTION,A. Threat reduction.,A. Threat reduction.
train_0269__p_at_ob_vs_q_at_ob,train_cfg_0269,4247984731,True,B,True,T,THREAT REDUCTION,<B>. Threat reduction.,<B>. Threat reduction.
train_0269__p_at_ob_vs_q_at_ob,train_cfg_0269,2382299090,True,B,True,T,THREAT REDUCTION,<B>. Threat reduction.,<B>. Threat reduction.
train_0269__p_at_ob_vs_q_at_ob,train_cfg_0269,3572507284,True,B,True,T,THREAT REDUCTION,<B>. Threat reduction.,<B>. Threat reduction.
train_0269__q_at_ob_vs_p_at_ob,train_cfg_0269,1904044188,True,A,True,T,THREAT REDUCTION,A. Threat reduction.,A. Threat reduction.
train_0269__q_at_ob_vs_p_at_ob,train_cfg_0269,2867867545,True,A,True,T,THREAT REDUCTION,A. Threat reduction.,A. Threat reduction.
train_0269__q_at_ob_vs_p_at_ob,train_cfg_0269,1375236395,True,A,True,T,THREAT REDUCTION,A. Threat reduction.,A. Threat reduction.
train_0270__p_at_oa_vs_q_at_oa,train_cfg_0270,4071526976,True,A,True,T,THREAT REDUCTION,A. Threat reduction.,A. Threat reduction.
train_0270__p_at_oa_vs_q_at_oa,train_cfg_0270,2863658095,True,A,True,C,SERVICE CONTINUITY,A. Service continuity.,A. Service continuity.
train_0270__p_at_oa_vs_q_at_oa,train_cfg_0270,2423945681,True,A,True,T,THREAT REDUCTION,A. Threat reduction.,A. Threat reduction.
train_0270__q_at_oa_vs_p_at_oa,train_cfg_0270,3681759113,True,B,True,C,SERVICE CONTINUITY,<B>. Service continuity.,<B>. Service continuity.
train_0270__q_at_oa_vs_p_at_oa,train_cfg_0270,2851150014,True,B,True,C,SERVICE CONTINUITY,<B>. Service continuity.,<B>. Service continuity.
train_0270__q_at_oa_vs_p_at_oa,train_cfg_0270,403559273,True,B,True,C,SERVICE CONTINUITY,<B>. Service continuity.,<B>. Service continuity.
train_0270__p_at_ob_vs_q_at_ob,train_cfg_0270,3466740057,True,A,True,T,THREAT REDUCTION,A. Threat reduction.,A. Threat reduction.
train_0270__p_at_ob_vs_q_at_ob,train_cfg_0270,954772714,True,A,True,T,THREAT REDUCTION,A. Threat reduction.,A. Threat reduction.
train_0270__p_at_ob_vs_q_at_ob,train_cfg_0270,3826147978,True,A,True,T,THREAT REDUCTION,A. Threat reduction.,A. Threat reduction.
train_0270__q_at_ob_vs_p_at_ob,train_cfg_0270,3563695988,True,B,True,M,STAFF SUSTAINABILITY,<B>. Staff sustainability.,<B>. Staff sustainability.
train_0270__q_at_ob_vs_p_at_ob,train_cfg_0270,2508319972,True,B,True,M,STAFF SUSTAINABILITY,<B>. Staff sustainability.,<B>. Staff sustainability.
train_0270__q_at_ob_vs_p_at_ob,train_cfg_0270,708946459,True,B,True,M,STAFF SUSTAINABILITY,<B>. Staff sustainability.,<B>. Staff sustainability.
train_0271__p_at_oa_vs_q_at_oa,train_cfg_0271,950067430,True,B,True,T,THREAT REDUCTION,<B>. Threat reduction.,<B>. Threat reduction.
train_0271__p_at_oa_vs_q_at_oa,train_cfg_0271,4283569706,True,B,True,T,THREAT REDUCTION,<B>. Threat reduction.,<B>. Threat reduction.
train_0271__p_at_oa_vs_q_at_oa,train_cfg_0271,1422567062,True,B,True,T,THREAT REDUCTION,<B>. Threat reduction.,<B>. Threat reduction.
train_0271__q_at_oa_vs_p_at_oa,train_cfg_0271,3569893957,True,A,True,T,THREAT REDUCTION,A. Threat reduction.,A. Threat reduction.
train_0271__q_at_oa_vs_p_at_oa,train_cfg_0271,3719109263,True,A,True,T,THREAT REDUCTION,A. Threat reduction.,A. Threat reduction.
train_0271__q_at_oa_vs_p_at_oa,train_cfg_0271,2802138240,True,A,True,T,THREAT REDUCTION,A. Threat reduction.,A. Threat reduction.
train_0271__p_at_ob_vs_q_at_ob,train_cfg_0271,661939512,True,B,True,T,THREAT REDUCTION,<B>. Threat reduction.,<B>. Threat reduction.
train_0271__p_at_ob_vs_q_at_ob,train_cfg_0271,1284068535,True,B,True,T,THREAT REDUCTION,<B>. Threat reduction.,<B>. Threat reduction.
train_0271__p_at_ob_vs_q_at_ob,train_cfg_0271,376663495,True,B,True,T,THREAT REDUCTION,<B>. Threat reduction.,<B>. Threat reduction.
train_0271__q_at_ob_vs_p_at_ob,train_cfg_0271,2213480712,True,A,True,T,THREAT REDUCTION,A. Threat reduction.,A. Threat reduction.
train_0271__q_at_ob_vs_p_at_ob,train_cfg_0271,3993733890,True,A,True,T,THREAT REDUCTION,A. Threat reduction.,A. Threat reduction.
train_0271__q_at_ob_vs_p_at_ob,train_cfg_0271,1523202848,True,A,True,T,THREAT REDUCTION,A. Threat reduction.,A. Threat reduction.
train_0272__p_at_oa_vs_q_at_oa,train_cfg_0272,1348406763,True,B,True,T,THREAT REDUCTION,<B>. Threat reduction.,<B>. Threat reduction.
train_0272__p_at_oa_vs_q_at_oa,train_cfg_0272,350979072,True,B,True,T,THREAT REDUCTION,B. Threat reduction.,B. Threat reduction.
train_0272__p_at_oa_vs_q_at_oa,train_cfg_0272,1908570120,True,B,True,T,THREAT REDUCTION,B. Threat reduction.,B. Threat reduction.
train_0272__q_at_oa_vs_p_at_oa,train_cfg_0272,2386014199,True,A,True,T,THREAT REDUCTION,A. Threat reduction.,A. Threat reduction.
train_0272__q_at_oa_vs_p_at_oa,train_cfg_0272,2785027770,True,A,True,T,THREAT REDUCTION,A. Threat reduction.,A. Threat reduction.
train_0272__q_at_oa_vs_p_at_oa,train_cfg_0272,614536367,True,A,True,T,THREAT REDUCTION,A. Threat reduction.,A. Threat reduction.
train_0272__p_at_ob_vs_q_at_ob,train_cfg_0272,1732192810,True,B,True,T,THREAT REDUCTION,<B>. Threat reduction.,<B>. Threat reduction.
train_0272__p_at_ob_vs_q_at_ob,train_cfg_0272,1082100242,True,B,True,T,THREAT REDUCTION,<B>. Threat reduction.,<B>. Threat reduction.
train_0272__p_at_ob_vs_q_at_ob,train_cfg_0272,2741137364,True,B,True,T,THREAT REDUCTION,<B>. Threat reduction.,<B>. Threat reduction.
train_0272__q_at_ob_vs_p_at_ob,train_cfg_0272,2484138591,True,A,True,T,THREAT REDUCTION,A. Threat reduction.,A. Threat reduction.
train_0272__q_at_ob_vs_p_at_ob,train_cfg_0272,372788831,True,A,True,T,THREAT REDUCTION,A. Threat reduction.,A. Threat reduction.
train_0272__q_at_ob_vs_p_at_ob,train_cfg_0272,38034531,True,A,True,T,THREAT REDUCTION,A. Threat reduction.,A. Threat reduction.
train_0273__p_at_oa_vs_q_at_oa,train_cfg_0273,2343355740,True,A,True,C,SERVICE CONTINUITY,A. Service continuity.,A. Service continuity.
train_0273__p_at_oa_vs_q_at_oa,train_cfg_0273,1998960445,True,A,True,C,SERVICE CONTINUITY,A. Service continuity.,A. Service continuity.
train_0273__p_at_oa_vs_q_at_oa,train_cfg_0273,2014420917,True,A,True,C,SERVICE CONTINUITY,A. Service continuity.,A. Service continuity.
train_0273__q_at_oa_vs_p_at_oa,train_cfg_0273,135899843,True,B,True,C,SERVICE CONTINUITY,<B>. Service continuity.,<B>. Service continuity.
train_0273__q_at_oa_vs_p_at_oa,train_cfg_0273,3424190265,True,B,True,C,SERVICE CONTINUITY,<B>. Service continuity.,<B>. Service continuity.
train_0273__q_at_oa_vs_p_at_oa,train_cfg_0273,489458649,True,B,True,C,SERVICE CONTINUITY,<B>. Service continuity.,<B>. Service continuity.
train_0273__p_at_ob_vs_q_at_ob,train_cfg_0273,3794406345,True,A,True,C,SERVICE CONTINUITY,A. Service continuity.,A. Service continuity.
train_0273__p_at_ob_vs_q_at_ob,train_cfg_0273,1663564780,True,A,True,C,SERVICE CONTINUITY,A. Service continuity.,A. Service continuity.
train_0273__p_at_ob_vs_q_at_ob,train_cfg_0273,2447414169,True,A,True,C,SERVICE CONTINUITY,A. Service continuity.,A. Service continuity.
train_0273__q_at_ob_vs_p_at_ob,train_cfg_0273,3918910554,True,B,True,C,SERVICE CONTINUITY,<B>. Service continuity.,<B>. Service continuity.
train_0273__q_at_ob_vs_p_at_ob,train_cfg_0273,3690425526,True,B,True,C,SERVICE CONTINUITY,<B>. Service continuity.,<B>. Service continuity.
train_0273__q_at_ob_vs_p_at_ob,train_cfg_0273,2195769671,True,B,True,C,SERVICE CONTINUITY,<B>. Service continuity.,<B>. Service continuity.
train_0274__p_at_oa_vs_q_at_oa,train_cfg_0274,229185655,True,B,True,C,SERVICE CONTINUITY,<B>. Service continuity.,<B>. Service continuity.
train_0274__p_at_oa_vs_q_at_oa,train_cfg_0274,4029490560,True,B,True,C,SERVICE CONTINUITY,<B>. Service continuity.,<B>. Service continuity.
train_0274__p_at_oa_vs_q_at_oa,train_cfg_0274,2762477760,True,B,True,C,SERVICE CONTINUITY,<B>. Service continuity.,<B>. Service continuity.
train_0274__q_at_oa_vs_p_at_oa,train_cfg_0274,1194042073,True,A,True,T,THREAT REDUCTION,A. Threat reduction.,A. Threat reduction.
train_0274__q_at_oa_vs_p_at_oa,train_cfg_0274,582619506,True,A,True,T,THREAT REDUCTION,A. Threat reduction.,A. Threat reduction.
train_0274__q_at_oa_vs_p_at_oa,train_cfg_0274,1125234308,True,A,True,T,THREAT REDUCTION,A. Threat reduction.,A. Threat reduction.
train_0274__p_at_ob_vs_q_at_ob,train_cfg_0274,281179462,True,B,True,T,THREAT REDUCTION,<B>. Threat reduction.,<B>. Threat reduction.
train_0274__p_at_ob_vs_q_at_ob,train_cfg_0274,1204948180,True,B,True,T,THREAT REDUCTION,<B>. Threat reduction.,<B>. Threat reduction.
train_0274__p_at_ob_vs_q_at_ob,train_cfg_0274,842579495,True,B,True,T,THREAT REDUCTION,<B>. Threat reduction.,<B>. Threat reduction.
train_0274__q_at_ob_vs_p_at_ob,train_cfg_0274,3689453798,True,A,True,T,THREAT REDUCTION,A. Threat reduction.,A. Threat reduction.
train_0274__q_at_ob_vs_p_at_ob,train_cfg_0274,1269953266,True,A,True,T,THREAT REDUCTION,A. Threat reduction.,A. Threat reduction.
train_0274__q_at_ob_vs_p_at_ob,train_cfg_0274,1072394492,True,A,True,T,THREAT REDUCTION,A. Threat reduction.,A. Threat reduction.
train_0275__p_at_oa_vs_q_at_oa,train_cfg_0275,2382390904,True,A,True,M,STAFF SUSTAINABILITY,A. Staff sustainability.,A. Staff sustainability.
train_0275__p_at_oa_vs_q_at_oa,train_cfg_0275,3965231765,True,A,True,M,STAFF SUSTAINABILITY,A. Staff sustainability.,A. Staff sustainability.
train_0275__p_at_oa_vs_q_at_oa,train_cfg_0275,869218688,True,A,True,M,STAFF SUSTAINABILITY,A. Staff sustainability.,A. Staff sustainability.
train_0275__q_at_oa_vs_p_at_oa,train_cfg_0275,2623671166,True,B,True,A,AUDIT READINESS,<B>. Audit readiness.,<B>. Audit readiness.
train_0275__q_at_oa_vs_p_at_oa,train_cfg_0275,1731624052,True,B,True,A,AUDIT READINESS,<B>. Audit readiness.,<B>. Audit readiness.
train_0275__q_at_oa_vs_p_at_oa,train_cfg_0275,1195204946,True,B,True,A,AUDIT READINESS,<B>. Audit readiness.,<B>. Audit readiness.
train_0275__p_at_ob_vs_q_at_ob,train_cfg_0275,3814662370,True,A,True,M,STAFF SUSTAINABILITY,A. Staff sustainability.,A. Staff sustainability.
train_0275__p_at_ob_vs_q_at_ob,train_cfg_0275,1644755806,True,A,True,M,STAFF SUSTAINABILITY,A. Staff sustainability.,A. Staff sustainability.
train_0275__p_at_ob_vs_q_at_ob,train_cfg_0275,3964009091,True,A,True,M,STAFF SUSTAINABILITY,A. Staff sustainability.,A. Staff sustainability.
train_0275__q_at_ob_vs_p_at_ob,train_cfg_0275,965881802,True,B,True,A,AUDIT READINESS,<B>. Audit readiness.,<B>. Audit readiness.
train_0275__q_at_ob_vs_p_at_ob,train_cfg_0275,2297074687,True,B,True,A,AUDIT READINESS,<B>. Audit readiness.,<B>. Audit readiness.
train_0275__q_at_ob_vs_p_at_ob,train_cfg_0275,910246259,True,B,True,A,AUDIT READINESS,<B>. Audit readiness.,<B>. Audit readiness.
train_0276__p_at_oa_vs_q_at_oa,train_cfg_0276,3028074467,True,B,True,T,THREAT REDUCTION,<B>. Threat reduction.,<B>. Threat reduction.
train_0276__p_at_oa_vs_q_at_oa,train_cfg_0276,514493953,True,B,True,T,THREAT REDUCTION,<B>. Threat reduction.,<B>. Threat reduction.
train_0276__p_at_oa_vs_q_at_oa,train_cfg_0276,1452942294,True,B,True,T,THREAT REDUCTION,<B>. Threat reduction.,<B>. Threat reduction.
train_0276__q_at_oa_vs_p_at_oa,train_cfg_0276,3962345074,True,A,True,T,THREAT REDUCTION,A. Threat reduction.,A. Threat reduction.
train_0276__q_at_oa_vs_p_at_oa,train_cfg_0276,2235435585,True,A,True,T,THREAT REDUCTION,A. Threat reduction.,A. Threat reduction.
train_0276__q_at_oa_vs_p_at_oa,train_cfg_0276,491367598,True,A,True,T,THREAT REDUCTION,A. Threat reduction.,A. Threat reduction.
train_0276__p_at_ob_vs_q_at_ob,train_cfg_0276,2907936889,True,B,True,T,THREAT REDUCTION,<B>. Threat reduction.,<B>. Threat reduction.
train_0276__p_at_ob_vs_q_at_ob,train_cfg_0276,491495007,True,B,True,T,THREAT REDUCTION,<B>. Threat reduction.,<B>. Threat reduction.
train_0276__p_at_ob_vs_q_at_ob,train_cfg_0276,3618956515,True,B,True,T,THREAT REDUCTION,<B>. Threat reduction.,<B>. Threat reduction.
train_0276__q_at_ob_vs_p_at_ob,train_cfg_0276,532777450,True,A,True,T,THREAT REDUCTION,A. Threat reduction.,A. Threat reduction.
train_0276__q_at_ob_vs_p_at_ob,train_cfg_0276,2764717106,True,A,True,T,THREAT REDUCTION,A. Threat reduction.,A. Threat reduction.
train_0276__q_at_ob_vs_p_at_ob,train_cfg_0276,3221480701,True,A,True,T,THREAT REDUCTION,A. Threat reduction.,A. Threat reduction.
train_0277__p_at_oa_vs_q_at_oa,train_cfg_0277,2388852326,True,B,True,D,DEPLOYMENT SPEED,<B>. Deployment speed.,<B>. Deployment speed.
train_0277__p_at_oa_vs_q_at_oa,train_cfg_0277,832269844,True,B,True,D,DEPLOYMENT SPEED,<B>. Deployment speed.,<B>. Deployment speed.
train_0277__p_at_oa_vs_q_at_oa,train_cfg_0277,3167677801,True,B,True,D,DEPLOYMENT SPEED,<B>. Deployment speed.,<B>. Deployment speed.
train_0277__q_at_oa_vs_p_at_oa,train_cfg_0277,2158542450,True,B,True,A,AUDIT READINESS,<B>. Audit readiness.,<B>. Audit readiness.
train_0277__q_at_oa_vs_p_at_oa,train_cfg_0277,3094481127,True,B,True,A,AUDIT READINESS,<B>. Audit readiness.,<B>. Audit readiness.
train_0277__q_at_oa_vs_p_at_oa,train_cfg_0277,1620981326,True,B,True,A,AUDIT READINESS,<B>. Audit readiness.,<B>. Audit readiness.
train_0277__p_at_ob_vs_q_at_ob,train_cfg_0277,1590310432,True,B,True,D,DEPLOYMENT SPEED,<B>. Deployment speed.,<B>. Deployment speed.
train_0277__p_at_ob_vs_q_at_ob,train_cfg_0277,1380834484,True,B,True,D,DEPLOYMENT SPEED,<B>. Deployment speed.,<B>. Deployment speed.
train_0277__p_at_ob_vs_q_at_ob,train_cfg_0277,227007092,True,B,True,D,DEPLOYMENT SPEED,<B>. Deployment speed.,<B>. Deployment speed.
train_0277__q_at_ob_vs_p_at_ob,train_cfg_0277,4156284157,True,A,True,D,DEPLOYMENT SPEED,A. Deployment speed.,A. Deployment speed.
train_0277__q_at_ob_vs_p_at_ob,train_cfg_0277,2715825070,True,A,True,D,DEPLOYMENT SPEED,A. Deployment speed.,A. Deployment speed.
train_0277__q_at_ob_vs_p_at_ob,train_cfg_0277,3047276054,True,A,True,D,DEPLOYMENT SPEED,A. Deployment speed.,A. Deployment speed.
train_0278__p_at_oa_vs_q_at_oa,train_cfg_0278,679518422,True,A,True,T,THREAT REDUCTION,A. Threat reduction.,A. Threat reduction.
train_0278__p_at_oa_vs_q_at_oa,train_cfg_0278,1201841553,True,A,True,T,THREAT REDUCTION,A. Threat reduction.,A. Threat reduction.
train_0278__p_at_oa_vs_q_at_oa,train_cfg_0278,2406629542,True,A,True,T,THREAT REDUCTION,A. Threat reduction.,A. Threat reduction.
train_0278__q_at_oa_vs_p_at_oa,train_cfg_0278,2667417176,True,A,True,T,THREAT REDUCTION,A. Threat reduction.,A. Threat reduction.
train_0278__q_at_oa_vs_p_at_oa,train_cfg_0278,2434516941,True,A,True,T,THREAT REDUCTION,A. Threat reduction.,A. Threat reduction.
train_0278__q_at_oa_vs_p_at_oa,train_cfg_0278,3271984820,True,A,True,T,THREAT REDUCTION,A. Threat reduction.,A. Threat reduction.
train_0278__p_at_ob_vs_q_at_ob,train_cfg_0278,441570605,True,B,True,A,AUDIT READINESS,<B>. Audit readiness.,<B>. Audit readiness.
train_0278__p_at_ob_vs_q_at_ob,train_cfg_0278,1593234739,True,B,True,A,AUDIT READINESS,<B>. Audit readiness.,<B>. Audit readiness.
train_0278__p_at_ob_vs_q_at_ob,train_cfg_0278,1336588164,True,A,True,T,THREAT REDUCTION,A. Threat reduction.,A. Threat reduction.
train_0278__q_at_ob_vs_p_at_ob,train_cfg_0278,3279187752,True,A,True,T,THREAT REDUCTION,A. Threat reduction.,A. Threat reduction.
train_0278__q_at_ob_vs_p_at_ob,train_cfg_0278,3155792140,True,A,True,T,THREAT REDUCTION,A. Threat reduction.,A. Threat reduction.
train_0278__q_at_ob_vs_p_at_ob,train_cfg_0278,3452192742,True,A,True,T,THREAT REDUCTION,A. Threat reduction.,A. Threat reduction.
train_0279__p_at_oa_vs_q_at_oa,train_cfg_0279,3219676574,True,B,True,M,STAFF SUSTAINABILITY,<B>. Staff sustainability.,<B>. Staff sustainability.
train_0279__p_at_oa_vs_q_at_oa,train_cfg_0279,3149116253,True,B,True,M,STAFF SUSTAINABILITY,<B>. Staff sustainability.,<B>. Staff sustainability.
train_0279__p_at_oa_vs_q_at_oa,train_cfg_0279,821398011,True,B,True,M,STAFF SUSTAINABILITY,<B>. Staff sustainability.,<B>. Staff sustainability.
train_0279__q_at_oa_vs_p_at_oa,train_cfg_0279,2371670666,True,B,True,C,SERVICE CONTINUITY,<B>. Service continuity.,<B>. Service continuity.
train_0279__q_at_oa_vs_p_at_oa,train_cfg_0279,746769752,True,B,True,C,SERVICE CONTINUITY,<B>. Service continuity.,<B>. Service continuity.
train_0279__q_at_oa_vs_p_at_oa,train_cfg_0279,3184752236,True,B,True,C,SERVICE CONTINUITY,<B>. Service continuity.,<B>. Service continuity.
train_0279__p_at_ob_vs_q_at_ob,train_cfg_0279,1893724106,True,B,True,M,STAFF SUSTAINABILITY,<B>. Staff sustainability.,<B>. Staff sustainability.
train_0279__p_at_ob_vs_q_at_ob,train_cfg_0279,1486856433,True,B,True,M,STAFF SUSTAINABILITY,<B>. Staff sustainability.,<B>. Staff sustainability.
train_0279__p_at_ob_vs_q_at_ob,train_cfg_0279,3783964899,True,B,True,M,STAFF SUSTAINABILITY,<B>. Staff sustainability.,<B>. Staff sustainability.
train_0279__q_at_ob_vs_p_at_ob,train_cfg_0279,3484228745,True,A,True,M,STAFF SUSTAINABILITY,A. Staff sustainability.,A. Staff sustainability.
train_0279__q_at_ob_vs_p_at_ob,train_cfg_0279,161138563,True,A,True,M,STAFF SUSTAINABILITY,A. Staff sustainability.,A. Staff sustainability.
train_0279__q_at_ob_vs_p_at_ob,train_cfg_0279,3414909215,True,A,True,M,STAFF SUSTAINABILITY,A. Staff sustainability.,A. Staff sustainability.
train_0280__p_at_oa_vs_q_at_oa,train_cfg_0280,4187388986,True,B,True,M,STAFF SUSTAINABILITY,<B>. Staff sustainability.,<B>. Staff sustainability.
train_0280__p_at_oa_vs_q_at_oa,train_cfg_0280,261968222,True,B,True,M,STAFF SUSTAINABILITY,<B>. Staff sustainability.,<B>. Staff sustainability.
train_0280__p_at_oa_vs_q_at_oa,train_cfg_0280,4136523876,True,A,True,M,STAFF SUSTAINABILITY,A. Staff sustainability.,A. Staff sustainability.
train_0280__q_at_oa_vs_p_at_oa,train_cfg_0280,1619896908,True,B,True,C,SERVICE CONTINUITY,<B>. Service continuity.,<B>. Service continuity.
train_0280__q_at_oa_vs_p_at_oa,train_cfg_0280,567618556,True,B,True,C,SERVICE CONTINUITY,<B>. Service continuity.,<B>. Service continuity.
train_0280__q_at_oa_vs_p_at_oa,train_cfg_0280,1466472555,True,B,True,C,SERVICE CONTINUITY,<B>. Service continuity.,<B>. Service continuity.
train_0280__p_at_ob_vs_q_at_ob,train_cfg_0280,4162294849,True,A,True,T,THREAT REDUCTION,A. Threat reduction.,A. Threat reduction.
train_0280__p_at_ob_vs_q_at_ob,train_cfg_0280,2498803404,True,A,True,T,THREAT REDUCTION,A. Threat reduction.,A. Threat reduction.
train_0280__p_at_ob_vs_q_at_ob,train_cfg_0280,2290684266,True,A,True,T,THREAT REDUCTION,A. Threat reduction.,A. Threat reduction.
train_0280__q_at_ob_vs_p_at_ob,train_cfg_0280,2734441673,True,A,True,M,STAFF SUSTAINABILITY,A. Staff sustainability.,A. Staff sustainability.
train_0280__q_at_ob_vs_p_at_ob,train_cfg_0280,1409202362,True,A,True,M,STAFF SUSTAINABILITY,A. Staff sustainability.,A. Staff sustainability.
train_0280__q_at_ob_vs_p_at_ob,train_cfg_0280,3685227894,True,A,True,M,STAFF SUSTAINABILITY,A. Staff sustainability.,A. Staff sustainability.
train_0281__p_at_oa_vs_q_at_oa,train_cfg_0281,3375735634,True,B,True,D,DEPLOYMENT SPEED,<B>. Deployment speed.,<B>. Deployment speed.
train_0281__p_at_oa_vs_q_at_oa,train_cfg_0281,3983327963,True,B,True,D,DEPLOYMENT SPEED,<B>. Deployment speed.,<B>. Deployment speed.
train_0281__p_at_oa_vs_q_at_oa,train_cfg_0281,3002545685,True,B,True,D,DEPLOYMENT SPEED,<B>. Deployment speed.,<B>. Deployment speed.
train_0281__q_at_oa_vs_p_at_oa,train_cfg_0281,1695164622,True,A,True,D,DEPLOYMENT SPEED,A. Deployment speed.,A. Deployment speed.
train_0281__q_at_oa_vs_p_at_oa,train_cfg_0281,48554849,True,A,True,D,DEPLOYMENT SPEED,A. Deployment speed.,A. Deployment speed.
train_0281__q_at_oa_vs_p_at_oa,train_cfg_0281,179220575,True,A,True,D,DEPLOYMENT SPEED,A. Deployment speed.,A. Deployment speed.
train_0281__p_at_ob_vs_q_at_ob,train_cfg_0281,1141197980,True,B,True,D,DEPLOYMENT SPEED,<B>. Deployment speed.,<B>. Deployment speed.
train_0281__p_at_ob_vs_q_at_ob,train_cfg_0281,619651561,True,B,True,D,DEPLOYMENT SPEED,<B>. Deployment speed.,<B>. Deployment speed.
train_0281__p_at_ob_vs_q_at_ob,train_cfg_0281,1171847596,True,B,True,D,DEPLOYMENT SPEED,<B>. Deployment speed.,<B>. Deployment speed.
train_0281__q_at_ob_vs_p_at_ob,train_cfg_0281,1319067070,True,A,True,C,SERVICE CONTINUITY,A. Service continuity.,A. Service continuity.
train_0281__q_at_ob_vs_p_at_ob,train_cfg_0281,5687523,True,A,True,C,SERVICE CONTINUITY,A. Service continuity.,A. Service continuity.
train_0281__q_at_ob_vs_p_at_ob,train_cfg_0281,3855051343,True,A,True,C,SERVICE CONTINUITY,A. Service continuity.,A. Service continuity.
train_0282__p_at_oa_vs_q_at_oa,train_cfg_0282,1331388346,True,B,True,M,STAFF SUSTAINABILITY,<B>. Staff sustainability.,<B>. Staff sustainability.
train_0282__p_at_oa_vs_q_at_oa,train_cfg_0282,1785478109,True,B,True,M,STAFF SUSTAINABILITY,<B>. Staff sustainability.,<B>. Staff sustainability.
train_0282__p_at_oa_vs_q_at_oa,train_cfg_0282,4162729348,True,B,True,M,STAFF SUSTAINABILITY,<B>. Staff sustainability.,<B>. Staff sustainability.
train_0282__q_at_oa_vs_p_at_oa,train_cfg_0282,467118387,True,A,True,M,STAFF SUSTAINABILITY,A. Staff sustainability.,A. Staff sustainability.
train_0282__q_at_oa_vs_p_at_oa,train_cfg_0282,2935287263,True,A,True,M,STAFF SUSTAINABILITY,A. Staff sustainability.,A. Staff sustainability.
train_0282__q_at_oa_vs_p_at_oa,train_cfg_0282,834529392,True,A,True,M,STAFF SUSTAINABILITY,A. Staff sustainability.,A. Staff sustainability.
train_0282__p_at_ob_vs_q_at_ob,train_cfg_0282,201021648,True,B,True,C,SERVICE CONTINUITY,<B>. Service continuity.,<B>. Service continuity.
train_0282__p_at_ob_vs_q_at_ob,train_cfg_0282,3824011554,True,B,True,C,SERVICE CONTINUITY,<B>. Service continuity.,<B>. Service continuity.
train_0282__p_at_ob_vs_q_at_ob,train_cfg_0282,1936466565,True,B,True,C,SERVICE CONTINUITY,<B>. Service continuity.,<B>. Service continuity.
train_0282__q_at_ob_vs_p_at_ob,train_cfg_0282,524878081,True,A,True,M,STAFF SUSTAINABILITY,A. Staff sustainability.,A. Staff sustainability.
train_0282__q_at_ob_vs_p_at_ob,train_cfg_0282,2891828514,True,A,True,M,STAFF SUSTAINABILITY,A. Staff sustainability.,A. Staff sustainability.
train_0282__q_at_ob_vs_p_at_ob,train_cfg_0282,1171317157,True,A,True,M,STAFF SUSTAINABILITY,A. Staff sustainability.,A. Staff sustainability.
train_0283__p_at_oa_vs_q_at_oa,train_cfg_0283,819654383,True,B,True,T,THREAT REDUCTION,<B>. Threat reduction.,<B>. Threat reduction.
train_0283__p_at_oa_vs_q_at_oa,train_cfg_0283,2714441321,True,B,True,T,THREAT REDUCTION,<B>. Threat reduction.,<B>. Threat reduction.
train_0283__p_at_oa_vs_q_at_oa,train_cfg_0283,805728056,True,B,True,T,THREAT REDUCTION,<B>. Threat reduction.,<B>. Threat reduction.
train_0283__q_at_oa_vs_p_at_oa,train_cfg_0283,4123911092,True,A,True,T,THREAT REDUCTION,A. Threat reduction.,A. Threat reduction.
train_0283__q_at_oa_vs_p_at_oa,train_cfg_0283,241322049,True,A,True,T,THREAT REDUCTION,A. Threat reduction.,A. Threat reduction.
train_0283__q_at_oa_vs_p_at_oa,train_cfg_0283,481869294,True,A,True,T,THREAT REDUCTION,A. Threat reduction.,A. Threat reduction.
train_0283__p_at_ob_vs_q_at_ob,train_cfg_0283,3197227058,True,B,True,T,THREAT REDUCTION,<B>. Threat reduction.,<B>. Threat reduction.
train_0283__p_at_ob_vs_q_at_ob,train_cfg_0283,4282573127,True,B,True,T,THREAT REDUCTION,<B>. Threat reduction.,<B>. Threat reduction.
train_0283__p_at_ob_vs_q_at_ob,train_cfg_0283,3524251634,True,B,True,T,THREAT REDUCTION,<B>. Threat reduction.,<B>. Threat reduction.
train_0283__q_at_ob_vs_p_at_ob,train_cfg_0283,3287808053,True,A,True,T,THREAT REDUCTION,A. Threat reduction.,A. Threat reduction.
train_0283__q_at_ob_vs_p_at_ob,train_cfg_0283,1624263390,True,A,True,T,THREAT REDUCTION,A. Threat reduction.,A. Threat reduction.
train_0283__q_at_ob_vs_p_at_ob,train_cfg_0283,3907758749,True,A,True,T,THREAT REDUCTION,A. Threat reduction.,A. Threat reduction.
train_0284__p_at_oa_vs_q_at_oa,train_cfg_0284,932019423,True,B,True,M,STAFF SUSTAINABILITY,<B>. Staff sustainability.,<B>. Staff sustainability.
train_0284__p_at_oa_vs_q_at_oa,train_cfg_0284,1984164038,True,B,True,M,STAFF SUSTAINABILITY,<B>. Staff sustainability.,<B>. Staff sustainability.
train_0284__p_at_oa_vs_q_at_oa,train_cfg_0284,949415067,True,A,True,T,THREAT REDUCTION,A. Threat reduction.,A. Threat reduction.
train_0284__q_at_oa_vs_p_at_oa,train_cfg_0284,1292157715,True,A,True,T,THREAT REDUCTION,A. Threat reduction.,A. Threat reduction.
train_0284__q_at_oa_vs_p_at_oa,train_cfg_0284,482326307,True,A,True,T,THREAT REDUCTION,A. Threat reduction.,A. Threat reduction.
train_0284__q_at_oa_vs_p_at_oa,train_cfg_0284,2297726661,True,A,True,T,THREAT REDUCTION,A. Threat reduction.,A. Threat reduction.
train_0284__p_at_ob_vs_q_at_ob,train_cfg_0284,1038138469,True,B,True,A,AUDIT READINESS,<B>. Audit readiness.,<B>. Audit readiness.
train_0284__p_at_ob_vs_q_at_ob,train_cfg_0284,2694510392,True,B,True,A,AUDIT READINESS,<B>. Audit readiness.,<B>. Audit readiness.
train_0284__p_at_ob_vs_q_at_ob,train_cfg_0284,2712461757,True,B,True,A,AUDIT READINESS,<B>. Audit readiness.,<B>. Audit readiness.
train_0284__q_at_ob_vs_p_at_ob,train_cfg_0284,2659367297,True,B,True,C,SERVICE CONTINUITY,<B>. Service continuity.,<B>. Service continuity.
train_0284__q_at_ob_vs_p_at_ob,train_cfg_0284,1995321205,True,B,True,C,SERVICE CONTINUITY,<B>. Service continuity.,<B>. Service continuity.
train_0284__q_at_ob_vs_p_at_ob,train_cfg_0284,3777170179,True,B,True,C,SERVICE CONTINUITY,<B>. Service continuity.,<B>. Service continuity.
train_0285__p_at_oa_vs_q_at_oa,train_cfg_0285,2258888585,True,B,True,C,SERVICE CONTINUITY,<B>. Service continuity.,<B>. Service continuity.
train_0285__p_at_oa_vs_q_at_oa,train_cfg_0285,4103796803,True,B,True,C,SERVICE CONTINUITY,<B>. Service continuity.,<B>. Service continuity.
train_0285__p_at_oa_vs_q_at_oa,train_cfg_0285,742654863,True,B,True,C,SERVICE CONTINUITY,<B>. Service continuity.,<B>. Service continuity.
train_0285__q_at_oa_vs_p_at_oa,train_cfg_0285,3909381611,True,A,True,C,SERVICE CONTINUITY,A. Service continuity.,A. Service continuity.
train_0285__q_at_oa_vs_p_at_oa,train_cfg_0285,1305371704,True,A,True,C,SERVICE CONTINUITY,A. Service continuity.,A. Service continuity.
train_0285__q_at_oa_vs_p_at_oa,train_cfg_0285,2306281113,True,A,True,C,SERVICE CONTINUITY,A. Service continuity.,A. Service continuity.
train_0285__p_at_ob_vs_q_at_ob,train_cfg_0285,3529513527,True,B,True,C,SERVICE CONTINUITY,<B>. Service continuity.,<B>. Service continuity.
train_0285__p_at_ob_vs_q_at_ob,train_cfg_0285,2419696205,True,B,True,C,SERVICE CONTINUITY,<B>. Service continuity.,<B>. Service continuity.
train_0285__p_at_ob_vs_q_at_ob,train_cfg_0285,1628984493,True,B,True,C,SERVICE CONTINUITY,<B>. Service continuity.,<B>. Service continuity.
train_0285__q_at_ob_vs_p_at_ob,train_cfg_0285,1460925792,True,A,True,C,SERVICE CONTINUITY,A. Service continuity.,A. Service continuity.
train_0285__q_at_ob_vs_p_at_ob,train_cfg_0285,3286198840,True,A,True,C,SERVICE CONTINUITY,A. Service continuity.,A. Service continuity.
train_0285__q_at_ob_vs_p_at_ob,train_cfg_0285,2008398582,True,A,True,C,SERVICE CONTINUITY,A. Service continuity.,A. Service continuity.
train_0286__p_at_oa_vs_q_at_oa,train_cfg_0286,3590469495,True,B,True,T,THREAT REDUCTION,<B>. Threat reduction.,<B>. Threat reduction.
train_0286__p_at_oa_vs_q_at_oa,train_cfg_0286,690897414,True,B,True,T,THREAT REDUCTION,<B>. Threat reduction.,<B>. Threat reduction.
train_0286__p_at_oa_vs_q_at_oa,train_cfg_0286,3750698973,True,B,True,T,THREAT REDUCTION,<B>. Threat reduction.,<B>. Threat reduction.
train_0286__q_at_oa_vs_p_at_oa,train_cfg_0286,433747741,True,A,True,T,THREAT REDUCTION,A. Threat reduction.,A. Threat reduction.
train_0286__q_at_oa_vs_p_at_oa,train_cfg_0286,2767084412,True,A,True,T,THREAT REDUCTION,A. Threat reduction.,A. Threat reduction.
train_0286__q_at_oa_vs_p_at_oa,train_cfg_0286,3880271418,True,A,True,T,THREAT REDUCTION,A. Threat reduction.,A. Threat reduction.
train_0286__p_at_ob_vs_q_at_ob,train_cfg_0286,431388762,True,B,True,T,THREAT REDUCTION,<B>. Threat reduction.,<B>. Threat reduction.
train_0286__p_at_ob_vs_q_at_ob,train_cfg_0286,2578747442,True,B,True,T,THREAT REDUCTION,<B>. Threat reduction.,<B>. Threat reduction.
train_0286__p_at_ob_vs_q_at_ob,train_cfg_0286,165457307,True,B,True,T,THREAT REDUCTION,<B>. Threat reduction.,<B>. Threat reduction.
train_0286__q_at_ob_vs_p_at_ob,train_cfg_0286,4138999862,True,A,True,T,THREAT REDUCTION,A. Threat reduction.,A. Threat reduction.
train_0286__q_at_ob_vs_p_at_ob,train_cfg_0286,320339468,True,A,True,T,THREAT REDUCTION,A. Threat reduction.,A. Threat reduction.
train_0286__q_at_ob_vs_p_at_ob,train_cfg_0286,4134542726,True,A,True,T,THREAT REDUCTION,A. Threat reduction.,A. Threat reduction.
train_0287__p_at_oa_vs_q_at_oa,train_cfg_0287,3546214706,True,B,True,T,THREAT REDUCTION,<B>. Threat reduction.,<B>. Threat reduction.
train_0287__p_at_oa_vs_q_at_oa,train_cfg_0287,1727377679,True,B,True,T,THREAT REDUCTION,<B>. Threat reduction.,<B>. Threat reduction.
train_0287__p_at_oa_vs_q_at_oa,train_cfg_0287,2923983982,True,B,True,T,THREAT REDUCTION,<B>. Threat reduction.,<B>. Threat reduction.
train_0287__q_at_oa_vs_p_at_oa,train_cfg_0287,1807300707,True,A,True,T,THREAT REDUCTION,A. Threat reduction.,A. Threat reduction.
train_0287__q_at_oa_vs_p_at_oa,train_cfg_0287,3068791256,True,A,True,T,THREAT REDUCTION,A. Threat reduction.,A. Threat reduction.
train_0287__q_at_oa_vs_p_at_oa,train_cfg_0287,1601556441,True,A,True,T,THREAT REDUCTION,A. Threat reduction.,A. Threat reduction.
train_0287__p_at_ob_vs_q_at_ob,train_cfg_0287,1507057376,True,B,True,T,THREAT REDUCTION,<B>. Threat reduction.,<B>. Threat reduction.
train_0287__p_at_ob_vs_q_at_ob,train_cfg_0287,3358450647,True,B,True,T,THREAT REDUCTION,<B>. Threat reduction.,<B>. Threat reduction.
train_0287__p_at_ob_vs_q_at_ob,train_cfg_0287,1326807262,True,B,True,T,THREAT REDUCTION,<B>. Threat reduction.,<B>. Threat reduction.
train_0287__q_at_ob_vs_p_at_ob,train_cfg_0287,1045044150,True,A,True,T,THREAT REDUCTION,A. Threat reduction.,A. Threat reduction.
train_0287__q_at_ob_vs_p_at_ob,train_cfg_0287,1450013656,True,A,True,T,THREAT REDUCTION,A. Threat reduction.,A. Threat reduction.
train_0287__q_at_ob_vs_p_at_ob,train_cfg_0287,1631590470,True,A,True,T,THREAT REDUCTION,A. Threat reduction.,A. Threat reduction.
train_0288__p_at_oa_vs_q_at_oa,train_cfg_0288,2018585759,True,B,True,M,STAFF SUSTAINABILITY,<B>. Staff sustainability.,<B>. Staff sustainability.
train_0288__p_at_oa_vs_q_at_oa,train_cfg_0288,3068937736,True,B,True,M,STAFF SUSTAINABILITY,<B>. Staff sustainability.,<B>. Staff sustainability.
train_0288__p_at_oa_vs_q_at_oa,train_cfg_0288,3036719406,True,B,True,M,STAFF SUSTAINABILITY,<B>. Staff sustainability.,<B>. Staff sustainability.
train_0288__q_at_oa_vs_p_at_oa,train_cfg_0288,3988351298,True,A,True,M,STAFF SUSTAINABILITY,A. Staff sustainability.,A. Staff sustainability.
train_0288__q_at_oa_vs_p_at_oa,train_cfg_0288,698021864,True,A,True,M,STAFF SUSTAINABILITY,A. Staff sustainability.,A. Staff sustainability.
train_0288__q_at_oa_vs_p_at_oa,train_cfg_0288,3672378279,True,A,True,M,STAFF SUSTAINABILITY,A. Staff sustainability.,A. Staff sustainability.
train_0288__p_at_ob_vs_q_at_ob,train_cfg_0288,2129156882,True,B,True,M,STAFF SUSTAINABILITY,<B>. Staff sustainability.,<B>. Staff sustainability.
train_0288__p_at_ob_vs_q_at_ob,train_cfg_0288,3346063,True,B,True,M,STAFF SUSTAINABILITY,<B>. Staff sustainability.,<B>. Staff sustainability.
train_0288__p_at_ob_vs_q_at_ob,train_cfg_0288,3758291216,True,B,True,M,STAFF SUSTAINABILITY,<B>. Staff sustainability.,<B>. Staff sustainability.
train_0288__q_at_ob_vs_p_at_ob,train_cfg_0288,1219852118,True,A,True,T,THREAT REDUCTION,A. Threat reduction.,A. Threat reduction.
train_0288__q_at_ob_vs_p_at_ob,train_cfg_0288,1239501988,True,A,True,T,THREAT REDUCTION,A. Threat reduction.,A. Threat reduction.
train_0288__q_at_ob_vs_p_at_ob,train_cfg_0288,1144133382,True,A,True,T,THREAT REDUCTION,A. Threat reduction.,A. Threat reduction.
train_0289__p_at_oa_vs_q_at_oa,train_cfg_0289,2987308966,True,B,True,C,SERVICE CONTINUITY,<B>. Service continuity.,<B>. Service continuity.
train_0289__p_at_oa_vs_q_at_oa,train_cfg_0289,127489905,True,B,True,C,SERVICE CONTINUITY,<B>. Service continuity.,<B>. Service continuity.
train_0289__p_at_oa_vs_q_at_oa,train_cfg_0289,3339052503,True,B,True,C,SERVICE CONTINUITY,<B>. Service continuity.,<B>. Service continuity.
train_0289__q_at_oa_vs_p_at_oa,train_cfg_0289,1258863434,True,A,True,M,STAFF SUSTAINABILITY,A. Staff sustainability.,A. Staff sustainability.
train_0289__q_at_oa_vs_p_at_oa,train_cfg_0289,1693173163,True,A,True,M,STAFF SUSTAINABILITY,A. Staff sustainability.,A. Staff sustainability.
train_0289__q_at_oa_vs_p_at_oa,train_cfg_0289,1963299829,True,A,True,M,STAFF SUSTAINABILITY,A. Staff sustainability.,A. Staff sustainability.
train_0289__p_at_ob_vs_q_at_ob,train_cfg_0289,1616401662,True,B,True,M,STAFF SUSTAINABILITY,<B>. Staff sustainability.,<B>. Staff sustainability.
train_0289__p_at_ob_vs_q_at_ob,train_cfg_0289,2483579534,True,B,True,M,STAFF SUSTAINABILITY,<B>. Staff sustainability.,<B>. Staff sustainability.
train_0289__p_at_ob_vs_q_at_ob,train_cfg_0289,4286425811,True,B,True,M,STAFF SUSTAINABILITY,<B>. Staff sustainability.,<B>. Staff sustainability.
train_0289__q_at_ob_vs_p_at_ob,train_cfg_0289,3746376228,True,A,True,M,STAFF SUSTAINABILITY,A. Staff sustainability.,A. Staff sustainability.
train_0289__q_at_ob_vs_p_at_ob,train_cfg_0289,2642468718,True,A,True,M,STAFF SUSTAINABILITY,A. Staff sustainability.,A. Staff sustainability.
train_0289__q_at_ob_vs_p_at_ob,train_cfg_0289,2116421531,True,A,True,M,STAFF SUSTAINABILITY,A. Staff sustainability.,A. Staff sustainability.
train_0290__p_at_oa_vs_q_at_oa,train_cfg_0290,1590631518,True,A,True,M,STAFF SUSTAINABILITY,A. Staff sustainability.,A. Staff sustainability.
train_0290__p_at_oa_vs_q_at_oa,train_cfg_0290,3091680536,True,A,True,M,STAFF SUSTAINABILITY,A. Staff sustainability.,A. Staff sustainability.
train_0290__p_at_oa_vs_q_at_oa,train_cfg_0290,2988117932,True,A,True,M,STAFF SUSTAINABILITY,A. Staff sustainability.,A. Staff sustainability.
train_0290__q_at_oa_vs_p_at_oa,train_cfg_0290,3463387465,True,B,True,C,SERVICE CONTINUITY,<B>. Service continuity.,<B>. Service continuity.
train_0290__q_at_oa_vs_p_at_oa,train_cfg_0290,2660426122,True,B,True,C,SERVICE CONTINUITY,<B>. Service continuity.,<B>. Service continuity.
train_0290__q_at_oa_vs_p_at_oa,train_cfg_0290,1887744957,True,B,True,C,SERVICE CONTINUITY,<B>. Service continuity.,<B>. Service continuity.
train_0290__p_at_ob_vs_q_at_ob,train_cfg_0290,3920249693,True,A,True,C,SERVICE CONTINUITY,A. Service continuity.,A. Service continuity.
train_0290__p_at_ob_vs_q_at_ob,train_cfg_0290,1480702096,True,A,True,C,SERVICE CONTINUITY,A. Service continuity.,A. Service continuity.
train_0290__p_at_ob_vs_q_at_ob,train_cfg_0290,3269300506,True,A,True,C,SERVICE CONTINUITY,A. Service continuity.,A. Service continuity.
train_0290__q_at_ob_vs_p_at_ob,train_cfg_0290,4050001256,True,B,True,C,SERVICE CONTINUITY,<B>. Service continuity.,<B>. Service continuity.
train_0290__q_at_ob_vs_p_at_ob,train_cfg_0290,782586133,True,B,True,C,SERVICE CONTINUITY,<B>. Service continuity.,<B>. Service continuity.
train_0290__q_at_ob_vs_p_at_ob,train_cfg_0290,229311544,True,B,True,C,SERVICE CONTINUITY,<B>. Service continuity.,<B>. Service continuity.
train_0291__p_at_oa_vs_q_at_oa,train_cfg_0291,3154421767,True,B,True,T,THREAT REDUCTION,<B>. Threat reduction.,<B>. Threat reduction.
train_0291__p_at_oa_vs_q_at_oa,train_cfg_0291,3986180182,True,B,True,T,THREAT REDUCTION,<B>. Threat reduction.,<B>. Threat reduction.
train_0291__p_at_oa_vs_q_at_oa,train_cfg_0291,1407231130,True,B,True,T,THREAT REDUCTION,<B>. Threat reduction.,<B>. Threat reduction.
train_0291__q_at_oa_vs_p_at_oa,train_cfg_0291,2954497729,True,A,True,T,THREAT REDUCTION,A. Threat reduction.,A. Threat reduction.
train_0291__q_at_oa_vs_p_at_oa,train_cfg_0291,2445300999,True,A,True,T,THREAT REDUCTION,A. Threat reduction.,A. Threat reduction.
train_0291__q_at_oa_vs_p_at_oa,train_cfg_0291,1368936068,True,A,True,T,THREAT REDUCTION,A. Threat reduction.,A. Threat reduction.
train_0291__p_at_ob_vs_q_at_ob,train_cfg_0291,2805209800,True,B,True,T,THREAT REDUCTION,<B>. Threat reduction.,<B>. Threat reduction.
train_0291__p_at_ob_vs_q_at_ob,train_cfg_0291,2589040953,True,B,True,T,THREAT REDUCTION,<B>. Threat reduction.,<B>. Threat reduction.
train_0291__p_at_ob_vs_q_at_ob,train_cfg_0291,199713817,True,B,True,T,THREAT REDUCTION,<B>. Threat reduction.,<B>. Threat reduction.
train_0291__q_at_ob_vs_p_at_ob,train_cfg_0291,99150633,True,A,True,T,THREAT REDUCTION,A. Threat reduction.,A. Threat reduction.
train_0291__q_at_ob_vs_p_at_ob,train_cfg_0291,214288464,True,A,True,T,THREAT REDUCTION,A. Threat reduction.,A. Threat reduction.
train_0291__q_at_ob_vs_p_at_ob,train_cfg_0291,2118782004,True,A,True,T,THREAT REDUCTION,A. Threat reduction.,A. Threat reduction.
train_0292__p_at_oa_vs_q_at_oa,train_cfg_0292,3057230591,True,B,True,C,SERVICE CONTINUITY,<B>. Service continuity.,<B>. Service continuity.
train_0292__p_at_oa_vs_q_at_oa,train_cfg_0292,3706534380,True,B,True,C,SERVICE CONTINUITY,<B>. Service continuity.,<B>. Service continuity.
train_0292__p_at_oa_vs_q_at_oa,train_cfg_0292,3035257630,True,B,True,C,SERVICE CONTINUITY,<B>. Service continuity.,<B>. Service continuity.
train_0292__q_at_oa_vs_p_at_oa,train_cfg_0292,4023955748,True,A,True,C,SERVICE CONTINUITY,A. Service continuity.,A. Service continuity.
train_0292__q_at_oa_vs_p_at_oa,train_cfg_0292,3635300807,True,A,True,C,SERVICE CONTINUITY,A. Service continuity.,A. Service continuity.
train_0292__q_at_oa_vs_p_at_oa,train_cfg_0292,1837204645,True,A,True,C,SERVICE CONTINUITY,A. Service continuity.,A. Service continuity.
train_0292__p_at_ob_vs_q_at_ob,train_cfg_0292,4141354094,True,B,True,C,SERVICE CONTINUITY,<B>. Service continuity.,<B>. Service continuity.
train_0292__p_at_ob_vs_q_at_ob,train_cfg_0292,4197501231,True,B,True,C,SERVICE CONTINUITY,<B>. Service continuity.,<B>. Service continuity.
train_0292__p_at_ob_vs_q_at_ob,train_cfg_0292,106394108,True,B,True,C,SERVICE CONTINUITY,<B>. Service continuity.,<B>. Service continuity.
train_0292__q_at_ob_vs_p_at_ob,train_cfg_0292,3755425550,True,A,True,C,SERVICE CONTINUITY,A. Service continuity.,A. Service continuity.
train_0292__q_at_ob_vs_p_at_ob,train_cfg_0292,552386172,True,A,True,C,SERVICE CONTINUITY,A. Service continuity.,A. Service continuity.
train_0292__q_at_ob_vs_p_at_ob,train_cfg_0292,670934949,True,A,True,C,SERVICE CONTINUITY,A. Service continuity.,A. Service continuity.
train_0293__p_at_oa_vs_q_at_oa,train_cfg_0293,1708278935,True,A,True,M,STAFF SUSTAINABILITY,A. Staff sustainability.,A. Staff sustainability.
train_0293__p_at_oa_vs_q_at_oa,train_cfg_0293,2700367060,True,A,True,M,STAFF SUSTAINABILITY,A. Staff sustainability.,A. Staff sustainability.
train_0293__p_at_oa_vs_q_at_oa,train_cfg_0293,2501932200,True,A,True,M,STAFF SUSTAINABILITY,A. Staff sustainability.,A. Staff sustainability.
train_0293__q_at_oa_vs_p_at_oa,train_cfg_0293,2269865685,True,A,True,M,STAFF SUSTAINABILITY,A. Staff sustainability.,A. Staff sustainability.
train_0293__q_at_oa_vs_p_at_oa,train_cfg_0293,1723781806,True,A,True,M,STAFF SUSTAINABILITY,A. Staff sustainability.,A. Staff sustainability.
train_0293__q_at_oa_vs_p_at_oa,train_cfg_0293,2837439554,True,A,True,M,STAFF SUSTAINABILITY,A. Staff sustainability.,A. Staff sustainability.
train_0293__p_at_ob_vs_q_at_ob,train_cfg_0293,1144305677,True,B,True,M,STAFF SUSTAINABILITY,B. Staff sustainability.,B. Staff sustainability.
train_0293__p_at_ob_vs_q_at_ob,train_cfg_0293,1003294124,True,B,True,M,STAFF SUSTAINABILITY,B. Staff sustainability.,B. Staff sustainability.
train_0293__p_at_ob_vs_q_at_ob,train_cfg_0293,2126203321,True,B,True,M,STAFF SUSTAINABILITY,B. Staff sustainability.,B. Staff sustainability.
train_0293__q_at_ob_vs_p_at_ob,train_cfg_0293,2511145784,True,A,True,M,STAFF SUSTAINABILITY,A. Staff sustainability.,A. Staff sustainability.
train_0293__q_at_ob_vs_p_at_ob,train_cfg_0293,2507090651,True,A,True,M,STAFF SUSTAINABILITY,A. Staff sustainability.,A. Staff sustainability.
train_0293__q_at_ob_vs_p_at_ob,train_cfg_0293,204342975,True,A,True,M,STAFF SUSTAINABILITY,A. Staff sustainability.,A. Staff sustainability.
train_0294__p_at_oa_vs_q_at_oa,train_cfg_0294,3352186283,True,B,True,T,THREAT REDUCTION,<B>. Threat reduction.,<B>. Threat reduction.
train_0294__p_at_oa_vs_q_at_oa,train_cfg_0294,1490962199,True,B,True,T,THREAT REDUCTION,<B>. Threat reduction.,<B>. Threat reduction.
train_0294__p_at_oa_vs_q_at_oa,train_cfg_0294,3560533271,True,B,True,T,THREAT REDUCTION,<B>. Threat reduction.,<B>. Threat reduction.
train_0294__q_at_oa_vs_p_at_oa,train_cfg_0294,1119182084,True,A,True,T,THREAT REDUCTION,A. Threat reduction.,A. Threat reduction.
train_0294__q_at_oa_vs_p_at_oa,train_cfg_0294,969063719,True,A,True,T,THREAT REDUCTION,A. Threat reduction.,A. Threat reduction.
train_0294__q_at_oa_vs_p_at_oa,train_cfg_0294,1775724745,True,A,True,T,THREAT REDUCTION,A. Threat reduction.,A. Threat reduction.
train_0294__p_at_ob_vs_q_at_ob,train_cfg_0294,3890298357,True,B,True,M,STAFF SUSTAINABILITY,<B>. Staff sustainability.,<B>. Staff sustainability.
train_0294__p_at_ob_vs_q_at_ob,train_cfg_0294,1356021957,True,B,True,M,STAFF SUSTAINABILITY,<B>. Staff sustainability.,<B>. Staff sustainability.
train_0294__p_at_ob_vs_q_at_ob,train_cfg_0294,2140895421,True,B,True,M,STAFF SUSTAINABILITY,<B>. Staff sustainability.,<B>. Staff sustainability.
train_0294__q_at_ob_vs_p_at_ob,train_cfg_0294,974547540,True,A,True,M,STAFF SUSTAINABILITY,A. Staff sustainability.,A. Staff sustainability.
train_0294__q_at_ob_vs_p_at_ob,train_cfg_0294,1589733389,True,A,True,M,STAFF SUSTAINABILITY,A. Staff sustainability.,A. Staff sustainability.
train_0294__q_at_ob_vs_p_at_ob,train_cfg_0294,3697095024,True,A,True,M,STAFF SUSTAINABILITY,A. Staff sustainability.,A. Staff sustainability.
train_0295__p_at_oa_vs_q_at_oa,train_cfg_0295,1677844058,True,A,True,M,STAFF SUSTAINABILITY,A. Staff sustainability.,A. Staff sustainability.
train_0295__p_at_oa_vs_q_at_oa,train_cfg_0295,2666590897,True,A,True,M,STAFF SUSTAINABILITY,A. Staff sustainability.,A. Staff sustainability.
train_0295__p_at_oa_vs_q_at_oa,train_cfg_0295,1628730285,True,A,True,M,STAFF SUSTAINABILITY,A. Staff sustainability.,A. Staff sustainability.
train_0295__q_at_oa_vs_p_at_oa,train_cfg_0295,350052198,True,B,True,C,SERVICE CONTINUITY,<B>. Service continuity.,<B>. Service continuity.
train_0295__q_at_oa_vs_p_at_oa,train_cfg_0295,3416284772,True,B,True,C,SERVICE CONTINUITY,<B>. Service continuity.,<B>. Service continuity.
train_0295__q_at_oa_vs_p_at_oa,train_cfg_0295,805207415,True,B,True,C,SERVICE CONTINUITY,<B>. Service continuity.,<B>. Service continuity.
train_0295__p_at_ob_vs_q_at_ob,train_cfg_0295,1327050029,True,A,True,M,STAFF SUSTAINABILITY,A. Staff sustainability.,A. Staff sustainability.
train_0295__p_at_ob_vs_q_at_ob,train_cfg_0295,901722298,True,A,True,M,STAFF SUSTAINABILITY,A. Staff sustainability.,A. Staff sustainability.
train_0295__p_at_ob_vs_q_at_ob,train_cfg_0295,618268829,True,A,True,M,STAFF SUSTAINABILITY,A. Staff sustainability.,A. Staff sustainability.
train_0295__q_at_ob_vs_p_at_ob,train_cfg_0295,3898078077,True,B,True,C,SERVICE CONTINUITY,<B>. Service continuity.,<B>. Service continuity.
train_0295__q_at_ob_vs_p_at_ob,train_cfg_0295,2154795088,True,B,True,C,SERVICE CONTINUITY,<B>. Service continuity.,<B>. Service continuity.
train_0295__q_at_ob_vs_p_at_ob,train_cfg_0295,1643762843,True,B,True,C,SERVICE CONTINUITY,<B>. Service continuity.,<B>. Service continuity.
train_0296__p_at_oa_vs_q_at_oa,train_cfg_0296,2425903689,True,B,True,T,THREAT REDUCTION,<B>. Threat reduction.,<B>. Threat reduction.
train_0296__p_at_oa_vs_q_at_oa,train_cfg_0296,153003102,True,B,True,T,THREAT REDUCTION,<B>. Threat reduction.,<B>. Threat reduction.
train_0296__p_at_oa_vs_q_at_oa,train_cfg_0296,1743460903,True,B,True,T,THREAT REDUCTION,<B>. Threat reduction.,<B>. Threat reduction.
train_0296__q_at_oa_vs_p_at_oa,train_cfg_0296,4290123991,True,A,True,T,THREAT REDUCTION,A. Threat reduction.,A. Threat reduction.
train_0296__q_at_oa_vs_p_at_oa,train_cfg_0296,777124719,True,A,True,T,THREAT REDUCTION,A. Threat reduction.,A. Threat reduction.
train_0296__q_at_oa_vs_p_at_oa,train_cfg_0296,2225445985,True,A,True,T,THREAT REDUCTION,A. Threat reduction.,A. Threat reduction.
train_0296__p_at_ob_vs_q_at_ob,train_cfg_0296,3175045304,True,B,True,T,THREAT REDUCTION,<B>. Threat reduction.,<B>. Threat reduction.
train_0296__p_at_ob_vs_q_at_ob,train_cfg_0296,2341301700,True,B,True,T,THREAT REDUCTION,<B>. Threat reduction.,<B>. Threat reduction.
train_0296__p_at_ob_vs_q_at_ob,train_cfg_0296,3540525129,True,B,True,T,THREAT REDUCTION,<B>. Threat reduction.,<B>. Threat reduction.
train_0296__q_at_ob_vs_p_at_ob,train_cfg_0296,3682311366,True,A,True,M,STAFF SUSTAINABILITY,A. Staff sustainability.,A. Staff sustainability.
train_0296__q_at_ob_vs_p_at_ob,train_cfg_0296,4125900275,True,A,True,M,STAFF SUSTAINABILITY,A. Staff sustainability.,A. Staff sustainability.
train_0296__q_at_ob_vs_p_at_ob,train_cfg_0296,3457368012,True,A,True,M,STAFF SUSTAINABILITY,A. Staff sustainability.,A. Staff sustainability.
train_0297__p_at_oa_vs_q_at_oa,train_cfg_0297,3809957910,True,A,True,M,STAFF SUSTAINABILITY,A. Staff sustainability.,A. Staff sustainability.
train_0297__p_at_oa_vs_q_at_oa,train_cfg_0297,2118040160,True,A,True,M,STAFF SUSTAINABILITY,A. Staff sustainability.,A. Staff sustainability.
train_0297__p_at_oa_vs_q_at_oa,train_cfg_0297,3851657546,True,A,True,M,STAFF SUSTAINABILITY,A. Staff sustainability.,A. Staff sustainability.
train_0297__q_at_oa_vs_p_at_oa,train_cfg_0297,2279840089,True,B,True,M,STAFF SUSTAINABILITY,<B>. Staff sustainability.,<B>. Staff sustainability.
train_0297__q_at_oa_vs_p_at_oa,train_cfg_0297,199321702,True,B,True,M,STAFF SUSTAINABILITY,<B>. Staff sustainability.,<B>. Staff sustainability.
train_0297__q_at_oa_vs_p_at_oa,train_cfg_0297,1415262402,True,B,True,M,STAFF SUSTAINABILITY,<B>. Staff sustainability.,<B>. Staff sustainability.
train_0297__p_at_ob_vs_q_at_ob,train_cfg_0297,4135021637,True,A,True,M,STAFF SUSTAINABILITY,A. Staff sustainability.,A. Staff sustainability.
train_0297__p_at_ob_vs_q_at_ob,train_cfg_0297,841406317,True,A,True,M,STAFF SUSTAINABILITY,A. Staff sustainability.,A. Staff sustainability.
train_0297__p_at_ob_vs_q_at_ob,train_cfg_0297,1465824611,True,A,True,M,STAFF SUSTAINABILITY,A. Staff sustainability.,A. Staff sustainability.
train_0297__q_at_ob_vs_p_at_ob,train_cfg_0297,3396655944,True,B,True,M,STAFF SUSTAINABILITY,<B>. Staff sustainability.,<B>. Staff sustainability.
train_0297__q_at_ob_vs_p_at_ob,train_cfg_0297,846816843,True,B,True,M,STAFF SUSTAINABILITY,<B>. Staff sustainability.,<B>. Staff sustainability.
train_0297__q_at_ob_vs_p_at_ob,train_cfg_0297,315729581,True,B,True,M,STAFF SUSTAINABILITY,<B>. Staff sustainability.,<B>. Staff sustainability.
train_0298__p_at_oa_vs_q_at_oa,train_cfg_0298,3327518821,True,A,True,T,THREAT REDUCTION,A. Threat reduction.,A. Threat reduction.
train_0298__p_at_oa_vs_q_at_oa,train_cfg_0298,2466739006,True,A,True,T,THREAT REDUCTION,A. Threat reduction.,A. Threat reduction.
train_0298__p_at_oa_vs_q_at_oa,train_cfg_0298,1580206978,True,A,True,T,THREAT REDUCTION,A. Threat reduction.,A. Threat reduction.
train_0298__q_at_oa_vs_p_at_oa,train_cfg_0298,1953350050,True,A,True,T,THREAT REDUCTION,A. Threat reduction.,A. Threat reduction.
train_0298__q_at_oa_vs_p_at_oa,train_cfg_0298,3284022407,True,A,True,T,THREAT REDUCTION,A. Threat reduction.,A. Threat reduction.
train_0298__q_at_oa_vs_p_at_oa,train_cfg_0298,2358964912,True,A,True,T,THREAT REDUCTION,A. Threat reduction.,A. Threat reduction.
train_0298__p_at_ob_vs_q_at_ob,train_cfg_0298,2369463330,True,A,True,T,THREAT REDUCTION,A. Threat reduction.,A. Threat reduction.
train_0298__p_at_ob_vs_q_at_ob,train_cfg_0298,3909947120,True,A,True,T,THREAT REDUCTION,A. Threat reduction.,A. Threat reduction.
train_0298__p_at_ob_vs_q_at_ob,train_cfg_0298,3169094063,True,A,True,T,THREAT REDUCTION,A. Threat reduction.,A. Threat reduction.
train_0298__q_at_ob_vs_p_at_ob,train_cfg_0298,2585881592,True,B,True,M,STAFF SUSTAINABILITY,B. Staff sustainability.,B. Staff sustainability.
train_0298__q_at_ob_vs_p_at_ob,train_cfg_0298,1680022736,True,B,True,M,STAFF SUSTAINABILITY,<B>. Staff sustainability.,<B>. Staff sustainability.
train_0298__q_at_ob_vs_p_at_ob,train_cfg_0298,1165126971,True,B,True,M,STAFF SUSTAINABILITY,<B>. Staff sustainability.,<B>. Staff sustainability.
train_0299__p_at_oa_vs_q_at_oa,train_cfg_0299,98605573,True,B,True,D,DEPLOYMENT SPEED,<B>. Deployment speed.,<B>. Deployment speed.
train_0299__p_at_oa_vs_q_at_oa,train_cfg_0299,2251585129,True,B,True,D,DEPLOYMENT SPEED,<B>. Deployment speed.,<B>. Deployment speed.
train_0299__p_at_oa_vs_q_at_oa,train_cfg_0299,3738555051,True,B,True,D,DEPLOYMENT SPEED,<B>. Deployment speed.,<B>. Deployment speed.
train_0299__q_at_oa_vs_p_at_oa,train_cfg_0299,1439452766,True,A,True,D,DEPLOYMENT SPEED,A. Deployment speed.,A. Deployment speed.
train_0299__q_at_oa_vs_p_at_oa,train_cfg_0299,1403088495,True,A,True,D,DEPLOYMENT SPEED,A. Deployment speed.,A. Deployment speed.
train_0299__q_at_oa_vs_p_at_oa,train_cfg_0299,3526992440,True,A,True,D,DEPLOYMENT SPEED,A. Deployment speed.,A. Deployment speed.
train_0299__p_at_ob_vs_q_at_ob,train_cfg_0299,3837616566,True,B,True,D,DEPLOYMENT SPEED,B. Deployment speed.,B. Deployment speed.
train_0299__p_at_ob_vs_q_at_ob,train_cfg_0299,2154434630,True,B,True,D,DEPLOYMENT SPEED,<B>. Deployment speed.,<B>. Deployment speed.
train_0299__p_at_ob_vs_q_at_ob,train_cfg_0299,4047722640,True,B,True,D,DEPLOYMENT SPEED,B. Deployment speed.,B. Deployment speed.
train_0299__q_at_ob_vs_p_at_ob,train_cfg_0299,3442280586,True,A,True,D,DEPLOYMENT SPEED,A. Deployment speed.,A. Deployment speed.
train_0299__q_at_ob_vs_p_at_ob,train_cfg_0299,875491372,True,A,True,D,DEPLOYMENT SPEED,A. Deployment speed.,A. Deployment speed.
train_0299__q_at_ob_vs_p_at_ob,train_cfg_0299,1453956993,True,A,True,D,DEPLOYMENT SPEED,A. Deployment speed.,A. Deployment speed.
train_0300__p_at_oa_vs_q_at_oa,train_cfg_0300,2900662585,True,B,True,D,DEPLOYMENT SPEED,<B>. Deployment speed.,<B>. Deployment speed.
train_0300__p_at_oa_vs_q_at_oa,train_cfg_0300,2668683383,True,B,True,D,DEPLOYMENT SPEED,<B>. Deployment speed.,<B>. Deployment speed.
train_0300__p_at_oa_vs_q_at_oa,train_cfg_0300,2770014783,True,B,True,D,DEPLOYMENT SPEED,<B>. Deployment speed.,<B>. Deployment speed.
train_0300__q_at_oa_vs_p_at_oa,train_cfg_0300,1182730153,True,A,True,T,THREAT REDUCTION,A. Threat reduction.,A. Threat reduction.
train_0300__q_at_oa_vs_p_at_oa,train_cfg_0300,3158146636,True,A,True,C,SERVICE CONTINUITY,A. Service continuity.,A. Service continuity.
train_0300__q_at_oa_vs_p_at_oa,train_cfg_0300,3755154812,True,A,True,C,SERVICE CONTINUITY,A. Service continuity.,A. Service continuity.
train_0300__p_at_ob_vs_q_at_ob,train_cfg_0300,3777880667,True,B,True,D,DEPLOYMENT SPEED,<B>. Deployment speed.,<B>. Deployment speed.
train_0300__p_at_ob_vs_q_at_ob,train_cfg_0300,3029885985,True,B,True,D,DEPLOYMENT SPEED,<B>. Deployment speed.,<B>. Deployment speed.
train_0300__p_at_ob_vs_q_at_ob,train_cfg_0300,2104435517,True,B,True,D,DEPLOYMENT SPEED,<B>. Deployment speed.,<B>. Deployment speed.
train_0300__q_at_ob_vs_p_at_ob,train_cfg_0300,903022548,True,A,True,D,DEPLOYMENT SPEED,A. Deployment speed.,A. Deployment speed.
train_0300__q_at_ob_vs_p_at_ob,train_cfg_0300,4289570010,True,A,True,D,DEPLOYMENT SPEED,A. Deployment speed.,A. Deployment speed.
train_0300__q_at_ob_vs_p_at_ob,train_cfg_0300,2371069642,True,A,True,D,DEPLOYMENT SPEED,A. Deployment speed.,A. Deployment speed.
train_0301__p_at_oa_vs_q_at_oa,train_cfg_0301,78935625,True,A,True,M,STAFF SUSTAINABILITY,A. Staff sustainability.,A. Staff sustainability.
train_0301__p_at_oa_vs_q_at_oa,train_cfg_0301,3164689220,True,A,True,M,STAFF SUSTAINABILITY,A. Staff sustainability.,A. Staff sustainability.
train_0301__p_at_oa_vs_q_at_oa,train_cfg_0301,1332208269,True,A,True,M,STAFF SUSTAINABILITY,A. Staff sustainability.,A. Staff sustainability.
train_0301__q_at_oa_vs_p_at_oa,train_cfg_0301,1430671314,True,B,True,M,STAFF SUSTAINABILITY,<B>. Staff sustainability.,<B>. Staff sustainability.
train_0301__q_at_oa_vs_p_at_oa,train_cfg_0301,2638675370,True,B,True,M,STAFF SUSTAINABILITY,<B>. Staff sustainability.,<B>. Staff sustainability.
train_0301__q_at_oa_vs_p_at_oa,train_cfg_0301,1036668687,True,B,True,M,STAFF SUSTAINABILITY,<B>. Staff sustainability.,<B>. Staff sustainability.
train_0301__p_at_ob_vs_q_at_ob,train_cfg_0301,2073247998,True,A,True,M,STAFF SUSTAINABILITY,A. Staff sustainability.,A. Staff sustainability.
train_0301__p_at_ob_vs_q_at_ob,train_cfg_0301,1619067492,True,A,True,M,STAFF SUSTAINABILITY,A. Staff sustainability.,A. Staff sustainability.
train_0301__p_at_ob_vs_q_at_ob,train_cfg_0301,592152747,True,A,True,M,STAFF SUSTAINABILITY,A. Staff sustainability.,A. Staff sustainability.
train_0301__q_at_ob_vs_p_at_ob,train_cfg_0301,3732081336,True,B,True,M,STAFF SUSTAINABILITY,<B>. Staff sustainability.,<B>. Staff sustainability.
train_0301__q_at_ob_vs_p_at_ob,train_cfg_0301,1793400472,True,B,True,M,STAFF SUSTAINABILITY,<B>. Staff sustainability.,<B>. Staff sustainability.
train_0301__q_at_ob_vs_p_at_ob,train_cfg_0301,3723818732,True,B,True,M,STAFF SUSTAINABILITY,<B>. Staff sustainability.,<B>. Staff sustainability.
train_0302__p_at_oa_vs_q_at_oa,train_cfg_0302,3673531825,True,B,True,D,DEPLOYMENT SPEED,<B>. Deployment speed.,<B>. Deployment speed.
train_0302__p_at_oa_vs_q_at_oa,train_cfg_0302,1378558406,True,B,True,D,DEPLOYMENT SPEED,<B>. Deployment speed.,<B>. Deployment speed.
train_0302__p_at_oa_vs_q_at_oa,train_cfg_0302,2196873257,True,B,True,D,DEPLOYMENT SPEED,<B>. Deployment speed.,<B>. Deployment speed.
train_0302__q_at_oa_vs_p_at_oa,train_cfg_0302,2497095961,True,B,True,C,SERVICE CONTINUITY,<B>. Service continuity.,<B>. Service continuity.
train_0302__q_at_oa_vs_p_at_oa,train_cfg_0302,866847066,True,B,True,C,SERVICE CONTINUITY,<B>. Service continuity.,<B>. Service continuity.
train_0302__q_at_oa_vs_p_at_oa,train_cfg_0302,1720533775,True,B,True,C,SERVICE CONTINUITY,<B>. Service continuity.,<B>. Service continuity.
train_0302__p_at_ob_vs_q_at_ob,train_cfg_0302,1429828400,True,A,True,C,SERVICE CONTINUITY,A. Service continuity.,A. Service continuity.
train_0302__p_at_ob_vs_q_at_ob,train_cfg_0302,2242381651,True,A,True,C,SERVICE CONTINUITY,A. Service continuity.,A. Service continuity.
train_0302__p_at_ob_vs_q_at_ob,train_cfg_0302,996773479,True,A,True,C,SERVICE CONTINUITY,A. Service continuity.,A. Service continuity.
train_0302__q_at_ob_vs_p_at_ob,train_cfg_0302,1102837935,True,B,True,C,SERVICE CONTINUITY,<B>. Service continuity.,<B>. Service continuity.
train_0302__q_at_ob_vs_p_at_ob,train_cfg_0302,3795368474,True,B,True,C,SERVICE CONTINUITY,<B>. Service continuity.,<B>. Service continuity.
train_0302__q_at_ob_vs_p_at_ob,train_cfg_0302,343261320,True,B,True,C,SERVICE CONTINUITY,<B>. Service continuity.,<B>. Service continuity.
train_0303__p_at_oa_vs_q_at_oa,train_cfg_0303,2880276796,True,A,True,M,STAFF SUSTAINABILITY,A. Staff sustainability.,A. Staff sustainability.
train_0303__p_at_oa_vs_q_at_oa,train_cfg_0303,4067758899,True,A,True,M,STAFF SUSTAINABILITY,A. Staff sustainability.,A. Staff sustainability.
train_0303__p_at_oa_vs_q_at_oa,train_cfg_0303,3776820648,True,A,True,M,STAFF SUSTAINABILITY,A. Staff sustainability.,A. Staff sustainability.
train_0303__q_at_oa_vs_p_at_oa,train_cfg_0303,2299098656,True,B,True,A,AUDIT READINESS,<B>. Audit readiness.,<B>. Audit readiness.
train_0303__q_at_oa_vs_p_at_oa,train_cfg_0303,2364483955,True,B,True,A,AUDIT READINESS,<B>. Audit readiness.,<B>. Audit readiness.
train_0303__q_at_oa_vs_p_at_oa,train_cfg_0303,7341597,True,B,True,A,AUDIT READINESS,<B>. Audit readiness.,<B>. Audit readiness.
train_0303__p_at_ob_vs_q_at_ob,train_cfg_0303,1694086872,True,A,True,C,SERVICE CONTINUITY,A. Service continuity.,A. Service continuity.
train_0303__p_at_ob_vs_q_at_ob,train_cfg_0303,1515022399,True,A,True,C,SERVICE CONTINUITY,A. Service continuity.,A. Service continuity.
train_0303__p_at_ob_vs_q_at_ob,train_cfg_0303,803035272,True,A,True,C,SERVICE CONTINUITY,A. Service continuity.,A. Service continuity.
train_0303__q_at_ob_vs_p_at_ob,train_cfg_0303,87354357,True,B,True,A,AUDIT READINESS,<B>. Audit readiness.,<B>. Audit readiness.
train_0303__q_at_ob_vs_p_at_ob,train_cfg_0303,825376029,True,B,True,A,AUDIT READINESS,<B>. Audit readiness.,<B>. Audit readiness.
train_0303__q_at_ob_vs_p_at_ob,train_cfg_0303,1722829088,True,B,True,A,AUDIT READINESS,<B>. Audit readiness.,<B>. Audit readiness.
train_0304__p_at_oa_vs_q_at_oa,train_cfg_0304,757280953,True,B,True,M,STAFF SUSTAINABILITY,<B>. Staff sustainability.,<B>. Staff sustainability.
train_0304__p_at_oa_vs_q_at_oa,train_cfg_0304,503152222,True,B,True,M,STAFF SUSTAINABILITY,<B>. Staff sustainability.,<B>. Staff sustainability.
train_0304__p_at_oa_vs_q_at_oa,train_cfg_0304,602715799,True,B,True,M,STAFF SUSTAINABILITY,<B>. Staff sustainability.,<B>. Staff sustainability.
train_0304__q_at_oa_vs_p_at_oa,train_cfg_0304,3284023399,True,A,True,M,STAFF SUSTAINABILITY,A. Staff sustainability.,A. Staff sustainability.
train_0304__q_at_oa_vs_p_at_oa,train_cfg_0304,1413469730,True,A,True,M,STAFF SUSTAINABILITY,A. Staff sustainability.,A. Staff sustainability.
train_0304__q_at_oa_vs_p_at_oa,train_cfg_0304,1083124518,True,B,True,C,SERVICE CONTINUITY,<B>. Service continuity.,<B>. Service continuity.
train_0304__p_at_ob_vs_q_at_ob,train_cfg_0304,2738021977,True,B,True,M,STAFF SUSTAINABILITY,<B>. Staff sustainability.,<B>. Staff sustainability.
train_0304__p_at_ob_vs_q_at_ob,train_cfg_0304,860361773,True,B,True,M,STAFF SUSTAINABILITY,<B>. Staff sustainability.,<B>. Staff sustainability.
train_0304__p_at_ob_vs_q_at_ob,train_cfg_0304,891877101,True,B,True,M,STAFF SUSTAINABILITY,<B>. Staff sustainability.,<B>. Staff sustainability.
train_0304__q_at_ob_vs_p_at_ob,train_cfg_0304,1764524899,True,A,True,M,STAFF SUSTAINABILITY,A. Staff sustainability.,A. Staff sustainability.
train_0304__q_at_ob_vs_p_at_ob,train_cfg_0304,4236891579,True,A,True,M,STAFF SUSTAINABILITY,A. Staff sustainability.,A. Staff sustainability.
train_0304__q_at_ob_vs_p_at_ob,train_cfg_0304,826634614,True,A,True,M,STAFF SUSTAINABILITY,A. Staff sustainability.,A. Staff sustainability.
train_0305__p_at_oa_vs_q_at_oa,train_cfg_0305,456109771,True,B,True,C,SERVICE CONTINUITY,<B>. Service continuity.,<B>. Service continuity.
train_0305__p_at_oa_vs_q_at_oa,train_cfg_0305,2950824396,True,B,True,C,SERVICE CONTINUITY,<B>. Service continuity.,<B>. Service continuity.
train_0305__p_at_oa_vs_q_at_oa,train_cfg_0305,3465740488,True,B,True,C,SERVICE CONTINUITY,<B>. Service continuity.,<B>. Service continuity.
train_0305__q_at_oa_vs_p_at_oa,train_cfg_0305,1091690596,True,A,True,C,SERVICE CONTINUITY,A. Service continuity.,A. Service continuity.
train_0305__q_at_oa_vs_p_at_oa,train_cfg_0305,2918920368,True,A,True,C,SERVICE CONTINUITY,A. Service continuity.,A. Service continuity.
train_0305__q_at_oa_vs_p_at_oa,train_cfg_0305,2772894554,True,A,True,C,SERVICE CONTINUITY,A. Service continuity.,A. Service continuity.
train_0305__p_at_ob_vs_q_at_ob,train_cfg_0305,764764900,True,B,True,C,SERVICE CONTINUITY,<B>. Service continuity.,<B>. Service continuity.
train_0305__p_at_ob_vs_q_at_ob,train_cfg_0305,193674092,True,B,True,C,SERVICE CONTINUITY,<B>. Service continuity.,<B>. Service continuity.
train_0305__p_at_ob_vs_q_at_ob,train_cfg_0305,3547753804,True,B,True,C,SERVICE CONTINUITY,<B>. Service continuity.,<B>. Service continuity.
train_0305__q_at_ob_vs_p_at_ob,train_cfg_0305,2947288255,True,A,True,C,SERVICE CONTINUITY,A. Service continuity.,A. Service continuity.
train_0305__q_at_ob_vs_p_at_ob,train_cfg_0305,810355967,True,A,True,C,SERVICE CONTINUITY,A. Service continuity.,A. Service continuity.
train_0305__q_at_ob_vs_p_at_ob,train_cfg_0305,624653836,True,A,True,C,SERVICE CONTINUITY,A. Service continuity.,A. Service continuity.
train_0306__p_at_oa_vs_q_at_oa,train_cfg_0306,1554597607,True,A,True,D,DEPLOYMENT SPEED,A. Deployment speed.,A. Deployment speed.
train_0306__p_at_oa_vs_q_at_oa,train_cfg_0306,3291764800,True,A,True,D,DEPLOYMENT SPEED,A. Deployment speed.,A. Deployment speed.
train_0306__p_at_oa_vs_q_at_oa,train_cfg_0306,372530448,True,A,True,D,DEPLOYMENT SPEED,A. Deployment speed.,A. Deployment speed.
train_0306__q_at_oa_vs_p_at_oa,train_cfg_0306,1162940397,True,B,True,D,DEPLOYMENT SPEED,<B>. Deployment speed.,<B>. Deployment speed.
train_0306__q_at_oa_vs_p_at_oa,train_cfg_0306,806579890,True,B,True,D,DEPLOYMENT SPEED,<B>. Deployment speed.,<B>. Deployment speed.
train_0306__q_at_oa_vs_p_at_oa,train_cfg_0306,3021915826,True,B,True,D,DEPLOYMENT SPEED,<B>. Deployment speed.,<B>. Deployment speed.
train_0306__p_at_ob_vs_q_at_ob,train_cfg_0306,603137375,True,A,True,D,DEPLOYMENT SPEED,A. Deployment speed.,A. Deployment speed.
train_0306__p_at_ob_vs_q_at_ob,train_cfg_0306,2289021279,True,A,True,D,DEPLOYMENT SPEED,A. Deployment speed.,A. Deployment speed.
train_0306__p_at_ob_vs_q_at_ob,train_cfg_0306,3615260138,True,A,True,D,DEPLOYMENT SPEED,A. Deployment speed.,A. Deployment speed.
train_0306__q_at_ob_vs_p_at_ob,train_cfg_0306,3840611882,True,A,True,M,STAFF SUSTAINABILITY,A. Staff sustainability.,A. Staff sustainability.
train_0306__q_at_ob_vs_p_at_ob,train_cfg_0306,4201424538,True,B,True,D,DEPLOYMENT SPEED,<B>. Deployment speed.,<B>. Deployment speed.
train_0306__q_at_ob_vs_p_at_ob,train_cfg_0306,4200053249,True,A,True,M,STAFF SUSTAINABILITY,A. Staff sustainability.,A. Staff sustainability.
train_0307__p_at_oa_vs_q_at_oa,train_cfg_0307,86926921,True,B,True,M,STAFF SUSTAINABILITY,<B>. Staff sustainability.,<B>. Staff sustainability.
train_0307__p_at_oa_vs_q_at_oa,train_cfg_0307,1931624133,True,B,True,M,STAFF SUSTAINABILITY,<B>. Staff sustainability.,<B>. Staff sustainability.
train_0307__p_at_oa_vs_q_at_oa,train_cfg_0307,4067760962,True,B,True,M,STAFF SUSTAINABILITY,<B>. Staff sustainability.,<B>. Staff sustainability.
train_0307__q_at_oa_vs_p_at_oa,train_cfg_0307,1869973140,True,A,True,M,STAFF SUSTAINABILITY,A. Staff sustainability.,A. Staff sustainability.
train_0307__q_at_oa_vs_p_at_oa,train_cfg_0307,3775248683,True,A,True,M,STAFF SUSTAINABILITY,A. Staff sustainability.,A. Staff sustainability.
train_0307__q_at_oa_vs_p_at_oa,train_cfg_0307,483439376,True,A,True,M,STAFF SUSTAINABILITY,A. Staff sustainability.,A. Staff sustainability.
train_0307__p_at_ob_vs_q_at_ob,train_cfg_0307,3382072287,True,B,True,M,STAFF SUSTAINABILITY,<B>. Staff sustainability.,<B>. Staff sustainability.
train_0307__p_at_ob_vs_q_at_ob,train_cfg_0307,1867784603,True,B,True,M,STAFF SUSTAINABILITY,<B>. Staff sustainability.,<B>. Staff sustainability.
train_0307__p_at_ob_vs_q_at_ob,train_cfg_0307,3520868947,True,B,True,M,STAFF SUSTAINABILITY,<B>. Staff sustainability.,<B>. Staff sustainability.
train_0307__q_at_ob_vs_p_at_ob,train_cfg_0307,269803271,True,A,True,M,STAFF SUSTAINABILITY,A. Staff sustainability.,A. Staff sustainability.
train_0307__q_at_ob_vs_p_at_ob,train_cfg_0307,914843792,True,A,True,M,STAFF SUSTAINABILITY,A. Staff sustainability.,A. Staff sustainability.
train_0307__q_at_ob_vs_p_at_ob,train_cfg_0307,1121074690,True,A,True,M,STAFF SUSTAINABILITY,A. Staff sustainability.,A. Staff sustainability.
train_0308__p_at_oa_vs_q_at_oa,train_cfg_0308,3290142912,True,A,True,M,STAFF SUSTAINABILITY,A. Staff sustainability.,A. Staff sustainability.
train_0308__p_at_oa_vs_q_at_oa,train_cfg_0308,1943935265,True,A,True,M,STAFF SUSTAINABILITY,A. Staff sustainability.,A. Staff sustainability.
train_0308__p_at_oa_vs_q_at_oa,train_cfg_0308,2212265881,True,A,True,M,STAFF SUSTAINABILITY,A. Staff sustainability.,A. Staff sustainability.
train_0308__q_at_oa_vs_p_at_oa,train_cfg_0308,1755866373,True,B,True,M,STAFF SUSTAINABILITY,<B>. Staff sustainability.,<B>. Staff sustainability.
train_0308__q_at_oa_vs_p_at_oa,train_cfg_0308,993201107,True,B,True,M,STAFF SUSTAINABILITY,<B>. Staff sustainability.,<B>. Staff sustainability.
train_0308__q_at_oa_vs_p_at_oa,train_cfg_0308,138616597,True,B,True,M,STAFF SUSTAINABILITY,<B>. Staff sustainability.,<B>. Staff sustainability.
train_0308__p_at_ob_vs_q_at_ob,train_cfg_0308,755118719,True,A,True,M,STAFF SUSTAINABILITY,A. Staff sustainability.,A. Staff sustainability.
train_0308__p_at_ob_vs_q_at_ob,train_cfg_0308,2052690460,True,A,True,M,STAFF SUSTAINABILITY,A. Staff sustainability.,A. Staff sustainability.
train_0308__p_at_ob_vs_q_at_ob,train_cfg_0308,3620416959,True,A,True,M,STAFF SUSTAINABILITY,A. Staff sustainability.,A. Staff sustainability.
train_0308__q_at_ob_vs_p_at_ob,train_cfg_0308,920560826,True,B,True,M,STAFF SUSTAINABILITY,<B>. Staff sustainability.,<B>. Staff sustainability.
train_0308__q_at_ob_vs_p_at_ob,train_cfg_0308,1951316794,True,B,True,M,STAFF SUSTAINABILITY,<B>. Staff sustainability.,<B>. Staff sustainability.
train_0308__q_at_ob_vs_p_at_ob,train_cfg_0308,1591195300,True,B,True,M,STAFF SUSTAINABILITY,<B>. Staff sustainability.,<B>. Staff sustainability.
train_0309__p_at_oa_vs_q_at_oa,train_cfg_0309,871551793,True,B,True,D,DEPLOYMENT SPEED,<B>. Deployment speed.,<B>. Deployment speed.
train_0309__p_at_oa_vs_q_at_oa,train_cfg_0309,4113464426,True,B,True,D,DEPLOYMENT SPEED,B. Deployment speed.,B. Deployment speed.
train_0309__p_at_oa_vs_q_at_oa,train_cfg_0309,2922928732,True,B,True,D,DEPLOYMENT SPEED,<B>. Deployment speed.,<B>. Deployment speed.
train_0309__q_at_oa_vs_p_at_oa,train_cfg_0309,4176054749,True,A,True,D,DEPLOYMENT SPEED,A. Deployment speed.,A. Deployment speed.
train_0309__q_at_oa_vs_p_at_oa,train_cfg_0309,3275782855,True,A,True,T,THREAT REDUCTION,A. Threat reduction.,A. Threat reduction.
train_0309__q_at_oa_vs_p_at_oa,train_cfg_0309,3546908406,True,A,True,T,THREAT REDUCTION,A. Threat reduction.,A. Threat reduction.
train_0309__p_at_ob_vs_q_at_ob,train_cfg_0309,127120302,True,B,True,D,DEPLOYMENT SPEED,B. Deployment speed.,B. Deployment speed.
train_0309__p_at_ob_vs_q_at_ob,train_cfg_0309,3891629201,True,B,True,D,DEPLOYMENT SPEED,B. Deployment speed.,B. Deployment speed.
train_0309__p_at_ob_vs_q_at_ob,train_cfg_0309,156067611,True,B,True,D,DEPLOYMENT SPEED,B. Deployment speed.,B. Deployment speed.
train_0309__q_at_ob_vs_p_at_ob,train_cfg_0309,3819546144,True,A,True,D,DEPLOYMENT SPEED,A. Deployment speed.,A. Deployment speed.
train_0309__q_at_ob_vs_p_at_ob,train_cfg_0309,2956998715,True,A,True,D,DEPLOYMENT SPEED,A. Deployment speed.,A. Deployment speed.
train_0309__q_at_ob_vs_p_at_ob,train_cfg_0309,3385560524,True,A,True,D,DEPLOYMENT SPEED,A. Deployment speed.,A. Deployment speed.
train_0310__p_at_oa_vs_q_at_oa,train_cfg_0310,3681186709,True,A,True,C,SERVICE CONTINUITY,A. Service continuity.,A. Service continuity.
train_0310__p_at_oa_vs_q_at_oa,train_cfg_0310,1229278320,True,A,True,C,SERVICE CONTINUITY,A. Service continuity.,A. Service continuity.
train_0310__p_at_oa_vs_q_at_oa,train_cfg_0310,1948561547,True,A,True,C,SERVICE CONTINUITY,A. Service continuity.,A. Service continuity.
train_0310__q_at_oa_vs_p_at_oa,train_cfg_0310,717786979,True,B,True,C,SERVICE CONTINUITY,<B>. Service continuity.,<B>. Service continuity.
train_0310__q_at_oa_vs_p_at_oa,train_cfg_0310,58782173,True,B,True,C,SERVICE CONTINUITY,<B>. Service continuity.,<B>. Service continuity.
train_0310__q_at_oa_vs_p_at_oa,train_cfg_0310,772016268,True,B,True,C,SERVICE CONTINUITY,<B>. Service continuity.,<B>. Service continuity.
train_0310__p_at_ob_vs_q_at_ob,train_cfg_0310,808731323,True,A,True,C,SERVICE CONTINUITY,A. Service continuity.,A. Service continuity.
train_0310__p_at_ob_vs_q_at_ob,train_cfg_0310,3179700007,True,A,True,C,SERVICE CONTINUITY,A. Service continuity.,A. Service continuity.
train_0310__p_at_ob_vs_q_at_ob,train_cfg_0310,1659184209,True,A,True,C,SERVICE CONTINUITY,A. Service continuity.,A. Service continuity.
train_0310__q_at_ob_vs_p_at_ob,train_cfg_0310,757865714,True,B,True,C,SERVICE CONTINUITY,<B>. Service continuity.,<B>. Service continuity.
train_0310__q_at_ob_vs_p_at_ob,train_cfg_0310,1543566720,True,B,True,C,SERVICE CONTINUITY,<B>. Service continuity.,<B>. Service continuity.
train_0310__q_at_ob_vs_p_at_ob,train_cfg_0310,4241964646,True,B,True,C,SERVICE CONTINUITY,<B>. Service continuity.,<B>. Service continuity.
train_0311__p_at_oa_vs_q_at_oa,train_cfg_0311,3155135006,True,B,True,T,THREAT REDUCTION,B. Threat reduction.,B. Threat reduction.
train_0311__p_at_oa_vs_q_at_oa,train_cfg_0311,2914427393,True,B,True,T,THREAT REDUCTION,B. Threat reduction.,B. Threat reduction.
train_0311__p_at_oa_vs_q_at_oa,train_cfg_0311,3048234696,True,B,True,T,THREAT REDUCTION,B. Threat reduction.,B. Threat reduction.
train_0311__q_at_oa_vs_p_at_oa,train_cfg_0311,3720826075,True,A,True,T,THREAT REDUCTION,A. Threat reduction.,A. Threat reduction.
train_0311__q_at_oa_vs_p_at_oa,train_cfg_0311,1829298116,True,A,True,T,THREAT REDUCTION,A. Threat reduction.,A. Threat reduction.
train_0311__q_at_oa_vs_p_at_oa,train_cfg_0311,3780846183,True,A,True,T,THREAT REDUCTION,A. Threat reduction.,A. Threat reduction.
train_0311__p_at_ob_vs_q_at_ob,train_cfg_0311,440938999,True,B,True,T,THREAT REDUCTION,<B>. Threat reduction.,<B>. Threat reduction.
train_0311__p_at_ob_vs_q_at_ob,train_cfg_0311,2803295524,True,B,True,T,THREAT REDUCTION,<B>. Threat reduction.,<B>. Threat reduction.
train_0311__p_at_ob_vs_q_at_ob,train_cfg_0311,2449021688,True,B,True,T,THREAT REDUCTION,<B>. Threat reduction.,<B>. Threat reduction.
train_0311__q_at_ob_vs_p_at_ob,train_cfg_0311,2860883442,True,A,True,T,THREAT REDUCTION,A. Threat reduction.,A. Threat reduction.
train_0311__q_at_ob_vs_p_at_ob,train_cfg_0311,3277788726,True,A,True,T,THREAT REDUCTION,A. Threat reduction.,A. Threat reduction.
train_0311__q_at_ob_vs_p_at_ob,train_cfg_0311,4034612075,True,A,True,T,THREAT REDUCTION,A. Threat reduction.,A. Threat reduction.
train_0312__p_at_oa_vs_q_at_oa,train_cfg_0312,460883857,True,A,True,M,STAFF SUSTAINABILITY,A. Staff sustainability.,A. Staff sustainability.
train_0312__p_at_oa_vs_q_at_oa,train_cfg_0312,2993930350,True,A,True,M,STAFF SUSTAINABILITY,A. Staff sustainability.,A. Staff sustainability.
train_0312__p_at_oa_vs_q_at_oa,train_cfg_0312,4236697387,True,A,True,M,STAFF SUSTAINABILITY,A. Staff sustainability.,A. Staff sustainability.
train_0312__q_at_oa_vs_p_at_oa,train_cfg_0312,2902160133,True,B,True,C,SERVICE CONTINUITY,<B>. Service continuity.,<B>. Service continuity.
train_0312__q_at_oa_vs_p_at_oa,train_cfg_0312,2759015997,True,B,True,C,SERVICE CONTINUITY,<B>. Service continuity.,<B>. Service continuity.
train_0312__q_at_oa_vs_p_at_oa,train_cfg_0312,3603792895,True,B,True,C,SERVICE CONTINUITY,<B>. Service continuity.,<B>. Service continuity.
train_0312__p_at_ob_vs_q_at_ob,train_cfg_0312,3854994447,True,A,True,T,THREAT REDUCTION,A. Threat reduction.,A. Threat reduction.
train_0312__p_at_ob_vs_q_at_ob,train_cfg_0312,3929698372,True,A,True,T,THREAT REDUCTION,A. Threat reduction.,A. Threat reduction.
train_0312__p_at_ob_vs_q_at_ob,train_cfg_0312,2939978980,True,A,True,T,THREAT REDUCTION,A. Threat reduction.,A. Threat reduction.
train_0312__q_at_ob_vs_p_at_ob,train_cfg_0312,2384461346,True,B,True,C,SERVICE CONTINUITY,<B>. Service continuity.,<B>. Service continuity.
train_0312__q_at_ob_vs_p_at_ob,train_cfg_0312,1168919137,True,B,True,C,SERVICE CONTINUITY,<B>. Service continuity.,<B>. Service continuity.
train_0312__q_at_ob_vs_p_at_ob,train_cfg_0312,2623780748,True,B,True,C,SERVICE CONTINUITY,<B>. Service continuity.,<B>. Service continuity.
train_0313__p_at_oa_vs_q_at_oa,train_cfg_0313,3486891087,True,B,True,C,SERVICE CONTINUITY,<B>. Service continuity.,<B>. Service continuity.
train_0313__p_at_oa_vs_q_at_oa,train_cfg_0313,2828199855,True,B,True,C,SERVICE CONTINUITY,<B>. Service continuity.,<B>. Service continuity.
train_0313__p_at_oa_vs_q_at_oa,train_cfg_0313,1339011929,True,B,True,C,SERVICE CONTINUITY,<B>. Service continuity.,<B>. Service continuity.
train_0313__q_at_oa_vs_p_at_oa,train_cfg_0313,3473868724,True,A,True,C,SERVICE CONTINUITY,A. Service continuity.,A. Service continuity.
train_0313__q_at_oa_vs_p_at_oa,train_cfg_0313,167635113,True,A,True,C,SERVICE CONTINUITY,A. Service continuity.,A. Service continuity.
train_0313__q_at_oa_vs_p_at_oa,train_cfg_0313,302299258,True,A,True,C,SERVICE CONTINUITY,A. Service continuity.,A. Service continuity.
train_0313__p_at_ob_vs_q_at_ob,train_cfg_0313,3618216379,True,B,True,C,SERVICE CONTINUITY,<B>. Service continuity.,<B>. Service continuity.
train_0313__p_at_ob_vs_q_at_ob,train_cfg_0313,2612967163,True,B,True,C,SERVICE CONTINUITY,<B>. Service continuity.,<B>. Service continuity.
train_0313__p_at_ob_vs_q_at_ob,train_cfg_0313,3953246689,True,B,True,C,SERVICE CONTINUITY,<B>. Service continuity.,<B>. Service continuity.
train_0313__q_at_ob_vs_p_at_ob,train_cfg_0313,1460994053,True,A,True,C,SERVICE CONTINUITY,A. Service continuity.,A. Service continuity.
train_0313__q_at_ob_vs_p_at_ob,train_cfg_0313,1052854000,True,A,True,C,SERVICE CONTINUITY,A. Service continuity.,A. Service continuity.
train_0313__q_at_ob_vs_p_at_ob,train_cfg_0313,1258049798,True,A,True,C,SERVICE CONTINUITY,A. Service continuity.,A. Service continuity.
train_0314__p_at_oa_vs_q_at_oa,train_cfg_0314,1984995745,True,B,True,C,SERVICE CONTINUITY,<B>. Service continuity.,<B>. Service continuity.
train_0314__p_at_oa_vs_q_at_oa,train_cfg_0314,52565891,True,B,True,C,SERVICE CONTINUITY,<B>. Service continuity.,<B>. Service continuity.
train_0314__p_at_oa_vs_q_at_oa,train_cfg_0314,2753694735,True,B,True,C,SERVICE CONTINUITY,<B>. Service continuity.,<B>. Service continuity.
train_0314__q_at_oa_vs_p_at_oa,train_cfg_0314,976135821,True,A,True,M,STAFF SUSTAINABILITY,A. Staff sustainability.,A. Staff sustainability.
train_0314__q_at_oa_vs_p_at_oa,train_cfg_0314,3990786312,True,A,True,M,STAFF SUSTAINABILITY,A. Staff sustainability.,A. Staff sustainability.
train_0314__q_at_oa_vs_p_at_oa,train_cfg_0314,651368194,True,A,True,C,SERVICE CONTINUITY,A. Service continuity.,A. Service continuity.
train_0314__p_at_ob_vs_q_at_ob,train_cfg_0314,2542840900,True,B,True,C,SERVICE CONTINUITY,<B>. Service continuity.,<B>. Service continuity.
train_0314__p_at_ob_vs_q_at_ob,train_cfg_0314,3831861429,True,B,True,C,SERVICE CONTINUITY,<B>. Service continuity.,<B>. Service continuity.
train_0314__p_at_ob_vs_q_at_ob,train_cfg_0314,3120671899,True,B,True,C,SERVICE CONTINUITY,<B>. Service continuity.,<B>. Service continuity.
train_0314__q_at_ob_vs_p_at_ob,train_cfg_0314,4040572595,True,A,True,C,SERVICE CONTINUITY,A. Service continuity.,A. Service continuity.
train_0314__q_at_ob_vs_p_at_ob,train_cfg_0314,144869162,True,A,True,C,SERVICE CONTINUITY,A. Service continuity.,A. Service continuity.
train_0314__q_at_ob_vs_p_at_ob,train_cfg_0314,944801121,True,A,True,C,SERVICE CONTINUITY,A. Service continuity.,A. Service continuity.
train_0315__p_at_oa_vs_q_at_oa,train_cfg_0315,3837027691,True,B,True,D,DEPLOYMENT SPEED,<B>. Deployment speed.,<B>. Deployment speed.
train_0315__p_at_oa_vs_q_at_oa,train_cfg_0315,4247985317,True,B,True,D,DEPLOYMENT SPEED,<B>. Deployment speed.,<B>. Deployment speed.
train_0315__p_at_oa_vs_q_at_oa,train_cfg_0315,2932459627,True,B,True,D,DEPLOYMENT SPEED,<B>. Deployment speed.,<B>. Deployment speed.
train_0315__q_at_oa_vs_p_at_oa,train_cfg_0315,1864989587,True,A,True,C,SERVICE CONTINUITY,A. Service continuity.,A. Service continuity.
train_0315__q_at_oa_vs_p_at_oa,train_cfg_0315,2033652406,True,A,True,C,SERVICE CONTINUITY,A. Service continuity.,A. Service continuity.
train_0315__q_at_oa_vs_p_at_oa,train_cfg_0315,510214859,True,A,True,C,SERVICE CONTINUITY,A. Service continuity.,A. Service continuity.
train_0315__p_at_ob_vs_q_at_ob,train_cfg_0315,2519543288,True,B,True,C,SERVICE CONTINUITY,<B>. Service continuity.,<B>. Service continuity.
train_0315__p_at_ob_vs_q_at_ob,train_cfg_0315,2500729780,True,B,True,C,SERVICE CONTINUITY,<B>. Service continuity.,<B>. Service continuity.
train_0315__p_at_ob_vs_q_at_ob,train_cfg_0315,3726896332,True,B,True,C,SERVICE CONTINUITY,<B>. Service continuity.,<B>. Service continuity.
train_0315__q_at_ob_vs_p_at_ob,train_cfg_0315,2802822483,True,A,True,C,SERVICE CONTINUITY,A. Service continuity.,A. Service continuity.
train_0315__q_at_ob_vs_p_at_ob,train_cfg_0315,4035317592,True,A,True,C,SERVICE CONTINUITY,A. Service continuity.,A. Service continuity.
train_0315__q_at_ob_vs_p_at_ob,train_cfg_0315,2186440956,True,A,True,C,SERVICE CONTINUITY,A. Service continuity.,A. Service continuity.
train_0316__p_at_oa_vs_q_at_oa,train_cfg_0316,1068844116,True,A,True,D,DEPLOYMENT SPEED,A. Deployment speed.,A. Deployment speed.
train_0316__p_at_oa_vs_q_at_oa,train_cfg_0316,2764412529,True,A,True,C,SERVICE CONTINUITY,A. Service continuity.,A. Service continuity.
train_0316__p_at_oa_vs_q_at_oa,train_cfg_0316,99251406,True,A,True,C,SERVICE CONTINUITY,A. Service continuity.,A. Service continuity.
train_0316__q_at_oa_vs_p_at_oa,train_cfg_0316,914883105,True,B,True,C,SERVICE CONTINUITY,<B>. Service continuity.,<B>. Service continuity.
train_0316__q_at_oa_vs_p_at_oa,train_cfg_0316,905955844,True,B,True,C,SERVICE CONTINUITY,<B>. Service continuity.,<B>. Service continuity.
train_0316__q_at_oa_vs_p_at_oa,train_cfg_0316,994902748,True,B,True,C,SERVICE CONTINUITY,<B>. Service continuity.,<B>. Service continuity.
train_0316__p_at_ob_vs_q_at_ob,train_cfg_0316,2995791316,True,A,True,C,SERVICE CONTINUITY,A. Service continuity.,A. Service continuity.
train_0316__p_at_ob_vs_q_at_ob,train_cfg_0316,3302386573,True,A,True,C,SERVICE CONTINUITY,A. Service continuity.,A. Service continuity.
train_0316__p_at_ob_vs_q_at_ob,train_cfg_0316,3763822412,True,A,True,C,SERVICE CONTINUITY,A. Service continuity.,A. Service continuity.
train_0316__q_at_ob_vs_p_at_ob,train_cfg_0316,3810980732,True,B,True,C,SERVICE CONTINUITY,<B>. Service continuity.,<B>. Service continuity.
train_0316__q_at_ob_vs_p_at_ob,train_cfg_0316,1642322376,True,B,True,C,SERVICE CONTINUITY,<B>. Service continuity.,<B>. Service continuity.
train_0316__q_at_ob_vs_p_at_ob,train_cfg_0316,3827183692,True,B,True,C,SERVICE CONTINUITY,<B>. Service continuity.,<B>. Service continuity.
train_0317__p_at_oa_vs_q_at_oa,train_cfg_0317,1464319878,True,B,True,T,THREAT REDUCTION,<B>. Threat reduction.,<B>. Threat reduction.
train_0317__p_at_oa_vs_q_at_oa,train_cfg_0317,2755791683,True,B,True,T,THREAT REDUCTION,<B>. Threat reduction.,<B>. Threat reduction.
train_0317__p_at_oa_vs_q_at_oa,train_cfg_0317,186245785,True,B,True,T,THREAT REDUCTION,B. Threat reduction.,B. Threat reduction.
train_0317__q_at_oa_vs_p_at_oa,train_cfg_0317,3479784970,True,A,True,C,SERVICE CONTINUITY,A. Service continuity.,A. Service continuity.
train_0317__q_at_oa_vs_p_at_oa,train_cfg_0317,1250533473,True,A,True,C,SERVICE CONTINUITY,A. Service continuity.,A. Service continuity.
train_0317__q_at_oa_vs_p_at_oa,train_cfg_0317,838650516,True,A,True,C,SERVICE CONTINUITY,A. Service continuity.,A. Service continuity.
train_0317__p_at_ob_vs_q_at_ob,train_cfg_0317,3847091689,True,B,True,C,SERVICE CONTINUITY,<B>. Service continuity.,<B>. Service continuity.
train_0317__p_at_ob_vs_q_at_ob,train_cfg_0317,2336852931,True,B,True,C,SERVICE CONTINUITY,<B>. Service continuity.,<B>. Service continuity.
train_0317__p_at_ob_vs_q_at_ob,train_cfg_0317,444154007,True,B,True,C,SERVICE CONTINUITY,<B>. Service continuity.,<B>. Service continuity.
train_0317__q_at_ob_vs_p_at_ob,train_cfg_0317,4171499056,True,A,True,C,SERVICE CONTINUITY,A. Service continuity.,A. Service continuity.
train_0317__q_at_ob_vs_p_at_ob,train_cfg_0317,481898571,True,A,True,C,SERVICE CONTINUITY,A. Service continuity.,A. Service continuity.
train_0317__q_at_ob_vs_p_at_ob,train_cfg_0317,3132934124,True,A,True,C,SERVICE CONTINUITY,A. Service continuity.,A. Service continuity.
train_0318__p_at_oa_vs_q_at_oa,train_cfg_0318,1478364571,True,B,True,T,THREAT REDUCTION,<B>. Threat reduction.,<B>. Threat reduction.
train_0318__p_at_oa_vs_q_at_oa,train_cfg_0318,178207049,True,B,True,T,THREAT REDUCTION,<B>. Threat reduction.,<B>. Threat reduction.
train_0318__p_at_oa_vs_q_at_oa,train_cfg_0318,367948277,True,B,True,T,THREAT REDUCTION,<B>. Threat reduction.,<B>. Threat reduction.
train_0318__q_at_oa_vs_p_at_oa,train_cfg_0318,2162827217,True,B,True,D,DEPLOYMENT SPEED,<B>. Deployment speed.,<B>. Deployment speed.
train_0318__q_at_oa_vs_p_at_oa,train_cfg_0318,868437298,True,B,True,D,DEPLOYMENT SPEED,<B>. Deployment speed.,<B>. Deployment speed.
train_0318__q_at_oa_vs_p_at_oa,train_cfg_0318,2823491142,True,B,True,D,DEPLOYMENT SPEED,<B>. Deployment speed.,<B>. Deployment speed.
train_0318__p_at_ob_vs_q_at_ob,train_cfg_0318,2730289516,True,B,True,T,THREAT REDUCTION,<B>. Threat reduction.,<B>. Threat reduction.
train_0318__p_at_ob_vs_q_at_ob,train_cfg_0318,844101993,True,B,True,T,THREAT REDUCTION,<B>. Threat reduction.,<B>. Threat reduction.
train_0318__p_at_ob_vs_q_at_ob,train_cfg_0318,1033616348,True,B,True,T,THREAT REDUCTION,<B>. Threat reduction.,<B>. Threat reduction.
train_0318__q_at_ob_vs_p_at_ob,train_cfg_0318,3616198361,True,A,True,M,STAFF SUSTAINABILITY,A. Staff sustainability.,A. Staff sustainability.
train_0318__q_at_ob_vs_p_at_ob,train_cfg_0318,1577126170,True,A,True,M,STAFF SUSTAINABILITY,A. Staff sustainability.,A. Staff sustainability.
train_0318__q_at_ob_vs_p_at_ob,train_cfg_0318,903000613,True,A,True,M,STAFF SUSTAINABILITY,A. Staff sustainability.,A. Staff sustainability.
train_0319__p_at_oa_vs_q_at_oa,train_cfg_0319,1865938105,True,A,True,A,AUDIT READINESS,A. Audit readiness.,A. Audit readiness.
train_0319__p_at_oa_vs_q_at_oa,train_cfg_0319,1939489276,True,A,True,A,AUDIT READINESS,A. Audit readiness.,A. Audit readiness.
train_0319__p_at_oa_vs_q_at_oa,train_cfg_0319,2381884580,True,A,True,A,AUDIT READINESS,A. Audit readiness.,A. Audit readiness.
train_0319__q_at_oa_vs_p_at_oa,train_cfg_0319,2138201387,True,B,True,C,SERVICE CONTINUITY,<B>. Service continuity.,<B>. Service continuity.
train_0319__q_at_oa_vs_p_at_oa,train_cfg_0319,3562541316,True,B,True,C,SERVICE CONTINUITY,<B>. Service continuity.,<B>. Service continuity.
train_0319__q_at_oa_vs_p_at_oa,train_cfg_0319,1855354429,True,B,True,C,SERVICE CONTINUITY,<B>. Service continuity.,<B>. Service continuity.
train_0319__p_at_ob_vs_q_at_ob,train_cfg_0319,3006605036,True,A,True,A,AUDIT READINESS,A. Audit readiness.,A. Audit readiness.
train_0319__p_at_ob_vs_q_at_ob,train_cfg_0319,1521034133,True,A,True,A,AUDIT READINESS,A. Audit readiness.,A. Audit readiness.
train_0319__p_at_ob_vs_q_at_ob,train_cfg_0319,3281976639,True,A,True,A,AUDIT READINESS,A. Audit readiness.,A. Audit readiness.
train_0319__q_at_ob_vs_p_at_ob,train_cfg_0319,3033505950,True,B,True,A,AUDIT READINESS,<B>. Audit readiness.,<B>. Audit readiness.
train_0319__q_at_ob_vs_p_at_ob,train_cfg_0319,1797055941,True,B,True,A,AUDIT READINESS,<B>. Audit readiness.,<B>. Audit readiness.
train_0319__q_at_ob_vs_p_at_ob,train_cfg_0319,3305828359,True,B,True,A,AUDIT READINESS,<B>. Audit readiness.,<B>. Audit readiness.
train_0320__p_at_oa_vs_q_at_oa,train_cfg_0320,923478406,True,B,True,C,SERVICE CONTINUITY,<B>. Service continuity.,<B>. Service continuity.
train_0320__p_at_oa_vs_q_at_oa,train_cfg_0320,3696322496,True,B,True,C,SERVICE CONTINUITY,<B>. Service continuity.,<B>. Service continuity.
train_0320__p_at_oa_vs_q_at_oa,train_cfg_0320,1956996738,True,B,True,C,SERVICE CONTINUITY,<B>. Service continuity.,<B>. Service continuity.
train_0320__q_at_oa_vs_p_at_oa,train_cfg_0320,3732394871,True,A,True,C,SERVICE CONTINUITY,A. Service continuity.,A. Service continuity.
train_0320__q_at_oa_vs_p_at_oa,train_cfg_0320,1134134803,True,A,True,C,SERVICE CONTINUITY,A. Service continuity.,A. Service continuity.
train_0320__q_at_oa_vs_p_at_oa,train_cfg_0320,4224926167,True,A,True,C,SERVICE CONTINUITY,A. Service continuity.,A. Service continuity.
train_0320__p_at_ob_vs_q_at_ob,train_cfg_0320,1654777791,True,B,True,C,SERVICE CONTINUITY,<B>. Service continuity.,<B>. Service continuity.
train_0320__p_at_ob_vs_q_at_ob,train_cfg_0320,534575794,True,B,True,C,SERVICE CONTINUITY,<B>. Service continuity.,<B>. Service continuity.
train_0320__p_at_ob_vs_q_at_ob,train_cfg_0320,1152804683,True,B,True,C,SERVICE CONTINUITY,<B>. Service continuity.,<B>. Service continuity.
train_0320__q_at_ob_vs_p_at_ob,train_cfg_0320,351627281,True,A,True,C,SERVICE CONTINUITY,A. Service continuity.,A. Service continuity.
train_0320__q_at_ob_vs_p_at_ob,train_cfg_0320,1601956840,True,A,True,C,SERVICE CONTINUITY,A. Service continuity.,A. Service continuity.
train_0320__q_at_ob_vs_p_at_ob,train_cfg_0320,3249555579,True,A,True,C,SERVICE CONTINUITY,A. Service continuity.,A. Service continuity.
train_0321__p_at_oa_vs_q_at_oa,train_cfg_0321,3255329816,True,B,True,M,STAFF SUSTAINABILITY,<B>. Staff sustainability.,<B>. Staff sustainability.
train_0321__p_at_oa_vs_q_at_oa,train_cfg_0321,3792790823,True,B,True,M,STAFF SUSTAINABILITY,<B>. Staff sustainability.,<B>. Staff sustainability.
train_0321__p_at_oa_vs_q_at_oa,train_cfg_0321,2136180461,True,B,True,M,STAFF SUSTAINABILITY,<B>. Staff sustainability.,<B>. Staff sustainability.
train_0321__q_at_oa_vs_p_at_oa,train_cfg_0321,1196153233,True,A,True,T,THREAT REDUCTION,A. Threat reduction.,A. Threat reduction.
train_0321__q_at_oa_vs_p_at_oa,train_cfg_0321,2095483298,True,A,True,T,THREAT REDUCTION,A. Threat reduction.,A. Threat reduction.
train_0321__q_at_oa_vs_p_at_oa,train_cfg_0321,1654164374,True,A,True,T,THREAT REDUCTION,A. Threat reduction.,A. Threat reduction.
train_0321__p_at_ob_vs_q_at_ob,train_cfg_0321,1454811127,True,B,True,M,STAFF SUSTAINABILITY,<B>. Staff sustainability.,<B>. Staff sustainability.
train_0321__p_at_ob_vs_q_at_ob,train_cfg_0321,1504188295,True,B,True,M,STAFF SUSTAINABILITY,<B>. Staff sustainability.,<B>. Staff sustainability.
train_0321__p_at_ob_vs_q_at_ob,train_cfg_0321,3192965793,True,B,True,M,STAFF SUSTAINABILITY,<B>. Staff sustainability.,<B>. Staff sustainability.
train_0321__q_at_ob_vs_p_at_ob,train_cfg_0321,2829677333,True,A,True,C,SERVICE CONTINUITY,A. Service continuity.,A. Service continuity.
train_0321__q_at_ob_vs_p_at_ob,train_cfg_0321,755961504,True,A,True,C,SERVICE CONTINUITY,A. Service continuity.,A. Service continuity.
train_0321__q_at_ob_vs_p_at_ob,train_cfg_0321,2789416737,True,A,True,C,SERVICE CONTINUITY,A. Service continuity.,A. Service continuity.
train_0322__p_at_oa_vs_q_at_oa,train_cfg_0322,2601243797,True,B,True,C,SERVICE CONTINUITY,<B>. Service continuity.,<B>. Service continuity.
train_0322__p_at_oa_vs_q_at_oa,train_cfg_0322,1801794574,True,B,True,C,SERVICE CONTINUITY,<B>. Service continuity.,<B>. Service continuity.
train_0322__p_at_oa_vs_q_at_oa,train_cfg_0322,3191147420,True,B,True,C,SERVICE CONTINUITY,<B>. Service continuity.,<B>. Service continuity.
train_0322__q_at_oa_vs_p_at_oa,train_cfg_0322,467592189,True,A,True,T,THREAT REDUCTION,A. Threat reduction.,A. Threat reduction.
train_0322__q_at_oa_vs_p_at_oa,train_cfg_0322,391786242,True,A,True,T,THREAT REDUCTION,A. Threat reduction.,A. Threat reduction.
train_0322__q_at_oa_vs_p_at_oa,train_cfg_0322,1981776856,True,A,True,T,THREAT REDUCTION,A. Threat reduction.,A. Threat reduction.
train_0322__p_at_ob_vs_q_at_ob,train_cfg_0322,2401736712,True,B,True,T,THREAT REDUCTION,<B>. Threat reduction.,<B>. Threat reduction.
train_0322__p_at_ob_vs_q_at_ob,train_cfg_0322,1405979907,True,B,True,T,THREAT REDUCTION,<B>. Threat reduction.,<B>. Threat reduction.
train_0322__p_at_ob_vs_q_at_ob,train_cfg_0322,1730843774,True,B,True,T,THREAT REDUCTION,<B>. Threat reduction.,<B>. Threat reduction.
train_0322__q_at_ob_vs_p_at_ob,train_cfg_0322,1603244426,True,A,True,T,THREAT REDUCTION,A. Threat reduction.,A. Threat reduction.
train_0322__q_at_ob_vs_p_at_ob,train_cfg_0322,52359941,True,A,True,T,THREAT REDUCTION,A. Threat reduction.,A. Threat reduction.
train_0322__q_at_ob_vs_p_at_ob,train_cfg_0322,3369994351,True,A,True,T,THREAT REDUCTION,A. Threat reduction.,A. Threat reduction.
train_0323__p_at_oa_vs_q_at_oa,train_cfg_0323,1679780548,True,B,True,C,SERVICE CONTINUITY,<B>. Service continuity.,<B>. Service continuity.
train_0323__p_at_oa_vs_q_at_oa,train_cfg_0323,1386436795,True,B,True,C,SERVICE CONTINUITY,<B>. Service continuity.,<B>. Service continuity.
train_0323__p_at_oa_vs_q_at_oa,train_cfg_0323,1298559099,True,B,True,C,SERVICE CONTINUITY,<B>. Service continuity.,<B>. Service continuity.
train_0323__q_at_oa_vs_p_at_oa,train_cfg_0323,372336726,True,A,True,M,STAFF SUSTAINABILITY,A. Staff sustainability.,A. Staff sustainability.
train_0323__q_at_oa_vs_p_at_oa,train_cfg_0323,1296399621,True,A,True,M,STAFF SUSTAINABILITY,A. Staff sustainability.,A. Staff sustainability.
train_0323__q_at_oa_vs_p_at_oa,train_cfg_0323,1500977218,True,A,True,M,STAFF SUSTAINABILITY,A. Staff sustainability.,A. Staff sustainability.
train_0323__p_at_ob_vs_q_at_ob,train_cfg_0323,167052143,True,A,True,C,SERVICE CONTINUITY,A. Service continuity.,A. Service continuity.
train_0323__p_at_ob_vs_q_at_ob,train_cfg_0323,2664389431,True,A,True,C,SERVICE CONTINUITY,A. Service continuity.,A. Service continuity.
train_0323__p_at_ob_vs_q_at_ob,train_cfg_0323,4165037482,True,A,True,C,SERVICE CONTINUITY,A. Service continuity.,A. Service continuity.
train_0323__q_at_ob_vs_p_at_ob,train_cfg_0323,2099028849,True,A,True,C,SERVICE CONTINUITY,A. Service continuity.,A. Service continuity.
train_0323__q_at_ob_vs_p_at_ob,train_cfg_0323,2572295644,True,A,True,C,SERVICE CONTINUITY,A. Service continuity.,A. Service continuity.
train_0323__q_at_ob_vs_p_at_ob,train_cfg_0323,810555612,True,A,True,C,SERVICE CONTINUITY,A. Service continuity.,A. Service continuity.
train_0324__p_at_oa_vs_q_at_oa,train_cfg_0324,1556268352,True,B,True,C,SERVICE CONTINUITY,<B>. Service continuity.,<B>. Service continuity.
train_0324__p_at_oa_vs_q_at_oa,train_cfg_0324,3195783832,True,B,True,C,SERVICE CONTINUITY,<B>. Service continuity.,<B>. Service continuity.
train_0324__p_at_oa_vs_q_at_oa,train_cfg_0324,82772763,True,B,True,C,SERVICE CONTINUITY,<B>. Service continuity.,<B>. Service continuity.
train_0324__q_at_oa_vs_p_at_oa,train_cfg_0324,1972173657,True,A,True,T,THREAT REDUCTION,A. Threat reduction.,A. Threat reduction.
train_0324__q_at_oa_vs_p_at_oa,train_cfg_0324,2751823307,True,A,True,T,THREAT REDUCTION,A. Threat reduction.,A. Threat reduction.
train_0324__q_at_oa_vs_p_at_oa,train_cfg_0324,4050462711,True,A,True,T,THREAT REDUCTION,A. Threat reduction.,A. Threat reduction.
train_0324__p_at_ob_vs_q_at_ob,train_cfg_0324,1410251471,True,B,True,T,THREAT REDUCTION,<B>. Threat reduction.,<B>. Threat reduction.
train_0324__p_at_ob_vs_q_at_ob,train_cfg_0324,1969818899,True,B,True,T,THREAT REDUCTION,<B>. Threat reduction.,<B>. Threat reduction.
train_0324__p_at_ob_vs_q_at_ob,train_cfg_0324,475802514,True,B,True,T,THREAT REDUCTION,<B>. Threat reduction.,<B>. Threat reduction.
train_0324__q_at_ob_vs_p_at_ob,train_cfg_0324,2433054588,True,A,True,T,THREAT REDUCTION,A. Threat reduction.,A. Threat reduction.
train_0324__q_at_ob_vs_p_at_ob,train_cfg_0324,3786885278,True,A,True,T,THREAT REDUCTION,A. Threat reduction.,A. Threat reduction.
train_0324__q_at_ob_vs_p_at_ob,train_cfg_0324,1559584577,True,A,True,T,THREAT REDUCTION,A. Threat reduction.,A. Threat reduction.
train_0325__p_at_oa_vs_q_at_oa,train_cfg_0325,799995085,True,B,True,M,STAFF SUSTAINABILITY,<B>. Staff sustainability.,<B>. Staff sustainability.
train_0325__p_at_oa_vs_q_at_oa,train_cfg_0325,648119616,True,B,True,M,STAFF SUSTAINABILITY,<B>. Staff sustainability.,<B>. Staff sustainability.
train_0325__p_at_oa_vs_q_at_oa,train_cfg_0325,2771144706,True,B,True,M,STAFF SUSTAINABILITY,<B>. Staff sustainability.,<B>. Staff sustainability.
train_0325__q_at_oa_vs_p_at_oa,train_cfg_0325,4024849064,True,A,True,C,SERVICE CONTINUITY,A. Service continuity.,A. Service continuity.
train_0325__q_at_oa_vs_p_at_oa,train_cfg_0325,1665894575,True,A,True,C,SERVICE CONTINUITY,A. Service continuity.,A. Service continuity.
train_0325__q_at_oa_vs_p_at_oa,train_cfg_0325,1126453936,True,A,True,C,SERVICE CONTINUITY,A. Service continuity.,A. Service continuity.
train_0325__p_at_ob_vs_q_at_ob,train_cfg_0325,302170931,True,B,True,T,THREAT REDUCTION,<B>. Threat reduction.,<B>. Threat reduction.
train_0325__p_at_ob_vs_q_at_ob,train_cfg_0325,4148348074,True,B,True,T,THREAT REDUCTION,<B>. Threat reduction.,<B>. Threat reduction.
train_0325__p_at_ob_vs_q_at_ob,train_cfg_0325,2472195038,True,B,True,T,THREAT REDUCTION,<B>. Threat reduction.,<B>. Threat reduction.
train_0325__q_at_ob_vs_p_at_ob,train_cfg_0325,3652417184,True,A,True,T,THREAT REDUCTION,A. Threat reduction.,A. Threat reduction.
train_0325__q_at_ob_vs_p_at_ob,train_cfg_0325,243580726,True,A,True,T,THREAT REDUCTION,A. Threat reduction.,A. Threat reduction.
train_0325__q_at_ob_vs_p_at_ob,train_cfg_0325,787302326,True,A,True,T,THREAT REDUCTION,A. Threat reduction.,A. Threat reduction.
train_0326__p_at_oa_vs_q_at_oa,train_cfg_0326,2021718585,True,A,True,M,STAFF SUSTAINABILITY,A. Staff sustainability.,A. Staff sustainability.
train_0326__p_at_oa_vs_q_at_oa,train_cfg_0326,1386015327,True,A,True,M,STAFF SUSTAINABILITY,A. Staff sustainability.,A. Staff sustainability.
train_0326__p_at_oa_vs_q_at_oa,train_cfg_0326,738385816,True,A,True,M,STAFF SUSTAINABILITY,A. Staff sustainability.,A. Staff sustainability.
train_0326__q_at_oa_vs_p_at_oa,train_cfg_0326,3653203437,True,B,True,M,STAFF SUSTAINABILITY,<B>. Staff sustainability.,<B>. Staff sustainability.
train_0326__q_at_oa_vs_p_at_oa,train_cfg_0326,2742637999,True,B,True,M,STAFF SUSTAINABILITY,<B>. Staff sustainability.,<B>. Staff sustainability.
train_0326__q_at_oa_vs_p_at_oa,train_cfg_0326,876074927,True,B,True,M,STAFF SUSTAINABILITY,<B>. Staff sustainability.,<B>. Staff sustainability.
train_0326__p_at_ob_vs_q_at_ob,train_cfg_0326,854058009,True,A,True,M,STAFF SUSTAINABILITY,A. Staff sustainability.,A. Staff sustainability.
train_0326__p_at_ob_vs_q_at_ob,train_cfg_0326,2362450584,True,A,True,M,STAFF SUSTAINABILITY,A. Staff sustainability.,A. Staff sustainability.
train_0326__p_at_ob_vs_q_at_ob,train_cfg_0326,2495812224,True,A,True,M,STAFF SUSTAINABILITY,A. Staff sustainability.,A. Staff sustainability.
train_0326__q_at_ob_vs_p_at_ob,train_cfg_0326,2370225323,True,B,True,M,STAFF SUSTAINABILITY,<B>. Staff sustainability.,<B>. Staff sustainability.
train_0326__q_at_ob_vs_p_at_ob,train_cfg_0326,1691928343,True,B,True,M,STAFF SUSTAINABILITY,<B>. Staff sustainability.,<B>. Staff sustainability.
train_0326__q_at_ob_vs_p_at_ob,train_cfg_0326,936676471,True,B,True,M,STAFF SUSTAINABILITY,<B>. Staff sustainability.,<B>. Staff sustainability.
train_0327__p_at_oa_vs_q_at_oa,train_cfg_0327,3188813585,True,B,True,M,STAFF SUSTAINABILITY,<B>. Staff sustainability.,<B>. Staff sustainability.
train_0327__p_at_oa_vs_q_at_oa,train_cfg_0327,2589081605,True,B,True,M,STAFF SUSTAINABILITY,<B>. Staff sustainability.,<B>. Staff sustainability.
train_0327__p_at_oa_vs_q_at_oa,train_cfg_0327,274116980,True,B,True,M,STAFF SUSTAINABILITY,<B>. Staff sustainability.,<B>. Staff sustainability.
train_0327__q_at_oa_vs_p_at_oa,train_cfg_0327,2557661995,True,A,True,M,STAFF SUSTAINABILITY,A. Staff sustainability.,A. Staff sustainability.
train_0327__q_at_oa_vs_p_at_oa,train_cfg_0327,1616414638,True,A,True,M,STAFF SUSTAINABILITY,A. Staff sustainability.,A. Staff sustainability.
train_0327__q_at_oa_vs_p_at_oa,train_cfg_0327,499347955,True,A,True,M,STAFF SUSTAINABILITY,A. Staff sustainability.,A. Staff sustainability.
train_0327__p_at_ob_vs_q_at_ob,train_cfg_0327,3413403933,True,B,True,M,STAFF SUSTAINABILITY,<B>. Staff sustainability.,<B>. Staff sustainability.
train_0327__p_at_ob_vs_q_at_ob,train_cfg_0327,1638127104,True,B,True,M,STAFF SUSTAINABILITY,<B>. Staff sustainability.,<B>. Staff sustainability.
train_0327__p_at_ob_vs_q_at_ob,train_cfg_0327,3475250253,True,B,True,M,STAFF SUSTAINABILITY,<B>. Staff sustainability.,<B>. Staff sustainability.
train_0327__q_at_ob_vs_p_at_ob,train_cfg_0327,3096225743,True,A,True,M,STAFF SUSTAINABILITY,A. Staff sustainability.,A. Staff sustainability.
train_0327__q_at_ob_vs_p_at_ob,train_cfg_0327,68799766,True,A,True,M,STAFF SUSTAINABILITY,A. Staff sustainability.,A. Staff sustainability.
train_0327__q_at_ob_vs_p_at_ob,train_cfg_0327,1888433192,True,A,True,C,SERVICE CONTINUITY,A. Service continuity.,A. Service continuity.
train_0328__p_at_oa_vs_q_at_oa,train_cfg_0328,836925293,True,A,True,T,THREAT REDUCTION,A. Threat reduction.,A. Threat reduction.
train_0328__p_at_oa_vs_q_at_oa,train_cfg_0328,2005915338,True,A,True,T,THREAT REDUCTION,A. Threat reduction.,A. Threat reduction.
train_0328__p_at_oa_vs_q_at_oa,train_cfg_0328,2313630348,True,A,True,T,THREAT REDUCTION,A. Threat reduction.,A. Threat reduction.
train_0328__q_at_oa_vs_p_at_oa,train_cfg_0328,3733888769,True,A,True,C,SERVICE CONTINUITY,A. Service continuity.,A. Service continuity.
train_0328__q_at_oa_vs_p_at_oa,train_cfg_0328,3682614656,True,A,True,C,SERVICE CONTINUITY,A. Service continuity.,A. Service continuity.
train_0328__q_at_oa_vs_p_at_oa,train_cfg_0328,2590537399,True,A,True,C,SERVICE CONTINUITY,A. Service continuity.,A. Service continuity.
train_0328__p_at_ob_vs_q_at_ob,train_cfg_0328,3356866897,True,B,True,M,STAFF SUSTAINABILITY,<B>. Staff sustainability.,<B>. Staff sustainability.
train_0328__p_at_ob_vs_q_at_ob,train_cfg_0328,1831271290,True,A,True,T,THREAT REDUCTION,A. Threat reduction.,A. Threat reduction.
train_0328__p_at_ob_vs_q_at_ob,train_cfg_0328,1729173025,True,B,True,M,STAFF SUSTAINABILITY,<B>. Staff sustainability.,<B>. Staff sustainability.
train_0328__q_at_ob_vs_p_at_ob,train_cfg_0328,2571379216,True,A,True,T,THREAT REDUCTION,A. Threat reduction.,A. Threat reduction.
train_0328__q_at_ob_vs_p_at_ob,train_cfg_0328,3184051737,True,A,True,T,THREAT REDUCTION,A. Threat reduction.,A. Threat reduction.
train_0328__q_at_ob_vs_p_at_ob,train_cfg_0328,1443130934,True,A,True,T,THREAT REDUCTION,A. Threat reduction.,A. Threat reduction.
train_0329__p_at_oa_vs_q_at_oa,train_cfg_0329,1152519905,True,B,True,A,AUDIT READINESS,<B>. Audit readiness.,<B>. Audit readiness.
train_0329__p_at_oa_vs_q_at_oa,train_cfg_0329,2676335885,True,B,True,A,AUDIT READINESS,<B>. Audit readiness.,<B>. Audit readiness.
train_0329__p_at_oa_vs_q_at_oa,train_cfg_0329,846721139,True,B,True,A,AUDIT READINESS,<B>. Audit readiness.,<B>. Audit readiness.
train_0329__q_at_oa_vs_p_at_oa,train_cfg_0329,2796406760,True,A,True,T,THREAT REDUCTION,A. Threat reduction.,A. Threat reduction.
train_0329__q_at_oa_vs_p_at_oa,train_cfg_0329,4252540775,True,A,True,T,THREAT REDUCTION,A. Threat reduction.,A. Threat reduction.
train_0329__q_at_oa_vs_p_at_oa,train_cfg_0329,3129246897,True,A,True,T,THREAT REDUCTION,A. Threat reduction.,A. Threat reduction.
train_0329__p_at_ob_vs_q_at_ob,train_cfg_0329,1854988077,True,B,True,A,AUDIT READINESS,<B>. Audit readiness.,<B>. Audit readiness.
train_0329__p_at_ob_vs_q_at_ob,train_cfg_0329,3836163664,True,B,True,A,AUDIT READINESS,<B>. Audit readiness.,<B>. Audit readiness.
train_0329__p_at_ob_vs_q_at_ob,train_cfg_0329,1245614495,True,B,True,A,AUDIT READINESS,<B>. Audit readiness.,<B>. Audit readiness.
train_0329__q_at_ob_vs_p_at_ob,train_cfg_0329,2912153511,True,B,True,M,STAFF SUSTAINABILITY,<B>. Staff sustainability.,<B>. Staff sustainability.
train_0329__q_at_ob_vs_p_at_ob,train_cfg_0329,3941179057,True,B,True,M,STAFF SUSTAINABILITY,B. Staff sustainability.,B. Staff sustainability.
train_0329__q_at_ob_vs_p_at_ob,train_cfg_0329,130006053,True,B,True,M,STAFF SUSTAINABILITY,<B>. Staff sustainability.,<B>. Staff sustainability.
train_0330__p_at_oa_vs_q_at_oa,train_cfg_0330,603743476,True,B,True,D,DEPLOYMENT SPEED,<B>. Deployment speed.,<B>. Deployment speed.
train_0330__p_at_oa_vs_q_at_oa,train_cfg_0330,3087198206,True,B,True,D,DEPLOYMENT SPEED,<B>. Deployment speed.,<B>. Deployment speed.
train_0330__p_at_oa_vs_q_at_oa,train_cfg_0330,3914662066,True,B,True,D,DEPLOYMENT SPEED,<B>. Deployment speed.,<B>. Deployment speed.
train_0330__q_at_oa_vs_p_at_oa,train_cfg_0330,3059278646,True,A,True,D,DEPLOYMENT SPEED,A. Deployment speed.,A. Deployment speed.
train_0330__q_at_oa_vs_p_at_oa,train_cfg_0330,912466887,True,A,True,D,DEPLOYMENT SPEED,A. Deployment speed.,A. Deployment speed.
train_0330__q_at_oa_vs_p_at_oa,train_cfg_0330,955477937,True,A,True,D,DEPLOYMENT SPEED,A. Deployment speed.,A. Deployment speed.
train_0330__p_at_ob_vs_q_at_ob,train_cfg_0330,3431711240,True,B,True,D,DEPLOYMENT SPEED,<B>. Deployment speed.,<B>. Deployment speed.
train_0330__p_at_ob_vs_q_at_ob,train_cfg_0330,3444513191,True,B,True,D,DEPLOYMENT SPEED,<B>. Deployment speed.,<B>. Deployment speed.
train_0330__p_at_ob_vs_q_at_ob,train_cfg_0330,4211606223,True,B,True,D,DEPLOYMENT SPEED,<B>. Deployment speed.,<B>. Deployment speed.
train_0330__q_at_ob_vs_p_at_ob,train_cfg_0330,2924138946,True,A,True,D,DEPLOYMENT SPEED,A. Deployment speed.,A. Deployment speed.
train_0330__q_at_ob_vs_p_at_ob,train_cfg_0330,3966378720,True,A,True,D,DEPLOYMENT SPEED,A. Deployment speed.,A. Deployment speed.
train_0330__q_at_ob_vs_p_at_ob,train_cfg_0330,39048039,True,A,True,D,DEPLOYMENT SPEED,A. Deployment speed.,A. Deployment speed.
train_0331__p_at_oa_vs_q_at_oa,train_cfg_0331,664426349,True,B,True,T,THREAT REDUCTION,<B>. Threat reduction.,<B>. Threat reduction.
train_0331__p_at_oa_vs_q_at_oa,train_cfg_0331,2773490123,True,B,True,T,THREAT REDUCTION,<B>. Threat reduction.,<B>. Threat reduction.
train_0331__p_at_oa_vs_q_at_oa,train_cfg_0331,1937626885,True,B,True,T,THREAT REDUCTION,<B>. Threat reduction.,<B>. Threat reduction.
train_0331__q_at_oa_vs_p_at_oa,train_cfg_0331,589242506,True,A,True,T,THREAT REDUCTION,A. Threat reduction.,A. Threat reduction.
train_0331__q_at_oa_vs_p_at_oa,train_cfg_0331,3869468814,True,A,True,T,THREAT REDUCTION,A. Threat reduction.,A. Threat reduction.
train_0331__q_at_oa_vs_p_at_oa,train_cfg_0331,841083120,True,A,True,T,THREAT REDUCTION,A. Threat reduction.,A. Threat reduction.
train_0331__p_at_ob_vs_q_at_ob,train_cfg_0331,2157335760,True,B,True,T,THREAT REDUCTION,<B>. Threat reduction.,<B>. Threat reduction.
train_0331__p_at_ob_vs_q_at_ob,train_cfg_0331,243641522,True,B,True,T,THREAT REDUCTION,<B>. Threat reduction.,<B>. Threat reduction.
train_0331__p_at_ob_vs_q_at_ob,train_cfg_0331,2614012854,True,B,True,T,THREAT REDUCTION,<B>. Threat reduction.,<B>. Threat reduction.
train_0331__q_at_ob_vs_p_at_ob,train_cfg_0331,1940311939,True,B,True,A,AUDIT READINESS,<B>. Audit readiness.,<B>. Audit readiness.
train_0331__q_at_ob_vs_p_at_ob,train_cfg_0331,2539320926,True,B,True,A,AUDIT READINESS,<B>. Audit readiness.,<B>. Audit readiness.
train_0331__q_at_ob_vs_p_at_ob,train_cfg_0331,1837107467,True,B,True,A,AUDIT READINESS,<B>. Audit readiness.,<B>. Audit readiness.
train_0332__p_at_oa_vs_q_at_oa,train_cfg_0332,749257454,True,A,True,M,STAFF SUSTAINABILITY,A. Staff sustainability.,A. Staff sustainability.
train_0332__p_at_oa_vs_q_at_oa,train_cfg_0332,372981450,True,A,True,M,STAFF SUSTAINABILITY,A. Staff sustainability.,A. Staff sustainability.
train_0332__p_at_oa_vs_q_at_oa,train_cfg_0332,2010996167,True,A,True,M,STAFF SUSTAINABILITY,A. Staff sustainability.,A. Staff sustainability.
train_0332__q_at_oa_vs_p_at_oa,train_cfg_0332,2677369509,True,A,True,C,SERVICE CONTINUITY,A. Service continuity.,A. Service continuity.
train_0332__q_at_oa_vs_p_at_oa,train_cfg_0332,2185482891,True,A,True,C,SERVICE CONTINUITY,A. Service continuity.,A. Service continuity.
train_0332__q_at_oa_vs_p_at_oa,train_cfg_0332,323654536,True,A,True,C,SERVICE CONTINUITY,A. Service continuity.,A. Service continuity.
train_0332__p_at_ob_vs_q_at_ob,train_cfg_0332,956115076,True,A,True,T,THREAT REDUCTION,A. Threat reduction.,A. Threat reduction.
train_0332__p_at_ob_vs_q_at_ob,train_cfg_0332,1102100774,True,A,True,T,THREAT REDUCTION,A. Threat reduction.,A. Threat reduction.
train_0332__p_at_ob_vs_q_at_ob,train_cfg_0332,2651886097,True,A,True,T,THREAT REDUCTION,A. Threat reduction.,A. Threat reduction.
train_0332__q_at_ob_vs_p_at_ob,train_cfg_0332,2434778692,True,B,True,M,STAFF SUSTAINABILITY,<B>. Staff sustainability.,<B>. Staff sustainability.
train_0332__q_at_ob_vs_p_at_ob,train_cfg_0332,3047826397,True,B,True,M,STAFF SUSTAINABILITY,<B>. Staff sustainability.,<B>. Staff sustainability.
train_0332__q_at_ob_vs_p_at_ob,train_cfg_0332,4070874012,True,B,True,M,STAFF SUSTAINABILITY,<B>. Staff sustainability.,<B>. Staff sustainability.
train_0333__p_at_oa_vs_q_at_oa,train_cfg_0333,1824278364,True,B,True,T,THREAT REDUCTION,<B>. Threat reduction.,<B>. Threat reduction.
train_0333__p_at_oa_vs_q_at_oa,train_cfg_0333,2394673560,True,B,True,T,THREAT REDUCTION,<B>. Threat reduction.,<B>. Threat reduction.
train_0333__p_at_oa_vs_q_at_oa,train_cfg_0333,377809875,True,B,True,T,THREAT REDUCTION,<B>. Threat reduction.,<B>. Threat reduction.
train_0333__q_at_oa_vs_p_at_oa,train_cfg_0333,1066082137,True,A,True,T,THREAT REDUCTION,A. Threat reduction.,A. Threat reduction.
train_0333__q_at_oa_vs_p_at_oa,train_cfg_0333,211182683,True,A,True,T,THREAT REDUCTION,A. Threat reduction.,A. Threat reduction.
train_0333__q_at_oa_vs_p_at_oa,train_cfg_0333,3907207001,True,A,True,T,THREAT REDUCTION,A. Threat reduction.,A. Threat reduction.
train_0333__p_at_ob_vs_q_at_ob,train_cfg_0333,1717111865,True,B,True,T,THREAT REDUCTION,<B>. Threat reduction.,<B>. Threat reduction.
train_0333__p_at_ob_vs_q_at_ob,train_cfg_0333,2880900114,True,B,True,T,THREAT REDUCTION,<B>. Threat reduction.,<B>. Threat reduction.
train_0333__p_at_ob_vs_q_at_ob,train_cfg_0333,624325603,True,B,True,T,THREAT REDUCTION,<B>. Threat reduction.,<B>. Threat reduction.
train_0333__q_at_ob_vs_p_at_ob,train_cfg_0333,3154895401,True,A,True,T,THREAT REDUCTION,A. Threat reduction.,A. Threat reduction.
train_0333__q_at_ob_vs_p_at_ob,train_cfg_0333,996775663,True,A,True,C,SERVICE CONTINUITY,A. Service continuity.,A. Service continuity.
train_0333__q_at_ob_vs_p_at_ob,train_cfg_0333,2184629697,True,A,True,T,THREAT REDUCTION,A. Threat reduction.,A. Threat reduction.
train_0334__p_at_oa_vs_q_at_oa,train_cfg_0334,3597918135,True,B,True,T,THREAT REDUCTION,<B>. Threat reduction.,<B>. Threat reduction.
train_0334__p_at_oa_vs_q_at_oa,train_cfg_0334,2658490983,True,B,True,T,THREAT REDUCTION,<B>. Threat reduction.,<B>. Threat reduction.
train_0334__p_at_oa_vs_q_at_oa,train_cfg_0334,1676637930,True,B,True,T,THREAT REDUCTION,<B>. Threat reduction.,<B>. Threat reduction.
train_0334__q_at_oa_vs_p_at_oa,train_cfg_0334,2255832546,True,A,True,T,THREAT REDUCTION,A. Threat reduction.,A. Threat reduction.
train_0334__q_at_oa_vs_p_at_oa,train_cfg_0334,394476984,True,A,True,T,THREAT REDUCTION,A. Threat reduction.,A. Threat reduction.
train_0334__q_at_oa_vs_p_at_oa,train_cfg_0334,899242044,True,A,True,T,THREAT REDUCTION,A. Threat reduction.,A. Threat reduction.
train_0334__p_at_ob_vs_q_at_ob,train_cfg_0334,3141265127,True,B,True,T,THREAT REDUCTION,<B>. Threat reduction.,<B>. Threat reduction.
train_0334__p_at_ob_vs_q_at_ob,train_cfg_0334,1298556103,True,B,True,T,THREAT REDUCTION,<B>. Threat reduction.,<B>. Threat reduction.
train_0334__p_at_ob_vs_q_at_ob,train_cfg_0334,2104205067,True,B,True,T,THREAT REDUCTION,<B>. Threat reduction.,<B>. Threat reduction.
train_0334__q_at_ob_vs_p_at_ob,train_cfg_0334,2269219281,True,A,True,T,THREAT REDUCTION,A. Threat reduction.,A. Threat reduction.
train_0334__q_at_ob_vs_p_at_ob,train_cfg_0334,2792553053,True,A,True,T,THREAT REDUCTION,A. Threat reduction.,A. Threat reduction.
train_0334__q_at_ob_vs_p_at_ob,train_cfg_0334,472923936,True,A,True,T,THREAT REDUCTION,A. Threat reduction.,A. Threat reduction.
train_0335__p_at_oa_vs_q_at_oa,train_cfg_0335,4237322910,True,B,True,C,SERVICE CONTINUITY,<B>. Service continuity.,<B>. Service continuity.
train_0335__p_at_oa_vs_q_at_oa,train_cfg_0335,1532553471,True,B,True,C,SERVICE CONTINUITY,<B>. Service continuity.,<B>. Service continuity.
train_0335__p_at_oa_vs_q_at_oa,train_cfg_0335,3862688644,True,B,True,C,SERVICE CONTINUITY,<B>. Service continuity.,<B>. Service continuity.
train_0335__q_at_oa_vs_p_at_oa,train_cfg_0335,157890884,True,A,True,C,SERVICE CONTINUITY,A. Service continuity.,A. Service continuity.
train_0335__q_at_oa_vs_p_at_oa,train_cfg_0335,2251824381,True,A,True,C,SERVICE CONTINUITY,A. Service continuity.,A. Service continuity.
train_0335__q_at_oa_vs_p_at_oa,train_cfg_0335,2361820564,True,A,True,C,SERVICE CONTINUITY,A. Service continuity.,A. Service continuity.
train_0335__p_at_ob_vs_q_at_ob,train_cfg_0335,4213579665,True,B,True,C,SERVICE CONTINUITY,<B>. Service continuity.,<B>. Service continuity.
train_0335__p_at_ob_vs_q_at_ob,train_cfg_0335,767091679,True,B,True,C,SERVICE CONTINUITY,<B>. Service continuity.,<B>. Service continuity.
train_0335__p_at_ob_vs_q_at_ob,train_cfg_0335,2727711016,True,B,True,C,SERVICE CONTINUITY,<B>. Service continuity.,<B>. Service continuity.
train_0335__q_at_ob_vs_p_at_ob,train_cfg_0335,2332340842,True,A,True,C,SERVICE CONTINUITY,A. Service continuity.,A. Service continuity.
train_0335__q_at_ob_vs_p_at_ob,train_cfg_0335,2021138851,True,A,True,C,SERVICE CONTINUITY,A. Service continuity.,A. Service continuity.
train_0335__q_at_ob_vs_p_at_ob,train_cfg_0335,766269027,True,A,True,C,SERVICE CONTINUITY,A. Service continuity.,A. Service continuity.
train_0336__p_at_oa_vs_q_at_oa,train_cfg_0336,1705772976,True,B,True,D,DEPLOYMENT SPEED,<B>. Deployment speed.,<B>. Deployment speed.
train_0336__p_at_oa_vs_q_at_oa,train_cfg_0336,3733816720,True,B,True,D,DEPLOYMENT SPEED,<B>. Deployment speed.,<B>. Deployment speed.
train_0336__p_at_oa_vs_q_at_oa,train_cfg_0336,3438829382,True,B,True,D,DEPLOYMENT SPEED,<B>. Deployment speed.,<B>. Deployment speed.
train_0336__q_at_oa_vs_p_at_oa,train_cfg_0336,1818838296,True,A,True,M,STAFF SUSTAINABILITY,A. Staff sustainability.,A. Staff sustainability.
train_0336__q_at_oa_vs_p_at_oa,train_cfg_0336,3553406193,True,A,True,M,STAFF SUSTAINABILITY,A. Staff sustainability.,A. Staff sustainability.
train_0336__q_at_oa_vs_p_at_oa,train_cfg_0336,938333122,True,A,True,M,STAFF SUSTAINABILITY,A. Staff sustainability.,A. Staff sustainability.
train_0336__p_at_ob_vs_q_at_ob,train_cfg_0336,1411086493,True,B,True,D,DEPLOYMENT SPEED,<B>. Deployment speed.,<B>. Deployment speed.
train_0336__p_at_ob_vs_q_at_ob,train_cfg_0336,2709540305,True,B,True,D,DEPLOYMENT SPEED,<B>. Deployment speed.,<B>. Deployment speed.
train_0336__p_at_ob_vs_q_at_ob,train_cfg_0336,1771216305,True,B,True,D,DEPLOYMENT SPEED,<B>. Deployment speed.,<B>. Deployment speed.
train_0336__q_at_ob_vs_p_at_ob,train_cfg_0336,2133331917,True,A,True,T,THREAT REDUCTION,A. Threat reduction.,A. Threat reduction.
train_0336__q_at_ob_vs_p_at_ob,train_cfg_0336,2119505377,True,A,True,T,THREAT REDUCTION,A. Threat reduction.,A. Threat reduction.
train_0336__q_at_ob_vs_p_at_ob,train_cfg_0336,1698125887,True,A,True,T,THREAT REDUCTION,A. Threat reduction.,A. Threat reduction.
train_0337__p_at_oa_vs_q_at_oa,train_cfg_0337,737957387,True,A,True,C,SERVICE CONTINUITY,A. Service continuity.,A. Service continuity.
train_0337__p_at_oa_vs_q_at_oa,train_cfg_0337,1081090061,True,A,True,C,SERVICE CONTINUITY,A. Service continuity.,A. Service continuity.
train_0337__p_at_oa_vs_q_at_oa,train_cfg_0337,501228511,True,A,True,C,SERVICE CONTINUITY,A. Service continuity.,A. Service continuity.
train_0337__q_at_oa_vs_p_at_oa,train_cfg_0337,1128620954,True,A,True,C,SERVICE CONTINUITY,A. Service continuity.,A. Service continuity.
train_0337__q_at_oa_vs_p_at_oa,train_cfg_0337,990779049,True,A,True,C,SERVICE CONTINUITY,A. Service continuity.,A. Service continuity.
train_0337__q_at_oa_vs_p_at_oa,train_cfg_0337,2577132190,True,A,True,C,SERVICE CONTINUITY,A. Service continuity.,A. Service continuity.
train_0337__p_at_ob_vs_q_at_ob,train_cfg_0337,1489496428,True,B,True,M,STAFF SUSTAINABILITY,<B>. Staff sustainability.,<B>. Staff sustainability.
train_0337__p_at_ob_vs_q_at_ob,train_cfg_0337,816424751,True,B,True,M,STAFF SUSTAINABILITY,<B>. Staff sustainability.,<B>. Staff sustainability.
train_0337__p_at_ob_vs_q_at_ob,train_cfg_0337,3374006961,True,B,True,M,STAFF SUSTAINABILITY,<B>. Staff sustainability.,<B>. Staff sustainability.
train_0337__q_at_ob_vs_p_at_ob,train_cfg_0337,3435527203,True,B,True,P,SYSTEM PORTABILITY,<B>. System portability.,<B>. System portability.
train_0337__q_at_ob_vs_p_at_ob,train_cfg_0337,1056808155,True,B,True,P,SYSTEM PORTABILITY,<B>. System portability.,<B>. System portability.
train_0337__q_at_ob_vs_p_at_ob,train_cfg_0337,2781134667,True,B,True,P,SYSTEM PORTABILITY,<B>. System portability.,<B>. System portability.
train_0338__p_at_oa_vs_q_at_oa,train_cfg_0338,2945199956,True,B,True,C,SERVICE CONTINUITY,<B>. Service continuity.,<B>. Service continuity.
train_0338__p_at_oa_vs_q_at_oa,train_cfg_0338,2750630214,True,B,True,C,SERVICE CONTINUITY,<B>. Service continuity.,<B>. Service continuity.
train_0338__p_at_oa_vs_q_at_oa,train_cfg_0338,1231408183,True,B,True,C,SERVICE CONTINUITY,<B>. Service continuity.,<B>. Service continuity.
train_0338__q_at_oa_vs_p_at_oa,train_cfg_0338,1204915602,True,A,True,T,THREAT REDUCTION,A. Threat reduction.,A. Threat reduction.
train_0338__q_at_oa_vs_p_at_oa,train_cfg_0338,2775865146,True,A,True,T,THREAT REDUCTION,A. Threat reduction.,A. Threat reduction.
train_0338__q_at_oa_vs_p_at_oa,train_cfg_0338,4281000254,True,A,True,T,THREAT REDUCTION,A. Threat reduction.,A. Threat reduction.
train_0338__p_at_ob_vs_q_at_ob,train_cfg_0338,4031265527,True,B,True,M,STAFF SUSTAINABILITY,<B>. Staff sustainability.,<B>. Staff sustainability.
train_0338__p_at_ob_vs_q_at_ob,train_cfg_0338,2412402827,True,B,True,M,STAFF SUSTAINABILITY,<B>. Staff sustainability.,<B>. Staff sustainability.
train_0338__p_at_ob_vs_q_at_ob,train_cfg_0338,1616324206,True,B,True,M,STAFF SUSTAINABILITY,<B>. Staff sustainability.,<B>. Staff sustainability.
train_0338__q_at_ob_vs_p_at_ob,train_cfg_0338,2660352864,True,A,True,C,SERVICE CONTINUITY,A. Service continuity.,A. Service continuity.
train_0338__q_at_ob_vs_p_at_ob,train_cfg_0338,823816646,True,A,True,C,SERVICE CONTINUITY,A. Service continuity.,A. Service continuity.
train_0338__q_at_ob_vs_p_at_ob,train_cfg_0338,1976120805,True,A,True,C,SERVICE CONTINUITY,A. Service continuity.,A. Service continuity.
train_0339__p_at_oa_vs_q_at_oa,train_cfg_0339,1312752923,True,A,True,M,STAFF SUSTAINABILITY,A. Staff sustainability.,A. Staff sustainability.
train_0339__p_at_oa_vs_q_at_oa,train_cfg_0339,47004540,True,A,True,M,STAFF SUSTAINABILITY,A. Staff sustainability.,A. Staff sustainability.
train_0339__p_at_oa_vs_q_at_oa,train_cfg_0339,2824376275,True,A,True,M,STAFF SUSTAINABILITY,A. Staff sustainability.,A. Staff sustainability.
train_0339__q_at_oa_vs_p_at_oa,train_cfg_0339,3063538782,True,A,True,C,SERVICE CONTINUITY,A. Service continuity.,A. Service continuity.
train_0339__q_at_oa_vs_p_at_oa,train_cfg_0339,3773342240,True,A,True,C,SERVICE CONTINUITY,A. Service continuity.,A. Service continuity.
train_0339__q_at_oa_vs_p_at_oa,train_cfg_0339,2017904176,True,A,True,C,SERVICE CONTINUITY,A. Service continuity.,A. Service continuity.
train_0339__p_at_ob_vs_q_at_ob,train_cfg_0339,263095877,True,B,True,C,SERVICE CONTINUITY,<B>. Service continuity.,<B>. Service continuity.
train_0339__p_at_ob_vs_q_at_ob,train_cfg_0339,356084623,True,B,True,C,SERVICE CONTINUITY,<B>. Service continuity.,<B>. Service continuity.
train_0339__p_at_ob_vs_q_at_ob,train_cfg_0339,103168588,True,B,True,C,SERVICE CONTINUITY,<B>. Service continuity.,<B>. Service continuity.
train_0339__q_at_ob_vs_p_at_ob,train_cfg_0339,3533313060,True,A,True,C,SERVICE CONTINUITY,A. Service continuity.,A. Service continuity.
train_0339__q_at_ob_vs_p_at_ob,train_cfg_0339,3573212340,True,A,True,C,SERVICE CONTINUITY,A. Service continuity.,A. Service continuity.
train_0339__q_at_ob_vs_p_at_ob,train_cfg_0339,745997767,True,A,True,C,SERVICE CONTINUITY,A. Service continuity.,A. Service continuity.
train_0340__p_at_oa_vs_q_at_oa,train_cfg_0340,2919821511,True,A,True,M,STAFF SUSTAINABILITY,A. Staff sustainability.,A. Staff sustainability.
train_0340__p_at_oa_vs_q_at_oa,train_cfg_0340,3174076918,True,A,True,M,STAFF SUSTAINABILITY,A. Staff sustainability.,A. Staff sustainability.
train_0340__p_at_oa_vs_q_at_oa,train_cfg_0340,1553494288,True,A,True,M,STAFF SUSTAINABILITY,A. Staff sustainability.,A. Staff sustainability.
train_0340__q_at_oa_vs_p_at_oa,train_cfg_0340,522163381,True,A,True,D,DEPLOYMENT SPEED,A. Deployment speed.,A. Deployment speed.
train_0340__q_at_oa_vs_p_at_oa,train_cfg_0340,2361979310,True,A,True,D,DEPLOYMENT SPEED,A. Deployment speed.,A. Deployment speed.
train_0340__q_at_oa_vs_p_at_oa,train_cfg_0340,816803038,True,A,True,D,DEPLOYMENT SPEED,A. Deployment speed.,A. Deployment speed.
train_0340__p_at_ob_vs_q_at_ob,train_cfg_0340,1873801350,True,B,True,D,DEPLOYMENT SPEED,B. Deployment speed.,B. Deployment speed.
train_0340__p_at_ob_vs_q_at_ob,train_cfg_0340,1114460629,True,B,True,D,DEPLOYMENT SPEED,B. Deployment speed.,B. Deployment speed.
train_0340__p_at_ob_vs_q_at_ob,train_cfg_0340,1497345615,True,B,True,D,DEPLOYMENT SPEED,B. Deployment speed.,B. Deployment speed.
train_0340__q_at_ob_vs_p_at_ob,train_cfg_0340,2081136,True,A,True,D,DEPLOYMENT SPEED,A. Deployment speed.,A. Deployment speed.
train_0340__q_at_ob_vs_p_at_ob,train_cfg_0340,1404971673,True,A,True,D,DEPLOYMENT SPEED,A. Deployment speed.,A. Deployment speed.
train_0340__q_at_ob_vs_p_at_ob,train_cfg_0340,1022875003,True,A,True,D,DEPLOYMENT SPEED,A. Deployment speed.,A. Deployment speed.
train_0341__p_at_oa_vs_q_at_oa,train_cfg_0341,4088608628,True,B,True,M,STAFF SUSTAINABILITY,<B>. Staff sustainability.,<B>. Staff sustainability.
train_0341__p_at_oa_vs_q_at_oa,train_cfg_0341,1966868965,True,B,True,M,STAFF SUSTAINABILITY,<B>. Staff sustainability.,<B>. Staff sustainability.
train_0341__p_at_oa_vs_q_at_oa,train_cfg_0341,639870583,True,B,True,M,STAFF SUSTAINABILITY,<B>. Staff sustainability.,<B>. Staff sustainability.
train_0341__q_at_oa_vs_p_at_oa,train_cfg_0341,3177726737,True,A,True,M,STAFF SUSTAINABILITY,A. Staff sustainability.,A. Staff sustainability.
train_0341__q_at_oa_vs_p_at_oa,train_cfg_0341,4221603765,True,A,True,M,STAFF SUSTAINABILITY,A. Staff sustainability.,A. Staff sustainability.
train_0341__q_at_oa_vs_p_at_oa,train_cfg_0341,1563506089,True,A,True,M,STAFF SUSTAINABILITY,A. Staff sustainability.,A. Staff sustainability.
train_0341__p_at_ob_vs_q_at_ob,train_cfg_0341,337074524,True,B,True,M,STAFF SUSTAINABILITY,<B>. Staff sustainability.,<B>. Staff sustainability.
train_0341__p_at_ob_vs_q_at_ob,train_cfg_0341,2185751339,True,B,True,M,STAFF SUSTAINABILITY,<B>. Staff sustainability.,<B>. Staff sustainability.
train_0341__p_at_ob_vs_q_at_ob,train_cfg_0341,276449376,True,B,True,M,STAFF SUSTAINABILITY,<B>. Staff sustainability.,<B>. Staff sustainability.
train_0341__q_at_ob_vs_p_at_ob,train_cfg_0341,880778624,True,A,True,M,STAFF SUSTAINABILITY,A. Staff sustainability.,A. Staff sustainability.
train_0341__q_at_ob_vs_p_at_ob,train_cfg_0341,3150069547,True,A,True,M,STAFF SUSTAINABILITY,A. Staff sustainability.,A. Staff sustainability.
train_0341__q_at_ob_vs_p_at_ob,train_cfg_0341,1422215651,True,A,True,M,STAFF SUSTAINABILITY,A. Staff sustainability.,A. Staff sustainability.
train_0342__p_at_oa_vs_q_at_oa,train_cfg_0342,384059579,True,B,True,T,THREAT REDUCTION,<B>. Threat reduction.,<B>. Threat reduction.
train_0342__p_at_oa_vs_q_at_oa,train_cfg_0342,3901955868,True,B,True,T,THREAT REDUCTION,<B>. Threat reduction.,<B>. Threat reduction.
train_0342__p_at_oa_vs_q_at_oa,train_cfg_0342,1923562304,True,B,True,T,THREAT REDUCTION,<B>. Threat reduction.,<B>. Threat reduction.
train_0342__q_at_oa_vs_p_at_oa,train_cfg_0342,1956644835,True,A,True,T,THREAT REDUCTION,A. Threat reduction.,A. Threat reduction.
train_0342__q_at_oa_vs_p_at_oa,train_cfg_0342,1735051169,True,A,True,T,THREAT REDUCTION,A. Threat reduction.,A. Threat reduction.
train_0342__q_at_oa_vs_p_at_oa,train_cfg_0342,2506554983,True,A,True,T,THREAT REDUCTION,A. Threat reduction.,A. Threat reduction.
train_0342__p_at_ob_vs_q_at_ob,train_cfg_0342,1436995121,True,B,True,T,THREAT REDUCTION,<B>. Threat reduction.,<B>. Threat reduction.
train_0342__p_at_ob_vs_q_at_ob,train_cfg_0342,2296476615,True,B,True,T,THREAT REDUCTION,<B>. Threat reduction.,<B>. Threat reduction.
train_0342__p_at_ob_vs_q_at_ob,train_cfg_0342,2538289234,True,B,True,T,THREAT REDUCTION,<B>. Threat reduction.,<B>. Threat reduction.
train_0342__q_at_ob_vs_p_at_ob,train_cfg_0342,1105789333,True,A,True,T,THREAT REDUCTION,A. Threat reduction.,A. Threat reduction.
train_0342__q_at_ob_vs_p_at_ob,train_cfg_0342,3084545182,True,A,True,T,THREAT REDUCTION,A. Threat reduction.,A. Threat reduction.
train_0342__q_at_ob_vs_p_at_ob,train_cfg_0342,1791176200,True,A,True,T,THREAT REDUCTION,A. Threat reduction.,A. Threat reduction.
train_0343__p_at_oa_vs_q_at_oa,train_cfg_0343,797387522,True,B,True,C,SERVICE CONTINUITY,<B>. Service continuity.,<B>. Service continuity.
train_0343__p_at_oa_vs_q_at_oa,train_cfg_0343,295047289,True,B,True,C,SERVICE CONTINUITY,<B>. Service continuity.,<B>. Service continuity.
train_0343__p_at_oa_vs_q_at_oa,train_cfg_0343,198876029,True,B,True,C,SERVICE CONTINUITY,<B>. Service continuity.,<B>. Service continuity.
train_0343__q_at_oa_vs_p_at_oa,train_cfg_0343,1048820874,True,A,True,C,SERVICE CONTINUITY,A. Service continuity.,A. Service continuity.
train_0343__q_at_oa_vs_p_at_oa,train_cfg_0343,2867659435,True,A,True,C,SERVICE CONTINUITY,A. Service continuity.,A. Service continuity.
train_0343__q_at_oa_vs_p_at_oa,train_cfg_0343,1196919906,True,A,True,C,SERVICE CONTINUITY,A. Service continuity.,A. Service continuity.
train_0343__p_at_ob_vs_q_at_ob,train_cfg_0343,261467136,True,B,True,C,SERVICE CONTINUITY,<B>. Service continuity.,<B>. Service continuity.
train_0343__p_at_ob_vs_q_at_ob,train_cfg_0343,233156728,True,B,True,C,SERVICE CONTINUITY,<B>. Service continuity.,<B>. Service continuity.
train_0343__p_at_ob_vs_q_at_ob,train_cfg_0343,3932188096,True,B,True,C,SERVICE CONTINUITY,<B>. Service continuity.,<B>. Service continuity.
train_0343__q_at_ob_vs_p_at_ob,train_cfg_0343,2269826228,True,A,True,C,SERVICE CONTINUITY,A. Service continuity.,A. Service continuity.
train_0343__q_at_ob_vs_p_at_ob,train_cfg_0343,822451341,True,A,True,C,SERVICE CONTINUITY,A. Service continuity.,A. Service continuity.
train_0343__q_at_ob_vs_p_at_ob,train_cfg_0343,1670247604,True,A,True,C,SERVICE CONTINUITY,A. Service continuity.,A. Service continuity.
train_0344__p_at_oa_vs_q_at_oa,train_cfg_0344,1693916984,True,B,True,T,THREAT REDUCTION,<B>. Threat reduction.,<B>. Threat reduction.
train_0344__p_at_oa_vs_q_at_oa,train_cfg_0344,1974734730,True,B,True,T,THREAT REDUCTION,<B>. Threat reduction.,<B>. Threat reduction.
train_0344__p_at_oa_vs_q_at_oa,train_cfg_0344,1860153612,True,B,True,T,THREAT REDUCTION,<B>. Threat reduction.,<B>. Threat reduction.
train_0344__q_at_oa_vs_p_at_oa,train_cfg_0344,707977086,True,A,True,T,THREAT REDUCTION,A. Threat reduction.,A. Threat reduction.
train_0344__q_at_oa_vs_p_at_oa,train_cfg_0344,3388303385,True,A,True,T,THREAT REDUCTION,A. Threat reduction.,A. Threat reduction.
train_0344__q_at_oa_vs_p_at_oa,train_cfg_0344,1659490296,True,A,True,T,THREAT REDUCTION,A. Threat reduction.,A. Threat reduction.
train_0344__p_at_ob_vs_q_at_ob,train_cfg_0344,3297047589,True,B,True,T,THREAT REDUCTION,<B>. Threat reduction.,<B>. Threat reduction.
train_0344__p_at_ob_vs_q_at_ob,train_cfg_0344,1316230424,True,B,True,T,THREAT REDUCTION,<B>. Threat reduction.,<B>. Threat reduction.
train_0344__p_at_ob_vs_q_at_ob,train_cfg_0344,3493644789,True,B,True,T,THREAT REDUCTION,<B>. Threat reduction.,<B>. Threat reduction.
train_0344__q_at_ob_vs_p_at_ob,train_cfg_0344,87255558,True,A,True,T,THREAT REDUCTION,A. Threat reduction.,A. Threat reduction.
train_0344__q_at_ob_vs_p_at_ob,train_cfg_0344,1461076876,True,A,True,T,THREAT REDUCTION,A. Threat reduction.,A. Threat reduction.
train_0344__q_at_ob_vs_p_at_ob,train_cfg_0344,3799068846,True,A,True,T,THREAT REDUCTION,A. Threat reduction.,A. Threat reduction.
train_0345__p_at_oa_vs_q_at_oa,train_cfg_0345,2858030890,True,B,True,T,THREAT REDUCTION,<B>. Threat reduction.,<B>. Threat reduction.
train_0345__p_at_oa_vs_q_at_oa,train_cfg_0345,173953011,True,B,True,T,THREAT REDUCTION,<B>. Threat reduction.,<B>. Threat reduction.
train_0345__p_at_oa_vs_q_at_oa,train_cfg_0345,4274845562,True,B,True,T,THREAT REDUCTION,<B>. Threat reduction.,<B>. Threat reduction.
train_0345__q_at_oa_vs_p_at_oa,train_cfg_0345,164434973,True,A,True,T,THREAT REDUCTION,A. Threat reduction.,A. Threat reduction.
train_0345__q_at_oa_vs_p_at_oa,train_cfg_0345,1451349114,True,A,True,T,THREAT REDUCTION,A. Threat reduction.,A. Threat reduction.
train_0345__q_at_oa_vs_p_at_oa,train_cfg_0345,2474736379,True,A,True,T,THREAT REDUCTION,A. Threat reduction.,A. Threat reduction.
train_0345__p_at_ob_vs_q_at_ob,train_cfg_0345,536038241,True,B,True,T,THREAT REDUCTION,<B>. Threat reduction.,<B>. Threat reduction.
train_0345__p_at_ob_vs_q_at_ob,train_cfg_0345,419296276,True,B,True,T,THREAT REDUCTION,<B>. Threat reduction.,<B>. Threat reduction.
train_0345__p_at_ob_vs_q_at_ob,train_cfg_0345,3813367858,True,B,True,T,THREAT REDUCTION,<B>. Threat reduction.,<B>. Threat reduction.
train_0345__q_at_ob_vs_p_at_ob,train_cfg_0345,3654023779,True,A,True,T,THREAT REDUCTION,A. Threat reduction.,A. Threat reduction.
train_0345__q_at_ob_vs_p_at_ob,train_cfg_0345,814182392,True,A,True,T,THREAT REDUCTION,A. Threat reduction.,A. Threat reduction.
train_0345__q_at_ob_vs_p_at_ob,train_cfg_0345,2125163425,True,A,True,T,THREAT REDUCTION,A. Threat reduction.,A. Threat reduction.
train_0346__p_at_oa_vs_q_at_oa,train_cfg_0346,3171746956,True,B,True,T,THREAT REDUCTION,<B>. Threat reduction.,<B>. Threat reduction.
train_0346__p_at_oa_vs_q_at_oa,train_cfg_0346,3156896892,True,B,True,T,THREAT REDUCTION,<B>. Threat reduction.,<B>. Threat reduction.
train_0346__p_at_oa_vs_q_at_oa,train_cfg_0346,2382146365,True,B,True,T,THREAT REDUCTION,<B>. Threat reduction.,<B>. Threat reduction.
train_0346__q_at_oa_vs_p_at_oa,train_cfg_0346,2219946557,True,A,True,D,DEPLOYMENT SPEED,A. Deployment speed.,A. Deployment speed.
train_0346__q_at_oa_vs_p_at_oa,train_cfg_0346,2083927690,True,A,True,D,DEPLOYMENT SPEED,A. Deployment speed.,A. Deployment speed.
train_0346__q_at_oa_vs_p_at_oa,train_cfg_0346,2479008896,True,A,True,D,DEPLOYMENT SPEED,A. Deployment speed.,A. Deployment speed.
train_0346__p_at_ob_vs_q_at_ob,train_cfg_0346,3011188982,True,B,True,T,THREAT REDUCTION,<B>. Threat reduction.,<B>. Threat reduction.
train_0346__p_at_ob_vs_q_at_ob,train_cfg_0346,580685989,True,B,True,T,THREAT REDUCTION,<B>. Threat reduction.,<B>. Threat reduction.
train_0346__p_at_ob_vs_q_at_ob,train_cfg_0346,1761825874,True,B,True,T,THREAT REDUCTION,<B>. Threat reduction.,<B>. Threat reduction.
train_0346__q_at_ob_vs_p_at_ob,train_cfg_0346,2270878991,True,A,True,D,DEPLOYMENT SPEED,A. Deployment speed.,A. Deployment speed.
train_0346__q_at_ob_vs_p_at_ob,train_cfg_0346,3503585939,True,A,True,D,DEPLOYMENT SPEED,A. Deployment speed.,A. Deployment speed.
train_0346__q_at_ob_vs_p_at_ob,train_cfg_0346,1358590546,True,A,True,D,DEPLOYMENT SPEED,A. Deployment speed.,A. Deployment speed.
train_0347__p_at_oa_vs_q_at_oa,train_cfg_0347,962769345,True,B,True,M,STAFF SUSTAINABILITY,<B>. Staff sustainability.,<B>. Staff sustainability.
train_0347__p_at_oa_vs_q_at_oa,train_cfg_0347,4256814296,True,B,True,C,SERVICE CONTINUITY,B. Service continuity.,B. Service continuity.
train_0347__p_at_oa_vs_q_at_oa,train_cfg_0347,2364217369,True,B,True,M,STAFF SUSTAINABILITY,<B>. Staff sustainability.,<B>. Staff sustainability.
train_0347__q_at_oa_vs_p_at_oa,train_cfg_0347,3781375889,True,A,True,M,STAFF SUSTAINABILITY,A. Staff sustainability.,A. Staff sustainability.
train_0347__q_at_oa_vs_p_at_oa,train_cfg_0347,3389960600,True,A,True,M,STAFF SUSTAINABILITY,A. Staff sustainability.,A. Staff sustainability.
train_0347__q_at_oa_vs_p_at_oa,train_cfg_0347,2319081034,True,A,True,M,STAFF SUSTAINABILITY,A. Staff sustainability.,A. Staff sustainability.
train_0347__p_at_ob_vs_q_at_ob,train_cfg_0347,3262640804,True,B,True,C,SERVICE CONTINUITY,B. Service continuity.,B. Service continuity.
train_0347__p_at_ob_vs_q_at_ob,train_cfg_0347,1749904820,True,B,True,C,SERVICE CONTINUITY,<B>. Service continuity.,<B>. Service continuity.
train_0347__p_at_ob_vs_q_at_ob,train_cfg_0347,1603171535,True,B,True,C,SERVICE CONTINUITY,<B>. Service continuity.,<B>. Service continuity.
train_0347__q_at_ob_vs_p_at_ob,train_cfg_0347,115920445,True,A,True,T,THREAT REDUCTION,A. Threat reduction.,A. Threat reduction.
train_0347__q_at_ob_vs_p_at_ob,train_cfg_0347,3626739255,True,A,True,T,THREAT REDUCTION,A. Threat reduction.,A. Threat reduction.
train_0347__q_at_ob_vs_p_at_ob,train_cfg_0347,4015587758,True,A,True,T,THREAT REDUCTION,A. Threat reduction.,A. Threat reduction.
train_0348__p_at_oa_vs_q_at_oa,train_cfg_0348,88949940,True,B,True,T,THREAT REDUCTION,<B>. Threat reduction.,<B>. Threat reduction.
train_0348__p_at_oa_vs_q_at_oa,train_cfg_0348,3178358759,True,B,True,T,THREAT REDUCTION,<B>. Threat reduction.,<B>. Threat reduction.
train_0348__p_at_oa_vs_q_at_oa,train_cfg_0348,698655200,True,B,True,T,THREAT REDUCTION,<B>. Threat reduction.,<B>. Threat reduction.
train_0348__q_at_oa_vs_p_at_oa,train_cfg_0348,2593471668,True,A,True,T,THREAT REDUCTION,A. Threat reduction.,A. Threat reduction.
train_0348__q_at_oa_vs_p_at_oa,train_cfg_0348,3434314985,True,B,True,M,STAFF SUSTAINABILITY,<B>. Staff sustainability.,<B>. Staff sustainability.
train_0348__q_at_oa_vs_p_at_oa,train_cfg_0348,3748396156,True,B,True,M,STAFF SUSTAINABILITY,<B>. Staff sustainability.,<B>. Staff sustainability.
train_0348__p_at_ob_vs_q_at_ob,train_cfg_0348,384385437,True,B,True,T,THREAT REDUCTION,<B>. Threat reduction.,<B>. Threat reduction.
train_0348__p_at_ob_vs_q_at_ob,train_cfg_0348,250975205,True,B,True,T,THREAT REDUCTION,<B>. Threat reduction.,<B>. Threat reduction.
train_0348__p_at_ob_vs_q_at_ob,train_cfg_0348,1444656548,True,B,True,C,SERVICE CONTINUITY,<B>. Service continuity.,<B>. Service continuity.
train_0348__q_at_ob_vs_p_at_ob,train_cfg_0348,481480903,True,A,True,M,STAFF SUSTAINABILITY,A. Staff sustainability.,A. Staff sustainability.
train_0348__q_at_ob_vs_p_at_ob,train_cfg_0348,576855035,True,A,True,M,STAFF SUSTAINABILITY,A. Staff sustainability.,A. Staff sustainability.
train_0348__q_at_ob_vs_p_at_ob,train_cfg_0348,3311990076,True,A,True,M,STAFF SUSTAINABILITY,A. Staff sustainability.,A. Staff sustainability.
train_0349__p_at_oa_vs_q_at_oa,train_cfg_0349,3206786670,True,B,True,C,SERVICE CONTINUITY,<B>. Service continuity.,<B>. Service continuity.
train_0349__p_at_oa_vs_q_at_oa,train_cfg_0349,1009299050,True,B,True,C,SERVICE CONTINUITY,<B>. Service continuity.,<B>. Service continuity.
train_0349__p_at_oa_vs_q_at_oa,train_cfg_0349,2985263557,True,B,True,C,SERVICE CONTINUITY,<B>. Service continuity.,<B>. Service continuity.
train_0349__q_at_oa_vs_p_at_oa,train_cfg_0349,3467682258,True,A,True,T,THREAT REDUCTION,A. Threat reduction.,A. Threat reduction.
train_0349__q_at_oa_vs_p_at_oa,train_cfg_0349,2171662446,True,A,True,T,THREAT REDUCTION,A. Threat reduction.,A. Threat reduction.
train_0349__q_at_oa_vs_p_at_oa,train_cfg_0349,3099472898,True,A,True,T,THREAT REDUCTION,A. Threat reduction.,A. Threat reduction.
train_0349__p_at_ob_vs_q_at_ob,train_cfg_0349,1169360317,True,B,True,T,THREAT REDUCTION,<B>. Threat reduction.,<B>. Threat reduction.
train_0349__p_at_ob_vs_q_at_ob,train_cfg_0349,1233577960,True,B,True,T,THREAT REDUCTION,<B>. Threat reduction.,<B>. Threat reduction.
train_0349__p_at_ob_vs_q_at_ob,train_cfg_0349,3163872938,True,B,True,T,THREAT REDUCTION,<B>. Threat reduction.,<B>. Threat reduction.
train_0349__q_at_ob_vs_p_at_ob,train_cfg_0349,3546503425,True,A,True,T,THREAT REDUCTION,A. Threat reduction.,A. Threat reduction.
train_0349__q_at_ob_vs_p_at_ob,train_cfg_0349,2343762364,True,A,True,T,THREAT REDUCTION,A. Threat reduction.,A. Threat reduction.
train_0349__q_at_ob_vs_p_at_ob,train_cfg_0349,375536227,True,A,True,T,THREAT REDUCTION,A. Threat reduction.,A. Threat reduction.
train_0350__p_at_oa_vs_q_at_oa,train_cfg_0350,4257528830,True,B,True,M,STAFF SUSTAINABILITY,<B>. Staff sustainability.,<B>. Staff sustainability.
train_0350__p_at_oa_vs_q_at_oa,train_cfg_0350,1880117551,True,B,True,M,STAFF SUSTAINABILITY,<B>. Staff sustainability.,<B>. Staff sustainability.
train_0350__p_at_oa_vs_q_at_oa,train_cfg_0350,1561077220,True,B,True,M,STAFF SUSTAINABILITY,<B>. Staff sustainability.,<B>. Staff sustainability.
train_0350__q_at_oa_vs_p_at_oa,train_cfg_0350,2228132138,True,A,True,M,STAFF SUSTAINABILITY,A. Staff sustainability.,A. Staff sustainability.
train_0350__q_at_oa_vs_p_at_oa,train_cfg_0350,169795354,True,A,True,M,STAFF SUSTAINABILITY,A. Staff sustainability.,A. Staff sustainability.
train_0350__q_at_oa_vs_p_at_oa,train_cfg_0350,2888281274,True,A,True,M,STAFF SUSTAINABILITY,A. Staff sustainability.,A. Staff sustainability.
train_0350__p_at_ob_vs_q_at_ob,train_cfg_0350,2335831100,True,B,True,T,THREAT REDUCTION,<B>. Threat reduction.,<B>. Threat reduction.
train_0350__p_at_ob_vs_q_at_ob,train_cfg_0350,336622118,True,B,True,T,THREAT REDUCTION,<B>. Threat reduction.,<B>. Threat reduction.
train_0350__p_at_ob_vs_q_at_ob,train_cfg_0350,121556846,True,B,True,T,THREAT REDUCTION,<B>. Threat reduction.,<B>. Threat reduction.
train_0350__q_at_ob_vs_p_at_ob,train_cfg_0350,2896796394,True,A,True,D,DEPLOYMENT SPEED,A. Deployment speed.,A. Deployment speed.
train_0350__q_at_ob_vs_p_at_ob,train_cfg_0350,183332622,True,A,True,D,DEPLOYMENT SPEED,A. Deployment speed.,A. Deployment speed.
train_0350__q_at_ob_vs_p_at_ob,train_cfg_0350,3477250653,True,A,True,D,DEPLOYMENT SPEED,A. Deployment speed.,A. Deployment speed.
train_0351__p_at_oa_vs_q_at_oa,train_cfg_0351,253835732,True,B,True,C,SERVICE CONTINUITY,<B>. Service continuity.,<B>. Service continuity.
train_0351__p_at_oa_vs_q_at_oa,train_cfg_0351,4118950049,True,B,True,C,SERVICE CONTINUITY,<B>. Service continuity.,<B>. Service continuity.
train_0351__p_at_oa_vs_q_at_oa,train_cfg_0351,4175985113,True,B,True,C,SERVICE CONTINUITY,<B>. Service continuity.,<B>. Service continuity.
train_0351__q_at_oa_vs_p_at_oa,train_cfg_0351,1820408330,True,A,True,C,SERVICE CONTINUITY,A. Service continuity.,A. Service continuity.
train_0351__q_at_oa_vs_p_at_oa,train_cfg_0351,443503479,True,A,True,C,SERVICE CONTINUITY,A. Service continuity.,A. Service continuity.
train_0351__q_at_oa_vs_p_at_oa,train_cfg_0351,2528361551,True,A,True,C,SERVICE CONTINUITY,A. Service continuity.,A. Service continuity.
train_0351__p_at_ob_vs_q_at_ob,train_cfg_0351,525033748,True,B,True,M,STAFF SUSTAINABILITY,<B>. Staff sustainability.,<B>. Staff sustainability.
train_0351__p_at_ob_vs_q_at_ob,train_cfg_0351,2211170112,True,B,True,M,STAFF SUSTAINABILITY,<B>. Staff sustainability.,<B>. Staff sustainability.
train_0351__p_at_ob_vs_q_at_ob,train_cfg_0351,2219318821,True,B,True,M,STAFF SUSTAINABILITY,<B>. Staff sustainability.,<B>. Staff sustainability.
train_0351__q_at_ob_vs_p_at_ob,train_cfg_0351,2903370949,True,A,True,M,STAFF SUSTAINABILITY,A. Staff sustainability.,A. Staff sustainability.
train_0351__q_at_ob_vs_p_at_ob,train_cfg_0351,2691637962,True,A,True,M,STAFF SUSTAINABILITY,A. Staff sustainability.,A. Staff sustainability.
train_0351__q_at_ob_vs_p_at_ob,train_cfg_0351,3901807835,True,A,True,M,STAFF SUSTAINABILITY,A. Staff sustainability.,A. Staff sustainability.
train_0352__p_at_oa_vs_q_at_oa,train_cfg_0352,2603458566,True,B,True,P,SYSTEM PORTABILITY,<B>. System portability.,<B>. System portability.
train_0352__p_at_oa_vs_q_at_oa,train_cfg_0352,1673086593,True,B,True,P,SYSTEM PORTABILITY,<B>. System portability.,<B>. System portability.
train_0352__p_at_oa_vs_q_at_oa,train_cfg_0352,2948745298,True,B,True,P,SYSTEM PORTABILITY,<B>. System portability.,<B>. System portability.
train_0352__q_at_oa_vs_p_at_oa,train_cfg_0352,1043793163,True,A,True,M,STAFF SUSTAINABILITY,A. Staff sustainability.,A. Staff sustainability.
train_0352__q_at_oa_vs_p_at_oa,train_cfg_0352,141168132,True,A,True,M,STAFF SUSTAINABILITY,A. Staff sustainability.,A. Staff sustainability.
train_0352__q_at_oa_vs_p_at_oa,train_cfg_0352,1247659596,True,A,True,M,STAFF SUSTAINABILITY,A. Staff sustainability.,A. Staff sustainability.
train_0352__p_at_ob_vs_q_at_ob,train_cfg_0352,3487359668,True,B,True,D,DEPLOYMENT SPEED,<B>. Deployment speed.,<B>. Deployment speed.
train_0352__p_at_ob_vs_q_at_ob,train_cfg_0352,1268980846,True,B,True,D,DEPLOYMENT SPEED,<B>. Deployment speed.,<B>. Deployment speed.
train_0352__p_at_ob_vs_q_at_ob,train_cfg_0352,3961419752,True,B,True,P,SYSTEM PORTABILITY,<B>. System portability.,<B>. System portability.
train_0352__q_at_ob_vs_p_at_ob,train_cfg_0352,2339217308,True,A,True,M,STAFF SUSTAINABILITY,A. Staff sustainability.,A. Staff sustainability.
train_0352__q_at_ob_vs_p_at_ob,train_cfg_0352,4053128741,True,A,True,M,STAFF SUSTAINABILITY,A. Staff sustainability.,A. Staff sustainability.
train_0352__q_at_ob_vs_p_at_ob,train_cfg_0352,2198892736,True,A,True,M,STAFF SUSTAINABILITY,A. Staff sustainability.,A. Staff sustainability.
train_0353__p_at_oa_vs_q_at_oa,train_cfg_0353,897336547,True,B,True,C,SERVICE CONTINUITY,<B>. Service continuity.,<B>. Service continuity.
train_0353__p_at_oa_vs_q_at_oa,train_cfg_0353,2145560004,True,B,True,C,SERVICE CONTINUITY,<B>. Service continuity.,<B>. Service continuity.
train_0353__p_at_oa_vs_q_at_oa,train_cfg_0353,412337853,True,B,True,C,SERVICE CONTINUITY,<B>. Service continuity.,<B>. Service continuity.
train_0353__q_at_oa_vs_p_at_oa,train_cfg_0353,1956000787,True,A,True,M,STAFF SUSTAINABILITY,A. Staff sustainability.,A. Staff sustainability.
train_0353__q_at_oa_vs_p_at_oa,train_cfg_0353,2582658743,True,A,True,C,SERVICE CONTINUITY,A. Service continuity.,A. Service continuity.
train_0353__q_at_oa_vs_p_at_oa,train_cfg_0353,2252617530,True,A,True,M,STAFF SUSTAINABILITY,A. Staff sustainability.,A. Staff sustainability.
train_0353__p_at_ob_vs_q_at_ob,train_cfg_0353,4210225041,True,B,True,D,DEPLOYMENT SPEED,<B>. Deployment speed.,<B>. Deployment speed.
train_0353__p_at_ob_vs_q_at_ob,train_cfg_0353,231667167,True,B,True,D,DEPLOYMENT SPEED,<B>. Deployment speed.,<B>. Deployment speed.
train_0353__p_at_ob_vs_q_at_ob,train_cfg_0353,3513931146,True,B,True,D,DEPLOYMENT SPEED,<B>. Deployment speed.,<B>. Deployment speed.
train_0353__q_at_ob_vs_p_at_ob,train_cfg_0353,745360290,True,A,True,C,SERVICE CONTINUITY,A. Service continuity.,A. Service continuity.
train_0353__q_at_ob_vs_p_at_ob,train_cfg_0353,1733799246,True,A,True,C,SERVICE CONTINUITY,A. Service continuity.,A. Service continuity.
train_0353__q_at_ob_vs_p_at_ob,train_cfg_0353,505286878,True,A,True,C,SERVICE CONTINUITY,A. Service continuity.,A. Service continuity.
train_0354__p_at_oa_vs_q_at_oa,train_cfg_0354,1386091657,True,B,True,T,THREAT REDUCTION,<B>. Threat reduction.,<B>. Threat reduction.
train_0354__p_at_oa_vs_q_at_oa,train_cfg_0354,2516925834,True,B,True,T,THREAT REDUCTION,<B>. Threat reduction.,<B>. Threat reduction.
train_0354__p_at_oa_vs_q_at_oa,train_cfg_0354,3659420490,True,B,True,T,THREAT REDUCTION,<B>. Threat reduction.,<B>. Threat reduction.
train_0354__q_at_oa_vs_p_at_oa,train_cfg_0354,145781776,True,A,True,C,SERVICE CONTINUITY,A. Service continuity.,A. Service continuity.
train_0354__q_at_oa_vs_p_at_oa,train_cfg_0354,3912604362,True,A,True,C,SERVICE CONTINUITY,A. Service continuity.,A. Service continuity.
train_0354__q_at_oa_vs_p_at_oa,train_cfg_0354,333909580,True,A,True,C,SERVICE CONTINUITY,A. Service continuity.,A. Service continuity.
train_0354__p_at_ob_vs_q_at_ob,train_cfg_0354,2995289894,True,B,True,T,THREAT REDUCTION,<B>. Threat reduction.,<B>. Threat reduction.
train_0354__p_at_ob_vs_q_at_ob,train_cfg_0354,862715499,True,B,True,T,THREAT REDUCTION,<B>. Threat reduction.,<B>. Threat reduction.
train_0354__p_at_ob_vs_q_at_ob,train_cfg_0354,1071492076,True,B,True,T,THREAT REDUCTION,<B>. Threat reduction.,<B>. Threat reduction.
train_0354__q_at_ob_vs_p_at_ob,train_cfg_0354,2127537736,True,A,True,A,AUDIT READINESS,A. Audit readiness.,A. Audit readiness.
train_0354__q_at_ob_vs_p_at_ob,train_cfg_0354,558613886,True,A,True,A,AUDIT READINESS,A. Audit readiness.,A. Audit readiness.
train_0354__q_at_ob_vs_p_at_ob,train_cfg_0354,2221836691,True,A,True,A,AUDIT READINESS,A. Audit readiness.,A. Audit readiness.
train_0355__p_at_oa_vs_q_at_oa,train_cfg_0355,361606646,True,B,True,T,THREAT REDUCTION,<B>. Threat reduction.,<B>. Threat reduction.
train_0355__p_at_oa_vs_q_at_oa,train_cfg_0355,3737155960,True,B,True,T,THREAT REDUCTION,<B>. Threat reduction.,<B>. Threat reduction.
train_0355__p_at_oa_vs_q_at_oa,train_cfg_0355,2140162904,True,B,True,T,THREAT REDUCTION,<B>. Threat reduction.,<B>. Threat reduction.
train_0355__q_at_oa_vs_p_at_oa,train_cfg_0355,2465973482,True,A,True,T,THREAT REDUCTION,A. Threat reduction.,A. Threat reduction.
train_0355__q_at_oa_vs_p_at_oa,train_cfg_0355,4282040326,True,A,True,T,THREAT REDUCTION,A. Threat reduction.,A. Threat reduction.
train_0355__q_at_oa_vs_p_at_oa,train_cfg_0355,1252673779,True,A,True,T,THREAT REDUCTION,A. Threat reduction.,A. Threat reduction.
train_0355__p_at_ob_vs_q_at_ob,train_cfg_0355,3088398401,True,B,True,T,THREAT REDUCTION,<B>. Threat reduction.,<B>. Threat reduction.
train_0355__p_at_ob_vs_q_at_ob,train_cfg_0355,2244798806,True,B,True,T,THREAT REDUCTION,<B>. Threat reduction.,<B>. Threat reduction.
train_0355__p_at_ob_vs_q_at_ob,train_cfg_0355,4180709150,True,B,True,T,THREAT REDUCTION,<B>. Threat reduction.,<B>. Threat reduction.
train_0355__q_at_ob_vs_p_at_ob,train_cfg_0355,3133822668,True,A,True,T,THREAT REDUCTION,A. Threat reduction.,A. Threat reduction.
train_0355__q_at_ob_vs_p_at_ob,train_cfg_0355,2849824740,True,A,True,T,THREAT REDUCTION,A. Threat reduction.,A. Threat reduction.
train_0355__q_at_ob_vs_p_at_ob,train_cfg_0355,1137231579,True,A,True,T,THREAT REDUCTION,A. Threat reduction.,A. Threat reduction.
train_0356__p_at_oa_vs_q_at_oa,train_cfg_0356,1532181422,True,B,True,T,THREAT REDUCTION,<B>. Threat reduction.,<B>. Threat reduction.
train_0356__p_at_oa_vs_q_at_oa,train_cfg_0356,2236073304,True,B,True,T,THREAT REDUCTION,<B>. Threat reduction.,<B>. Threat reduction.
train_0356__p_at_oa_vs_q_at_oa,train_cfg_0356,132349109,True,B,True,T,THREAT REDUCTION,<B>. Threat reduction.,<B>. Threat reduction.
train_0356__q_at_oa_vs_p_at_oa,train_cfg_0356,2141141470,True,A,True,T,THREAT REDUCTION,A. Threat reduction.,A. Threat reduction.
train_0356__q_at_oa_vs_p_at_oa,train_cfg_0356,1211609721,True,A,True,T,THREAT REDUCTION,A. Threat reduction.,A. Threat reduction.
train_0356__q_at_oa_vs_p_at_oa,train_cfg_0356,3162974174,True,A,True,T,THREAT REDUCTION,A. Threat reduction.,A. Threat reduction.
train_0356__p_at_ob_vs_q_at_ob,train_cfg_0356,1681089229,True,B,True,T,THREAT REDUCTION,<B>. Threat reduction.,<B>. Threat reduction.
train_0356__p_at_ob_vs_q_at_ob,train_cfg_0356,1645518858,True,B,True,T,THREAT REDUCTION,<B>. Threat reduction.,<B>. Threat reduction.
train_0356__p_at_ob_vs_q_at_ob,train_cfg_0356,2256911575,True,B,True,T,THREAT REDUCTION,<B>. Threat reduction.,<B>. Threat reduction.
train_0356__q_at_ob_vs_p_at_ob,train_cfg_0356,4262743456,True,A,True,T,THREAT REDUCTION,A. Threat reduction.,A. Threat reduction.
train_0356__q_at_ob_vs_p_at_ob,train_cfg_0356,470283293,True,A,True,T,THREAT REDUCTION,A. Threat reduction.,A. Threat reduction.
train_0356__q_at_ob_vs_p_at_ob,train_cfg_0356,2449632865,True,A,True,T,THREAT REDUCTION,A. Threat reduction.,A. Threat reduction.
train_0357__p_at_oa_vs_q_at_oa,train_cfg_0357,1581637144,True,A,True,A,AUDIT READINESS,A. Audit readiness.,A. Audit readiness.
train_0357__p_at_oa_vs_q_at_oa,train_cfg_0357,1686894518,True,A,True,A,AUDIT READINESS,A. Audit readiness.,A. Audit readiness.
train_0357__p_at_oa_vs_q_at_oa,train_cfg_0357,954811934,True,A,True,A,AUDIT READINESS,A. Audit readiness.,A. Audit readiness.
train_0357__q_at_oa_vs_p_at_oa,train_cfg_0357,3153983830,True,A,True,T,THREAT REDUCTION,A. Threat reduction.,A. Threat reduction.
train_0357__q_at_oa_vs_p_at_oa,train_cfg_0357,1073784194,True,A,True,T,THREAT REDUCTION,A. Threat reduction.,A. Threat reduction.
train_0357__q_at_oa_vs_p_at_oa,train_cfg_0357,2133516252,True,A,True,T,THREAT REDUCTION,A. Threat reduction.,A. Threat reduction.
train_0357__p_at_ob_vs_q_at_ob,train_cfg_0357,1434227736,True,A,True,M,STAFF SUSTAINABILITY,A. Staff sustainability.,A. Staff sustainability.
train_0357__p_at_ob_vs_q_at_ob,train_cfg_0357,1273328949,True,A,True,M,STAFF SUSTAINABILITY,A. Staff sustainability.,A. Staff sustainability.
train_0357__p_at_ob_vs_q_at_ob,train_cfg_0357,854388448,True,A,True,M,STAFF SUSTAINABILITY,A. Staff sustainability.,A. Staff sustainability.
train_0357__q_at_ob_vs_p_at_ob,train_cfg_0357,1272754418,True,A,True,M,STAFF SUSTAINABILITY,A. Staff sustainability.,A. Staff sustainability.
train_0357__q_at_ob_vs_p_at_ob,train_cfg_0357,1393492264,True,A,True,M,STAFF SUSTAINABILITY,A. Staff sustainability.,A. Staff sustainability.
train_0357__q_at_ob_vs_p_at_ob,train_cfg_0357,1440851655,True,A,True,M,STAFF SUSTAINABILITY,A. Staff sustainability.,A. Staff sustainability.
train_0358__p_at_oa_vs_q_at_oa,train_cfg_0358,4077810978,True,B,True,T,THREAT REDUCTION,<B>. Threat reduction.,<B>. Threat reduction.
train_0358__p_at_oa_vs_q_at_oa,train_cfg_0358,2261959367,True,B,True,T,THREAT REDUCTION,<B>. Threat reduction.,<B>. Threat reduction.
train_0358__p_at_oa_vs_q_at_oa,train_cfg_0358,695345379,True,B,True,T,THREAT REDUCTION,<B>. Threat reduction.,<B>. Threat reduction.
train_0358__q_at_oa_vs_p_at_oa,train_cfg_0358,648473797,True,A,True,T,THREAT REDUCTION,A. Threat reduction.,A. Threat reduction.
train_0358__q_at_oa_vs_p_at_oa,train_cfg_0358,3590463627,True,A,True,T,THREAT REDUCTION,A. Threat reduction.,A. Threat reduction.
train_0358__q_at_oa_vs_p_at_oa,train_cfg_0358,335969276,True,A,True,T,THREAT REDUCTION,A. Threat reduction.,A. Threat reduction.
train_0358__p_at_ob_vs_q_at_ob,train_cfg_0358,4071874130,True,B,True,T,THREAT REDUCTION,<B>. Threat reduction.,<B>. Threat reduction.
train_0358__p_at_ob_vs_q_at_ob,train_cfg_0358,1688683325,True,B,True,T,THREAT REDUCTION,<B>. Threat reduction.,<B>. Threat reduction.
train_0358__p_at_ob_vs_q_at_ob,train_cfg_0358,1265707479,True,B,True,T,THREAT REDUCTION,<B>. Threat reduction.,<B>. Threat reduction.
train_0358__q_at_ob_vs_p_at_ob,train_cfg_0358,3870491131,True,A,True,T,THREAT REDUCTION,A. Threat reduction.,A. Threat reduction.
train_0358__q_at_ob_vs_p_at_ob,train_cfg_0358,2042393841,True,A,True,T,THREAT REDUCTION,A. Threat reduction.,A. Threat reduction.
train_0358__q_at_ob_vs_p_at_ob,train_cfg_0358,4230186785,True,B,True,M,STAFF SUSTAINABILITY,<B>. Staff sustainability.,<B>. Staff sustainability.
train_0359__p_at_oa_vs_q_at_oa,train_cfg_0359,474390675,True,A,True,C,SERVICE CONTINUITY,A. Service continuity.,A. Service continuity.
train_0359__p_at_oa_vs_q_at_oa,train_cfg_0359,1243834849,True,A,True,C,SERVICE CONTINUITY,A. Service continuity.,A. Service continuity.
train_0359__p_at_oa_vs_q_at_oa,train_cfg_0359,3023068236,True,A,True,C,SERVICE CONTINUITY,A. Service continuity.,A. Service continuity.
train_0359__q_at_oa_vs_p_at_oa,train_cfg_0359,2251913299,True,B,True,C,SERVICE CONTINUITY,<B>. Service continuity.,<B>. Service continuity.
train_0359__q_at_oa_vs_p_at_oa,train_cfg_0359,163539655,True,B,True,C,SERVICE CONTINUITY,<B>. Service continuity.,<B>. Service continuity.
train_0359__q_at_oa_vs_p_at_oa,train_cfg_0359,949042793,True,B,True,C,SERVICE CONTINUITY,<B>. Service continuity.,<B>. Service continuity.
train_0359__p_at_ob_vs_q_at_ob,train_cfg_0359,3120748471,True,A,True,D,DEPLOYMENT SPEED,A. Deployment speed.,A. Deployment speed.
train_0359__p_at_ob_vs_q_at_ob,train_cfg_0359,198801985,True,A,True,D,DEPLOYMENT SPEED,A. Deployment speed.,A. Deployment speed.
train_0359__p_at_ob_vs_q_at_ob,train_cfg_0359,3311704196,True,A,True,D,DEPLOYMENT SPEED,A. Deployment speed.,A. Deployment speed.
train_0359__q_at_ob_vs_p_at_ob,train_cfg_0359,2823140840,True,B,True,C,SERVICE CONTINUITY,<B>. Service continuity.,<B>. Service continuity.
train_0359__q_at_ob_vs_p_at_ob,train_cfg_0359,2707048717,True,B,True,C,SERVICE CONTINUITY,<B>. Service continuity.,<B>. Service continuity.
train_0359__q_at_ob_vs_p_at_ob,train_cfg_0359,1369298586,True,B,True,C,SERVICE CONTINUITY,<B>. Service continuity.,<B>. Service continuity.
train_0360__p_at_oa_vs_q_at_oa,train_cfg_0360,3077208489,True,B,True,T,THREAT REDUCTION,<B>. Threat reduction.,<B>. Threat reduction.
train_0360__p_at_oa_vs_q_at_oa,train_cfg_0360,2541885889,True,A,True,C,SERVICE CONTINUITY,A. Service continuity.,A. Service continuity.
train_0360__p_at_oa_vs_q_at_oa,train_cfg_0360,2092793815,True,B,True,T,THREAT REDUCTION,<B>. Threat reduction.,<B>. Threat reduction.
train_0360__q_at_oa_vs_p_at_oa,train_cfg_0360,4158051146,True,B,True,A,AUDIT READINESS,<B>. Audit readiness.,<B>. Audit readiness.
train_0360__q_at_oa_vs_p_at_oa,train_cfg_0360,2429746790,True,B,True,D,DEPLOYMENT SPEED,<B>. Deployment speed.,<B>. Deployment speed.
train_0360__q_at_oa_vs_p_at_oa,train_cfg_0360,1041379744,True,B,True,A,AUDIT READINESS,<B>. Audit readiness.,<B>. Audit readiness.
train_0360__p_at_ob_vs_q_at_ob,train_cfg_0360,713088001,True,A,True,T,THREAT REDUCTION,A. Threat reduction.,A. Threat reduction.
train_0360__p_at_ob_vs_q_at_ob,train_cfg_0360,1075050678,True,A,True,T,THREAT REDUCTION,A. Threat reduction.,A. Threat reduction.
train_0360__p_at_ob_vs_q_at_ob,train_cfg_0360,1910572853,True,A,True,T,THREAT REDUCTION,A. Threat reduction.,A. Threat reduction.
train_0360__q_at_ob_vs_p_at_ob,train_cfg_0360,906074259,True,B,True,D,DEPLOYMENT SPEED,<B>. Deployment speed.,<B>. Deployment speed.
train_0360__q_at_ob_vs_p_at_ob,train_cfg_0360,3593186016,True,B,True,D,DEPLOYMENT SPEED,<B>. Deployment speed.,<B>. Deployment speed.
train_0360__q_at_ob_vs_p_at_ob,train_cfg_0360,1911656260,True,B,True,D,DEPLOYMENT SPEED,<B>. Deployment speed.,<B>. Deployment speed.
train_0361__p_at_oa_vs_q_at_oa,train_cfg_0361,4002197589,True,B,True,T,THREAT REDUCTION,<B>. Threat reduction.,<B>. Threat reduction.
train_0361__p_at_oa_vs_q_at_oa,train_cfg_0361,1822082265,True,B,True,T,THREAT REDUCTION,<B>. Threat reduction.,<B>. Threat reduction.
train_0361__p_at_oa_vs_q_at_oa,train_cfg_0361,1727687671,True,B,True,T,THREAT REDUCTION,<B>. Threat reduction.,<B>. Threat reduction.
train_0361__q_at_oa_vs_p_at_oa,train_cfg_0361,87927816,True,A,True,M,STAFF SUSTAINABILITY,A. Staff sustainability.,A. Staff sustainability.
train_0361__q_at_oa_vs_p_at_oa,train_cfg_0361,3173794383,True,A,True,M,STAFF SUSTAINABILITY,A. Staff sustainability.,A. Staff sustainability.
train_0361__q_at_oa_vs_p_at_oa,train_cfg_0361,2797453284,True,A,True,M,STAFF SUSTAINABILITY,A. Staff sustainability.,A. Staff sustainability.
train_0361__p_at_ob_vs_q_at_ob,train_cfg_0361,2384286179,True,B,True,T,THREAT REDUCTION,<B>. Threat reduction.,<B>. Threat reduction.
train_0361__p_at_ob_vs_q_at_ob,train_cfg_0361,1974446727,True,B,True,T,THREAT REDUCTION,<B>. Threat reduction.,<B>. Threat reduction.
train_0361__p_at_ob_vs_q_at_ob,train_cfg_0361,246235830,True,B,True,T,THREAT REDUCTION,<B>. Threat reduction.,<B>. Threat reduction.
train_0361__q_at_ob_vs_p_at_ob,train_cfg_0361,1926794097,True,A,True,T,THREAT REDUCTION,A. Threat reduction.,A. Threat reduction.
train_0361__q_at_ob_vs_p_at_ob,train_cfg_0361,2153654705,True,A,True,T,THREAT REDUCTION,A. Threat reduction.,A. Threat reduction.
train_0361__q_at_ob_vs_p_at_ob,train_cfg_0361,2921035966,True,A,True,T,THREAT REDUCTION,A. Threat reduction.,A. Threat reduction.
train_0362__p_at_oa_vs_q_at_oa,train_cfg_0362,1321174199,True,B,True,C,SERVICE CONTINUITY,<B>. Service continuity.,<B>. Service continuity.
train_0362__p_at_oa_vs_q_at_oa,train_cfg_0362,4220468573,True,B,True,C,SERVICE CONTINUITY,<B>. Service continuity.,<B>. Service continuity.
train_0362__p_at_oa_vs_q_at_oa,train_cfg_0362,1488913849,True,B,True,C,SERVICE CONTINUITY,<B>. Service continuity.,<B>. Service continuity.
train_0362__q_at_oa_vs_p_at_oa,train_cfg_0362,847333952,True,A,True,M,STAFF SUSTAINABILITY,A. Staff sustainability.,A. Staff sustainability.
train_0362__q_at_oa_vs_p_at_oa,train_cfg_0362,3855876385,True,A,True,M,STAFF SUSTAINABILITY,A. Staff sustainability.,A. Staff sustainability.
train_0362__q_at_oa_vs_p_at_oa,train_cfg_0362,494255731,True,A,True,M,STAFF SUSTAINABILITY,A. Staff sustainability.,A. Staff sustainability.
train_0362__p_at_ob_vs_q_at_ob,train_cfg_0362,160644784,True,B,True,C,SERVICE CONTINUITY,<B>. Service continuity.,<B>. Service continuity.
train_0362__p_at_ob_vs_q_at_ob,train_cfg_0362,3502525793,True,B,True,C,SERVICE CONTINUITY,<B>. Service continuity.,<B>. Service continuity.
train_0362__p_at_ob_vs_q_at_ob,train_cfg_0362,196141713,True,B,True,C,SERVICE CONTINUITY,<B>. Service continuity.,<B>. Service continuity.
train_0362__q_at_ob_vs_p_at_ob,train_cfg_0362,511121720,True,A,True,C,SERVICE CONTINUITY,A. Service continuity.,A. Service continuity.
train_0362__q_at_ob_vs_p_at_ob,train_cfg_0362,1490951054,True,A,True,C,SERVICE CONTINUITY,A. Service continuity.,A. Service continuity.
train_0362__q_at_ob_vs_p_at_ob,train_cfg_0362,402388217,True,A,True,C,SERVICE CONTINUITY,A. Service continuity.,A. Service continuity.
train_0363__p_at_oa_vs_q_at_oa,train_cfg_0363,342312871,True,B,True,T,THREAT REDUCTION,<B>. Threat reduction.,<B>. Threat reduction.
train_0363__p_at_oa_vs_q_at_oa,train_cfg_0363,3554110039,True,B,True,T,THREAT REDUCTION,<B>. Threat reduction.,<B>. Threat reduction.
train_0363__p_at_oa_vs_q_at_oa,train_cfg_0363,2307629577,True,B,True,T,THREAT REDUCTION,<B>. Threat reduction.,<B>. Threat reduction.
train_0363__q_at_oa_vs_p_at_oa,train_cfg_0363,3299536976,True,B,True,A,AUDIT READINESS,<B>. Audit readiness.,<B>. Audit readiness.
train_0363__q_at_oa_vs_p_at_oa,train_cfg_0363,2295649062,True,B,True,A,AUDIT READINESS,<B>. Audit readiness.,<B>. Audit readiness.
train_0363__q_at_oa_vs_p_at_oa,train_cfg_0363,2617527285,True,B,True,A,AUDIT READINESS,<B>. Audit readiness.,<B>. Audit readiness.
train_0363__p_at_ob_vs_q_at_ob,train_cfg_0363,3329076082,True,B,True,M,STAFF SUSTAINABILITY,<B>. Staff sustainability.,<B>. Staff sustainability.
train_0363__p_at_ob_vs_q_at_ob,train_cfg_0363,4140034642,True,B,True,M,STAFF SUSTAINABILITY,<B>. Staff sustainability.,<B>. Staff sustainability.
train_0363__p_at_ob_vs_q_at_ob,train_cfg_0363,1287304299,True,B,True,M,STAFF SUSTAINABILITY,<B>. Staff sustainability.,<B>. Staff sustainability.
train_0363__q_at_ob_vs_p_at_ob,train_cfg_0363,2308961538,True,B,True,A,AUDIT READINESS,<B>. Audit readiness.,<B>. Audit readiness.
train_0363__q_at_ob_vs_p_at_ob,train_cfg_0363,2273135436,True,B,True,A,AUDIT READINESS,<B>. Audit readiness.,<B>. Audit readiness.
train_0363__q_at_ob_vs_p_at_ob,train_cfg_0363,3457215623,True,B,True,A,AUDIT READINESS,<B>. Audit readiness.,<B>. Audit readiness.
train_0364__p_at_oa_vs_q_at_oa,train_cfg_0364,2324544439,True,B,True,D,DEPLOYMENT SPEED,<B>. Deployment speed.,<B>. Deployment speed.
train_0364__p_at_oa_vs_q_at_oa,train_cfg_0364,1081264178,True,B,True,D,DEPLOYMENT SPEED,<B>. Deployment speed.,<B>. Deployment speed.
train_0364__p_at_oa_vs_q_at_oa,train_cfg_0364,3143304816,True,B,True,D,DEPLOYMENT SPEED,<B>. Deployment speed.,<B>. Deployment speed.
train_0364__q_at_oa_vs_p_at_oa,train_cfg_0364,2855177019,True,A,True,C,SERVICE CONTINUITY,A. Service continuity.,A. Service continuity.
train_0364__q_at_oa_vs_p_at_oa,train_cfg_0364,60174135,True,A,True,C,SERVICE CONTINUITY,A. Service continuity.,A. Service continuity.
train_0364__q_at_oa_vs_p_at_oa,train_cfg_0364,2817908350,True,A,True,C,SERVICE CONTINUITY,A. Service continuity.,A. Service continuity.
train_0364__p_at_ob_vs_q_at_ob,train_cfg_0364,312888362,True,B,True,C,SERVICE CONTINUITY,<B>. Service continuity.,<B>. Service continuity.
train_0364__p_at_ob_vs_q_at_ob,train_cfg_0364,4065600061,True,B,True,C,SERVICE CONTINUITY,<B>. Service continuity.,<B>. Service continuity.
train_0364__p_at_ob_vs_q_at_ob,train_cfg_0364,3915408839,True,B,True,C,SERVICE CONTINUITY,<B>. Service continuity.,<B>. Service continuity.
train_0364__q_at_ob_vs_p_at_ob,train_cfg_0364,3810015386,True,A,True,C,SERVICE CONTINUITY,A. Service continuity.,A. Service continuity.
train_0364__q_at_ob_vs_p_at_ob,train_cfg_0364,1761950793,True,A,True,C,SERVICE CONTINUITY,A. Service continuity.,A. Service continuity.
train_0364__q_at_ob_vs_p_at_ob,train_cfg_0364,3874608968,True,A,True,C,SERVICE CONTINUITY,A. Service continuity.,A. Service continuity.
train_0365__p_at_oa_vs_q_at_oa,train_cfg_0365,958525736,True,B,True,M,STAFF SUSTAINABILITY,<B>. Staff sustainability.,<B>. Staff sustainability.
train_0365__p_at_oa_vs_q_at_oa,train_cfg_0365,2729847343,True,B,True,M,STAFF SUSTAINABILITY,<B>. Staff sustainability.,<B>. Staff sustainability.
train_0365__p_at_oa_vs_q_at_oa,train_cfg_0365,2895328081,True,B,True,M,STAFF SUSTAINABILITY,<B>. Staff sustainability.,<B>. Staff sustainability.
train_0365__q_at_oa_vs_p_at_oa,train_cfg_0365,1432016815,True,A,True,M,STAFF SUSTAINABILITY,A. Staff sustainability.,A. Staff sustainability.
train_0365__q_at_oa_vs_p_at_oa,train_cfg_0365,2725782935,True,A,True,M,STAFF SUSTAINABILITY,A. Staff sustainability.,A. Staff sustainability.
train_0365__q_at_oa_vs_p_at_oa,train_cfg_0365,2941615767,True,A,True,M,STAFF SUSTAINABILITY,A. Staff sustainability.,A. Staff sustainability.
train_0365__p_at_ob_vs_q_at_ob,train_cfg_0365,4240382986,True,B,True,M,STAFF SUSTAINABILITY,<B>. Staff sustainability.,<B>. Staff sustainability.
train_0365__p_at_ob_vs_q_at_ob,train_cfg_0365,2697088511,True,B,True,M,STAFF SUSTAINABILITY,<B>. Staff sustainability.,<B>. Staff sustainability.
train_0365__p_at_ob_vs_q_at_ob,train_cfg_0365,3679134474,True,B,True,M,STAFF SUSTAINABILITY,<B>. Staff sustainability.,<B>. Staff sustainability.
train_0365__q_at_ob_vs_p_at_ob,train_cfg_0365,3236478981,True,A,True,M,STAFF SUSTAINABILITY,A. Staff sustainability.,A. Staff sustainability.
train_0365__q_at_ob_vs_p_at_ob,train_cfg_0365,1627685697,True,A,True,M,STAFF SUSTAINABILITY,A. Staff sustainability.,A. Staff sustainability.
train_0365__q_at_ob_vs_p_at_ob,train_cfg_0365,2626969437,True,A,True,M,STAFF SUSTAINABILITY,A. Staff sustainability.,A. Staff sustainability.
train_0366__p_at_oa_vs_q_at_oa,train_cfg_0366,4227308303,True,A,True,M,STAFF SUSTAINABILITY,A. Staff sustainability.,A. Staff sustainability.
train_0366__p_at_oa_vs_q_at_oa,train_cfg_0366,1079722299,True,A,True,M,STAFF SUSTAINABILITY,A. Staff sustainability.,A. Staff sustainability.
train_0366__p_at_oa_vs_q_at_oa,train_cfg_0366,754864678,True,A,True,M,STAFF SUSTAINABILITY,A. Staff sustainability.,A. Staff sustainability.
train_0366__q_at_oa_vs_p_at_oa,train_cfg_0366,1153690846,True,B,True,M,STAFF SUSTAINABILITY,<B>. Staff sustainability.,<B>. Staff sustainability.
train_0366__q_at_oa_vs_p_at_oa,train_cfg_0366,4252020304,True,B,True,M,STAFF SUSTAINABILITY,<B>. Staff sustainability.,<B>. Staff sustainability.
train_0366__q_at_oa_vs_p_at_oa,train_cfg_0366,609340948,True,B,True,M,STAFF SUSTAINABILITY,<B>. Staff sustainability.,<B>. Staff sustainability.
train_0366__p_at_ob_vs_q_at_ob,train_cfg_0366,3265335356,True,A,True,M,STAFF SUSTAINABILITY,A. Staff sustainability.,A. Staff sustainability.
train_0366__p_at_ob_vs_q_at_ob,train_cfg_0366,3895703648,True,A,True,M,STAFF SUSTAINABILITY,A. Staff sustainability.,A. Staff sustainability.
train_0366__p_at_ob_vs_q_at_ob,train_cfg_0366,11671607,True,A,True,M,STAFF SUSTAINABILITY,A. Staff sustainability.,A. Staff sustainability.
train_0366__q_at_ob_vs_p_at_ob,train_cfg_0366,3463851991,True,B,True,M,STAFF SUSTAINABILITY,<B>. Staff sustainability.,<B>. Staff sustainability.
train_0366__q_at_ob_vs_p_at_ob,train_cfg_0366,3299899545,True,B,True,M,STAFF SUSTAINABILITY,<B>. Staff sustainability.,<B>. Staff sustainability.
train_0366__q_at_ob_vs_p_at_ob,train_cfg_0366,135076839,True,B,True,M,STAFF SUSTAINABILITY,<B>. Staff sustainability.,<B>. Staff sustainability.
train_0367__p_at_oa_vs_q_at_oa,train_cfg_0367,1654928555,True,B,True,T,THREAT REDUCTION,<B>. Threat reduction.,<B>. Threat reduction.
train_0367__p_at_oa_vs_q_at_oa,train_cfg_0367,3583365035,True,B,True,T,THREAT REDUCTION,<B>. Threat reduction.,<B>. Threat reduction.
train_0367__p_at_oa_vs_q_at_oa,train_cfg_0367,2408475673,True,B,True,T,THREAT REDUCTION,<B>. Threat reduction.,<B>. Threat reduction.
train_0367__q_at_oa_vs_p_at_oa,train_cfg_0367,3361681345,True,A,True,T,THREAT REDUCTION,A. Threat reduction.,A. Threat reduction.
train_0367__q_at_oa_vs_p_at_oa,train_cfg_0367,154564908,True,A,True,T,THREAT REDUCTION,A. Threat reduction.,A. Threat reduction.
train_0367__q_at_oa_vs_p_at_oa,train_cfg_0367,2188396635,True,A,True,T,THREAT REDUCTION,A. Threat reduction.,A. Threat reduction.
train_0367__p_at_ob_vs_q_at_ob,train_cfg_0367,607608539,True,B,True,T,THREAT REDUCTION,<B>. Threat reduction.,<B>. Threat reduction.
train_0367__p_at_ob_vs_q_at_ob,train_cfg_0367,1353499406,True,B,True,T,THREAT REDUCTION,<B>. Threat reduction.,<B>. Threat reduction.
train_0367__p_at_ob_vs_q_at_ob,train_cfg_0367,3163123035,True,B,True,T,THREAT REDUCTION,<B>. Threat reduction.,<B>. Threat reduction.
train_0367__q_at_ob_vs_p_at_ob,train_cfg_0367,1629778649,True,A,True,T,THREAT REDUCTION,A. Threat reduction.,A. Threat reduction.
train_0367__q_at_ob_vs_p_at_ob,train_cfg_0367,2253156976,True,A,True,T,THREAT REDUCTION,A. Threat reduction.,A. Threat reduction.
train_0367__q_at_ob_vs_p_at_ob,train_cfg_0367,926762001,True,A,True,T,THREAT REDUCTION,A. Threat reduction.,A. Threat reduction.
train_0368__p_at_oa_vs_q_at_oa,train_cfg_0368,3253749806,True,B,True,T,THREAT REDUCTION,<B>. Threat reduction.,<B>. Threat reduction.
train_0368__p_at_oa_vs_q_at_oa,train_cfg_0368,3201621553,True,B,True,T,THREAT REDUCTION,<B>. Threat reduction.,<B>. Threat reduction.
train_0368__p_at_oa_vs_q_at_oa,train_cfg_0368,518684892,True,B,True,T,THREAT REDUCTION,<B>. Threat reduction.,<B>. Threat reduction.
train_0368__q_at_oa_vs_p_at_oa,train_cfg_0368,441347364,True,B,True,M,STAFF SUSTAINABILITY,<B>. Staff sustainability.,<B>. Staff sustainability.
train_0368__q_at_oa_vs_p_at_oa,train_cfg_0368,630141377,True,B,True,M,STAFF SUSTAINABILITY,<B>. Staff sustainability.,<B>. Staff sustainability.
train_0368__q_at_oa_vs_p_at_oa,train_cfg_0368,54737169,True,B,True,M,STAFF SUSTAINABILITY,<B>. Staff sustainability.,<B>. Staff sustainability.
train_0368__p_at_ob_vs_q_at_ob,train_cfg_0368,3387992264,True,B,True,T,THREAT REDUCTION,<B>. Threat reduction.,<B>. Threat reduction.
train_0368__p_at_ob_vs_q_at_ob,train_cfg_0368,1581587529,True,B,True,T,THREAT REDUCTION,<B>. Threat reduction.,<B>. Threat reduction.
train_0368__p_at_ob_vs_q_at_ob,train_cfg_0368,2844916065,True,B,True,T,THREAT REDUCTION,<B>. Threat reduction.,<B>. Threat reduction.
train_0368__q_at_ob_vs_p_at_ob,train_cfg_0368,731218238,True,B,True,C,SERVICE CONTINUITY,<B>. Service continuity.,<B>. Service continuity.
train_0368__q_at_ob_vs_p_at_ob,train_cfg_0368,3908440851,True,B,True,C,SERVICE CONTINUITY,<B>. Service continuity.,<B>. Service continuity.
train_0368__q_at_ob_vs_p_at_ob,train_cfg_0368,1051341651,True,B,True,C,SERVICE CONTINUITY,<B>. Service continuity.,<B>. Service continuity.
train_0369__p_at_oa_vs_q_at_oa,train_cfg_0369,430428760,True,B,True,D,DEPLOYMENT SPEED,<B>. Deployment speed.,<B>. Deployment speed.
train_0369__p_at_oa_vs_q_at_oa,train_cfg_0369,2112728061,True,B,True,D,DEPLOYMENT SPEED,<B>. Deployment speed.,<B>. Deployment speed.
train_0369__p_at_oa_vs_q_at_oa,train_cfg_0369,2172978156,True,B,True,D,DEPLOYMENT SPEED,<B>. Deployment speed.,<B>. Deployment speed.
train_0369__q_at_oa_vs_p_at_oa,train_cfg_0369,1092887609,True,A,True,D,DEPLOYMENT SPEED,A. Deployment speed.,A. Deployment speed.
train_0369__q_at_oa_vs_p_at_oa,train_cfg_0369,2300308741,True,A,True,D,DEPLOYMENT SPEED,A. Deployment speed.,A. Deployment speed.
train_0369__q_at_oa_vs_p_at_oa,train_cfg_0369,973725728,True,A,True,D,DEPLOYMENT SPEED,A. Deployment speed.,A. Deployment speed.
train_0369__p_at_ob_vs_q_at_ob,train_cfg_0369,715409154,True,B,True,D,DEPLOYMENT SPEED,B. Deployment speed.,B. Deployment speed.
train_0369__p_at_ob_vs_q_at_ob,train_cfg_0369,1324970180,True,B,True,D,DEPLOYMENT SPEED,B. Deployment speed.,B. Deployment speed.
train_0369__p_at_ob_vs_q_at_ob,train_cfg_0369,3988211751,True,B,True,D,DEPLOYMENT SPEED,B. Deployment speed.,B. Deployment speed.
train_0369__q_at_ob_vs_p_at_ob,train_cfg_0369,2822893122,True,A,True,D,DEPLOYMENT SPEED,A. Deployment speed.,A. Deployment speed.
train_0369__q_at_ob_vs_p_at_ob,train_cfg_0369,4529836,True,A,True,D,DEPLOYMENT SPEED,A. Deployment speed.,A. Deployment speed.
train_0369__q_at_ob_vs_p_at_ob,train_cfg_0369,3968886701,True,A,True,D,DEPLOYMENT SPEED,A. Deployment speed.,A. Deployment speed.
train_0370__p_at_oa_vs_q_at_oa,train_cfg_0370,4054938747,True,A,True,C,SERVICE CONTINUITY,A. Service continuity.,A. Service continuity.
train_0370__p_at_oa_vs_q_at_oa,train_cfg_0370,1819506462,True,A,True,C,SERVICE CONTINUITY,A. Service continuity.,A. Service continuity.
train_0370__p_at_oa_vs_q_at_oa,train_cfg_0370,1937458962,True,A,True,C,SERVICE CONTINUITY,A. Service continuity.,A. Service continuity.
train_0370__q_at_oa_vs_p_at_oa,train_cfg_0370,1207694122,True,B,True,C,SERVICE CONTINUITY,<B>. Service continuity.,<B>. Service continuity.
train_0370__q_at_oa_vs_p_at_oa,train_cfg_0370,2178674177,True,B,True,C,SERVICE CONTINUITY,<B>. Service continuity.,<B>. Service continuity.
train_0370__q_at_oa_vs_p_at_oa,train_cfg_0370,3212589137,True,B,True,C,SERVICE CONTINUITY,<B>. Service continuity.,<B>. Service continuity.
train_0370__p_at_ob_vs_q_at_ob,train_cfg_0370,2741377296,True,A,True,M,STAFF SUSTAINABILITY,A. Staff sustainability.,A. Staff sustainability.
train_0370__p_at_ob_vs_q_at_ob,train_cfg_0370,3583455069,True,A,True,M,STAFF SUSTAINABILITY,A. Staff sustainability.,A. Staff sustainability.
train_0370__p_at_ob_vs_q_at_ob,train_cfg_0370,2713161198,True,A,True,M,STAFF SUSTAINABILITY,A. Staff sustainability.,A. Staff sustainability.
train_0370__q_at_ob_vs_p_at_ob,train_cfg_0370,2568572815,True,B,True,C,SERVICE CONTINUITY,<B>. Service continuity.,<B>. Service continuity.
train_0370__q_at_ob_vs_p_at_ob,train_cfg_0370,2893654483,True,B,True,C,SERVICE CONTINUITY,<B>. Service continuity.,<B>. Service continuity.
train_0370__q_at_ob_vs_p_at_ob,train_cfg_0370,1383743471,True,B,True,C,SERVICE CONTINUITY,<B>. Service continuity.,<B>. Service continuity.
train_0371__p_at_oa_vs_q_at_oa,train_cfg_0371,511443884,True,A,True,M,STAFF SUSTAINABILITY,A. Staff sustainability.,A. Staff sustainability.
train_0371__p_at_oa_vs_q_at_oa,train_cfg_0371,1454202782,True,A,True,M,STAFF SUSTAINABILITY,A. Staff sustainability.,A. Staff sustainability.
train_0371__p_at_oa_vs_q_at_oa,train_cfg_0371,1916830802,True,A,True,M,STAFF SUSTAINABILITY,A. Staff sustainability.,A. Staff sustainability.
train_0371__q_at_oa_vs_p_at_oa,train_cfg_0371,3248050906,True,B,True,M,STAFF SUSTAINABILITY,<B>. Staff sustainability.,<B>. Staff sustainability.
train_0371__q_at_oa_vs_p_at_oa,train_cfg_0371,973006330,True,B,True,M,STAFF SUSTAINABILITY,<B>. Staff sustainability.,<B>. Staff sustainability.
train_0371__q_at_oa_vs_p_at_oa,train_cfg_0371,2250032766,True,B,True,M,STAFF SUSTAINABILITY,<B>. Staff sustainability.,<B>. Staff sustainability.
train_0371__p_at_ob_vs_q_at_ob,train_cfg_0371,3935773530,True,A,True,M,STAFF SUSTAINABILITY,A. Staff sustainability.,A. Staff sustainability.
train_0371__p_at_ob_vs_q_at_ob,train_cfg_0371,827712336,True,A,True,M,STAFF SUSTAINABILITY,A. Staff sustainability.,A. Staff sustainability.
train_0371__p_at_ob_vs_q_at_ob,train_cfg_0371,1317646487,True,A,True,M,STAFF SUSTAINABILITY,A. Staff sustainability.,A. Staff sustainability.
train_0371__q_at_ob_vs_p_at_ob,train_cfg_0371,1013706691,True,B,True,M,STAFF SUSTAINABILITY,<B>. Staff sustainability.,<B>. Staff sustainability.
train_0371__q_at_ob_vs_p_at_ob,train_cfg_0371,272652343,True,B,True,M,STAFF SUSTAINABILITY,<B>. Staff sustainability.,<B>. Staff sustainability.
train_0371__q_at_ob_vs_p_at_ob,train_cfg_0371,1636552198,True,B,True,M,STAFF SUSTAINABILITY,<B>. Staff sustainability.,<B>. Staff sustainability.
train_0372__p_at_oa_vs_q_at_oa,train_cfg_0372,598314111,True,B,True,T,THREAT REDUCTION,<B>. Threat reduction.,<B>. Threat reduction.
train_0372__p_at_oa_vs_q_at_oa,train_cfg_0372,4290321421,True,B,True,T,THREAT REDUCTION,<B>. Threat reduction.,<B>. Threat reduction.
train_0372__p_at_oa_vs_q_at_oa,train_cfg_0372,721778261,True,B,True,T,THREAT REDUCTION,<B>. Threat reduction.,<B>. Threat reduction.
train_0372__q_at_oa_vs_p_at_oa,train_cfg_0372,50416946,True,A,True,T,THREAT REDUCTION,A. Threat reduction.,A. Threat reduction.
train_0372__q_at_oa_vs_p_at_oa,train_cfg_0372,4210427845,True,A,True,T,THREAT REDUCTION,A. Threat reduction.,A. Threat reduction.
train_0372__q_at_oa_vs_p_at_oa,train_cfg_0372,3448802736,True,A,True,T,THREAT REDUCTION,A. Threat reduction.,A. Threat reduction.
train_0372__p_at_ob_vs_q_at_ob,train_cfg_0372,3353200881,True,B,True,T,THREAT REDUCTION,<B>. Threat reduction.,<B>. Threat reduction.
train_0372__p_at_ob_vs_q_at_ob,train_cfg_0372,3664917946,True,B,True,T,THREAT REDUCTION,<B>. Threat reduction.,<B>. Threat reduction.
train_0372__p_at_ob_vs_q_at_ob,train_cfg_0372,3852127028,True,B,True,T,THREAT REDUCTION,<B>. Threat reduction.,<B>. Threat reduction.
train_0372__q_at_ob_vs_p_at_ob,train_cfg_0372,2940182230,True,A,True,C,SERVICE CONTINUITY,A. Service continuity.,A. Service continuity.
train_0372__q_at_ob_vs_p_at_ob,train_cfg_0372,3598868143,True,A,True,C,SERVICE CONTINUITY,A. Service continuity.,A. Service continuity.
train_0372__q_at_ob_vs_p_at_ob,train_cfg_0372,173652948,True,A,True,C,SERVICE CONTINUITY,A. Service continuity.,A. Service continuity.
train_0373__p_at_oa_vs_q_at_oa,train_cfg_0373,2624402884,True,B,True,A,AUDIT READINESS,<B>. Audit readiness.,<B>. Audit readiness.
train_0373__p_at_oa_vs_q_at_oa,train_cfg_0373,807511574,True,B,True,A,AUDIT READINESS,<B>. Audit readiness.,<B>. Audit readiness.
train_0373__p_at_oa_vs_q_at_oa,train_cfg_0373,3473933332,True,B,True,A,AUDIT READINESS,<B>. Audit readiness.,<B>. Audit readiness.
train_0373__q_at_oa_vs_p_at_oa,train_cfg_0373,2676667760,True,A,True,M,STAFF SUSTAINABILITY,A. Staff sustainability.,A. Staff sustainability.
train_0373__q_at_oa_vs_p_at_oa,train_cfg_0373,327665191,True,A,True,M,STAFF SUSTAINABILITY,A. Staff sustainability.,A. Staff sustainability.
train_0373__q_at_oa_vs_p_at_oa,train_cfg_0373,192227025,True,A,True,M,STAFF SUSTAINABILITY,A. Staff sustainability.,A. Staff sustainability.
train_0373__p_at_ob_vs_q_at_ob,train_cfg_0373,2554500076,True,B,True,M,STAFF SUSTAINABILITY,<B>. Staff sustainability.,<B>. Staff sustainability.
train_0373__p_at_ob_vs_q_at_ob,train_cfg_0373,1351777337,True,B,True,M,STAFF SUSTAINABILITY,<B>. Staff sustainability.,<B>. Staff sustainability.
train_0373__p_at_ob_vs_q_at_ob,train_cfg_0373,261626871,True,B,True,M,STAFF SUSTAINABILITY,<B>. Staff sustainability.,<B>. Staff sustainability.
train_0373__q_at_ob_vs_p_at_ob,train_cfg_0373,619607509,True,A,True,M,STAFF SUSTAINABILITY,A. Staff sustainability.,A. Staff sustainability.
train_0373__q_at_ob_vs_p_at_ob,train_cfg_0373,3009879220,True,A,True,M,STAFF SUSTAINABILITY,A. Staff sustainability.,A. Staff sustainability.
train_0373__q_at_ob_vs_p_at_ob,train_cfg_0373,574854237,True,A,True,M,STAFF SUSTAINABILITY,A. Staff sustainability.,A. Staff sustainability.
train_0374__p_at_oa_vs_q_at_oa,train_cfg_0374,1120570385,True,B,True,C,SERVICE CONTINUITY,<B>. Service continuity.,<B>. Service continuity.
train_0374__p_at_oa_vs_q_at_oa,train_cfg_0374,2256285534,True,B,True,C,SERVICE CONTINUITY,<B>. Service continuity.,<B>. Service continuity.
train_0374__p_at_oa_vs_q_at_oa,train_cfg_0374,733635504,True,B,True,C,SERVICE CONTINUITY,<B>. Service continuity.,<B>. Service continuity.
train_0374__q_at_oa_vs_p_at_oa,train_cfg_0374,2658813960,True,A,True,M,STAFF SUSTAINABILITY,A. Staff sustainability.,A. Staff sustainability.
train_0374__q_at_oa_vs_p_at_oa,train_cfg_0374,1608629865,True,A,True,M,STAFF SUSTAINABILITY,A. Staff sustainability.,A. Staff sustainability.
train_0374__q_at_oa_vs_p_at_oa,train_cfg_0374,698672285,True,A,True,M,STAFF SUSTAINABILITY,A. Staff sustainability.,A. Staff sustainability.
train_0374__p_at_ob_vs_q_at_ob,train_cfg_0374,2752939630,True,B,True,C,SERVICE CONTINUITY,<B>. Service continuity.,<B>. Service continuity.
train_0374__p_at_ob_vs_q_at_ob,train_cfg_0374,1513585442,True,B,True,C,SERVICE CONTINUITY,<B>. Service continuity.,<B>. Service continuity.
train_0374__p_at_ob_vs_q_at_ob,train_cfg_0374,2754231719,True,B,True,C,SERVICE CONTINUITY,<B>. Service continuity.,<B>. Service continuity.
train_0374__q_at_ob_vs_p_at_ob,train_cfg_0374,3013765163,True,A,True,M,STAFF SUSTAINABILITY,A. Staff sustainability.,A. Staff sustainability.
train_0374__q_at_ob_vs_p_at_ob,train_cfg_0374,3741149151,True,A,True,M,STAFF SUSTAINABILITY,A. Staff sustainability.,A. Staff sustainability.
train_0374__q_at_ob_vs_p_at_ob,train_cfg_0374,3851148372,True,A,True,M,STAFF SUSTAINABILITY,A. Staff sustainability.,A. Staff sustainability.
train_0375__p_at_oa_vs_q_at_oa,train_cfg_0375,4198489678,True,A,True,C,SERVICE CONTINUITY,A. Service continuity.,A. Service continuity.
train_0375__p_at_oa_vs_q_at_oa,train_cfg_0375,3625368058,True,A,True,C,SERVICE CONTINUITY,A. Service continuity.,A. Service continuity.
train_0375__p_at_oa_vs_q_at_oa,train_cfg_0375,85808606,True,A,True,C,SERVICE CONTINUITY,A. Service continuity.,A. Service continuity.
train_0375__q_at_oa_vs_p_at_oa,train_cfg_0375,3370419872,True,B,True,C,SERVICE CONTINUITY,<B>. Service continuity.,<B>. Service continuity.
train_0375__q_at_oa_vs_p_at_oa,train_cfg_0375,1398185963,True,B,True,C,SERVICE CONTINUITY,<B>. Service continuity.,<B>. Service continuity.
train_0375__q_at_oa_vs_p_at_oa,train_cfg_0375,3589657987,True,B,True,C,SERVICE CONTINUITY,<B>. Service continuity.,<B>. Service continuity.
train_0375__p_at_ob_vs_q_at_ob,train_cfg_0375,539444582,True,B,True,M,STAFF SUSTAINABILITY,<B>. Staff sustainability.,<B>. Staff sustainability.
train_0375__p_at_ob_vs_q_at_ob,train_cfg_0375,966248904,True,A,True,C,SERVICE CONTINUITY,A. Service continuity.,A. Service continuity.
train_0375__p_at_ob_vs_q_at_ob,train_cfg_0375,3241129590,True,B,True,M,STAFF SUSTAINABILITY,<B>. Staff sustainability.,<B>. Staff sustainability.
train_0375__q_at_ob_vs_p_at_ob,train_cfg_0375,3441058394,True,B,True,C,SERVICE CONTINUITY,<B>. Service continuity.,<B>. Service continuity.
train_0375__q_at_ob_vs_p_at_ob,train_cfg_0375,2707426776,True,B,True,C,SERVICE CONTINUITY,<B>. Service continuity.,<B>. Service continuity.
train_0375__q_at_ob_vs_p_at_ob,train_cfg_0375,3856607201,True,B,True,C,SERVICE CONTINUITY,<B>. Service continuity.,<B>. Service continuity.
train_0376__p_at_oa_vs_q_at_oa,train_cfg_0376,592225697,True,B,True,T,THREAT REDUCTION,<B>. Threat reduction.,<B>. Threat reduction.
train_0376__p_at_oa_vs_q_at_oa,train_cfg_0376,477719067,True,B,True,T,THREAT REDUCTION,<B>. Threat reduction.,<B>. Threat reduction.
train_0376__p_at_oa_vs_q_at_oa,train_cfg_0376,2784032260,True,B,True,T,THREAT REDUCTION,<B>. Threat reduction.,<B>. Threat reduction.
train_0376__q_at_oa_vs_p_at_oa,train_cfg_0376,2902374683,True,A,True,M,STAFF SUSTAINABILITY,A. Staff sustainability.,A. Staff sustainability.
train_0376__q_at_oa_vs_p_at_oa,train_cfg_0376,2512706186,True,A,True,M,STAFF SUSTAINABILITY,A. Staff sustainability.,A. Staff sustainability.
train_0376__q_at_oa_vs_p_at_oa,train_cfg_0376,1415070475,True,A,True,M,STAFF SUSTAINABILITY,A. Staff sustainability.,A. Staff sustainability.
train_0376__p_at_ob_vs_q_at_ob,train_cfg_0376,3298576224,True,B,True,A,AUDIT READINESS,<B>. Audit readiness.,<B>. Audit readiness.
train_0376__p_at_ob_vs_q_at_ob,train_cfg_0376,2126816072,True,B,True,A,AUDIT READINESS,<B>. Audit readiness.,<B>. Audit readiness.
train_0376__p_at_ob_vs_q_at_ob,train_cfg_0376,737050961,True,B,True,A,AUDIT READINESS,<B>. Audit readiness.,<B>. Audit readiness.
train_0376__q_at_ob_vs_p_at_ob,train_cfg_0376,47436330,True,A,True,T,THREAT REDUCTION,A. Threat reduction.,A. Threat reduction.
train_0376__q_at_ob_vs_p_at_ob,train_cfg_0376,3078265028,True,A,True,T,THREAT REDUCTION,A. Threat reduction.,A. Threat reduction.
train_0376__q_at_ob_vs_p_at_ob,train_cfg_0376,230277111,True,A,True,T,THREAT REDUCTION,A. Threat reduction.,A. Threat reduction.
train_0377__p_at_oa_vs_q_at_oa,train_cfg_0377,3365448880,True,B,True,A,AUDIT READINESS,<B>. Audit readiness.,<B>. Audit readiness.
train_0377__p_at_oa_vs_q_at_oa,train_cfg_0377,1841513040,True,B,True,A,AUDIT READINESS,<B>. Audit readiness.,<B>. Audit readiness.
train_0377__p_at_oa_vs_q_at_oa,train_cfg_0377,2888307783,True,B,True,A,AUDIT READINESS,<B>. Audit readiness.,<B>. Audit readiness.
train_0377__q_at_oa_vs_p_at_oa,train_cfg_0377,249752956,True,A,True,C,SERVICE CONTINUITY,A. Service continuity.,A. Service continuity.
train_0377__q_at_oa_vs_p_at_oa,train_cfg_0377,1360134255,True,A,True,C,SERVICE CONTINUITY,A. Service continuity.,A. Service continuity.
train_0377__q_at_oa_vs_p_at_oa,train_cfg_0377,1150493911,True,B,True,M,STAFF SUSTAINABILITY,<B>. Staff sustainability.,<B>. Staff sustainability.
train_0377__p_at_ob_vs_q_at_ob,train_cfg_0377,2777982341,True,B,True,A,AUDIT READINESS,<B>. Audit readiness.,<B>. Audit readiness.
train_0377__p_at_ob_vs_q_at_ob,train_cfg_0377,1090471364,True,B,True,A,AUDIT READINESS,<B>. Audit readiness.,<B>. Audit readiness.
train_0377__p_at_ob_vs_q_at_ob,train_cfg_0377,631324521,True,B,True,A,AUDIT READINESS,<B>. Audit readiness.,<B>. Audit readiness.
train_0377__q_at_ob_vs_p_at_ob,train_cfg_0377,1816753436,True,A,True,T,THREAT REDUCTION,A. Threat reduction.,A. Threat reduction.
train_0377__q_at_ob_vs_p_at_ob,train_cfg_0377,1519726336,True,A,True,T,THREAT REDUCTION,A. Threat reduction.,A. Threat reduction.
train_0377__q_at_ob_vs_p_at_ob,train_cfg_0377,221364393,True,A,True,T,THREAT REDUCTION,A. Threat reduction.,A. Threat reduction.
train_0378__p_at_oa_vs_q_at_oa,train_cfg_0378,1037873580,True,B,True,A,AUDIT READINESS,<B>. Audit readiness.,<B>. Audit readiness.
train_0378__p_at_oa_vs_q_at_oa,train_cfg_0378,3849053274,True,B,True,A,AUDIT READINESS,<B>. Audit readiness.,<B>. Audit readiness.
train_0378__p_at_oa_vs_q_at_oa,train_cfg_0378,1036214071,True,B,True,A,AUDIT READINESS,<B>. Audit readiness.,<B>. Audit readiness.
train_0378__q_at_oa_vs_p_at_oa,train_cfg_0378,24774864,True,B,True,P,SYSTEM PORTABILITY,<B>. System portability.,<B>. System portability.
train_0378__q_at_oa_vs_p_at_oa,train_cfg_0378,1772159465,True,B,True,P,SYSTEM PORTABILITY,<B>. System portability.,<B>. System portability.
train_0378__q_at_oa_vs_p_at_oa,train_cfg_0378,526064824,True,B,True,P,SYSTEM PORTABILITY,<B>. System portability.,<B>. System portability.
train_0378__p_at_ob_vs_q_at_ob,train_cfg_0378,4111081227,True,B,True,T,THREAT REDUCTION,<B>. Threat reduction.,<B>. Threat reduction.
train_0378__p_at_ob_vs_q_at_ob,train_cfg_0378,1255053110,True,B,True,A,AUDIT READINESS,<B>. Audit readiness.,<B>. Audit readiness.
train_0378__p_at_ob_vs_q_at_ob,train_cfg_0378,3366270413,True,B,True,A,AUDIT READINESS,<B>. Audit readiness.,<B>. Audit readiness.
train_0378__q_at_ob_vs_p_at_ob,train_cfg_0378,3186512098,True,A,True,C,SERVICE CONTINUITY,A. Service continuity.,A. Service continuity.
train_0378__q_at_ob_vs_p_at_ob,train_cfg_0378,4207970824,True,A,True,C,SERVICE CONTINUITY,A. Service continuity.,A. Service continuity.
train_0378__q_at_ob_vs_p_at_ob,train_cfg_0378,2674225379,True,A,True,C,SERVICE CONTINUITY,A. Service continuity.,A. Service continuity.
train_0379__p_at_oa_vs_q_at_oa,train_cfg_0379,3179658781,True,B,True,T,THREAT REDUCTION,<B>. Threat reduction.,<B>. Threat reduction.
train_0379__p_at_oa_vs_q_at_oa,train_cfg_0379,1861952470,True,B,True,T,THREAT REDUCTION,<B>. Threat reduction.,<B>. Threat reduction.
train_0379__p_at_oa_vs_q_at_oa,train_cfg_0379,4209262186,True,B,True,T,THREAT REDUCTION,<B>. Threat reduction.,<B>. Threat reduction.
train_0379__q_at_oa_vs_p_at_oa,train_cfg_0379,2227590541,True,B,True,M,STAFF SUSTAINABILITY,<B>. Staff sustainability.,<B>. Staff sustainability.
train_0379__q_at_oa_vs_p_at_oa,train_cfg_0379,4133549209,True,B,True,M,STAFF SUSTAINABILITY,<B>. Staff sustainability.,<B>. Staff sustainability.
train_0379__q_at_oa_vs_p_at_oa,train_cfg_0379,1155590396,True,B,True,M,STAFF SUSTAINABILITY,<B>. Staff sustainability.,<B>. Staff sustainability.
train_0379__p_at_ob_vs_q_at_ob,train_cfg_0379,4051515390,True,A,True,M,STAFF SUSTAINABILITY,A. Staff sustainability.,A. Staff sustainability.
train_0379__p_at_ob_vs_q_at_ob,train_cfg_0379,3610696613,True,A,True,M,STAFF SUSTAINABILITY,A. Staff sustainability.,A. Staff sustainability.
train_0379__p_at_ob_vs_q_at_ob,train_cfg_0379,918058282,True,A,True,M,STAFF SUSTAINABILITY,A. Staff sustainability.,A. Staff sustainability.
train_0379__q_at_ob_vs_p_at_ob,train_cfg_0379,2833163545,True,A,True,T,THREAT REDUCTION,A. Threat reduction.,A. Threat reduction.
train_0379__q_at_ob_vs_p_at_ob,train_cfg_0379,1026197421,True,A,True,T,THREAT REDUCTION,A. Threat reduction.,A. Threat reduction.
train_0379__q_at_ob_vs_p_at_ob,train_cfg_0379,3063282473,True,A,True,T,THREAT REDUCTION,A. Threat reduction.,A. Threat reduction.
train_0380__p_at_oa_vs_q_at_oa,train_cfg_0380,225173718,True,B,True,A,AUDIT READINESS,<B>. Audit readiness.,<B>. Audit readiness.
train_0380__p_at_oa_vs_q_at_oa,train_cfg_0380,612637886,True,B,True,A,AUDIT READINESS,<B>. Audit readiness.,<B>. Audit readiness.
train_0380__p_at_oa_vs_q_at_oa,train_cfg_0380,1692433591,True,B,True,A,AUDIT READINESS,<B>. Audit readiness.,<B>. Audit readiness.
train_0380__q_at_oa_vs_p_at_oa,train_cfg_0380,1331224521,True,A,True,T,THREAT REDUCTION,A. Threat reduction.,A. Threat reduction.
train_0380__q_at_oa_vs_p_at_oa,train_cfg_0380,2806234110,True,A,True,T,THREAT REDUCTION,A. Threat reduction.,A. Threat reduction.
train_0380__q_at_oa_vs_p_at_oa,train_cfg_0380,4151201202,True,A,True,T,THREAT REDUCTION,A. Threat reduction.,A. Threat reduction.
train_0380__p_at_ob_vs_q_at_ob,train_cfg_0380,3445006951,True,B,True,T,THREAT REDUCTION,<B>. Threat reduction.,<B>. Threat reduction.
train_0380__p_at_ob_vs_q_at_ob,train_cfg_0380,3277052146,True,B,True,T,THREAT REDUCTION,<B>. Threat reduction.,<B>. Threat reduction.
train_0380__p_at_ob_vs_q_at_ob,train_cfg_0380,3669219376,True,B,True,T,THREAT REDUCTION,<B>. Threat reduction.,<B>. Threat reduction.
train_0380__q_at_ob_vs_p_at_ob,train_cfg_0380,2117602367,True,A,True,P,SYSTEM PORTABILITY,A. System portability.,A. System portability.
train_0380__q_at_ob_vs_p_at_ob,train_cfg_0380,147437089,True,A,True,P,SYSTEM PORTABILITY,A. System portability.,A. System portability.
train_0380__q_at_ob_vs_p_at_ob,train_cfg_0380,2418635131,True,A,True,P,SYSTEM PORTABILITY,A. System portability.,A. System portability.
train_0381__p_at_oa_vs_q_at_oa,train_cfg_0381,3725859175,True,B,True,M,STAFF SUSTAINABILITY,<B>. Staff sustainability.,<B>. Staff sustainability.
train_0381__p_at_oa_vs_q_at_oa,train_cfg_0381,2610484970,True,B,True,M,STAFF SUSTAINABILITY,<B>. Staff sustainability.,<B>. Staff sustainability.
train_0381__p_at_oa_vs_q_at_oa,train_cfg_0381,1820566501,True,B,True,M,STAFF SUSTAINABILITY,<B>. Staff sustainability.,<B>. Staff sustainability.
train_0381__q_at_oa_vs_p_at_oa,train_cfg_0381,1258515860,True,A,True,M,STAFF SUSTAINABILITY,A. Staff sustainability.,A. Staff sustainability.
train_0381__q_at_oa_vs_p_at_oa,train_cfg_0381,546748761,True,A,True,M,STAFF SUSTAINABILITY,A. Staff sustainability.,A. Staff sustainability.
train_0381__q_at_oa_vs_p_at_oa,train_cfg_0381,103982970,True,A,True,M,STAFF SUSTAINABILITY,A. Staff sustainability.,A. Staff sustainability.
train_0381__p_at_ob_vs_q_at_ob,train_cfg_0381,3315677775,True,B,True,M,STAFF SUSTAINABILITY,<B>. Staff sustainability.,<B>. Staff sustainability.
train_0381__p_at_ob_vs_q_at_ob,train_cfg_0381,4183493473,True,B,True,M,STAFF SUSTAINABILITY,<B>. Staff sustainability.,<B>. Staff sustainability.
train_0381__p_at_ob_vs_q_at_ob,train_cfg_0381,618565960,True,B,True,M,STAFF SUSTAINABILITY,<B>. Staff sustainability.,<B>. Staff sustainability.
train_0381__q_at_ob_vs_p_at_ob,train_cfg_0381,4294025009,True,A,True,M,STAFF SUSTAINABILITY,A. Staff sustainability.,A. Staff sustainability.
train_0381__q_at_ob_vs_p_at_ob,train_cfg_0381,2208297789,True,A,True,M,STAFF SUSTAINABILITY,A. Staff sustainability.,A. Staff sustainability.
train_0381__q_at_ob_vs_p_at_ob,train_cfg_0381,1833323184,True,A,True,M,STAFF SUSTAINABILITY,A. Staff sustainability.,A. Staff sustainability.
train_0382__p_at_oa_vs_q_at_oa,train_cfg_0382,427004480,True,B,True,T,THREAT REDUCTION,<B>. Threat reduction.,<B>. Threat reduction.
train_0382__p_at_oa_vs_q_at_oa,train_cfg_0382,1005454165,True,B,True,T,THREAT REDUCTION,<B>. Threat reduction.,<B>. Threat reduction.
train_0382__p_at_oa_vs_q_at_oa,train_cfg_0382,1968514574,True,B,True,T,THREAT REDUCTION,<B>. Threat reduction.,<B>. Threat reduction.
train_0382__q_at_oa_vs_p_at_oa,train_cfg_0382,1056981718,True,A,True,C,SERVICE CONTINUITY,A. Service continuity.,A. Service continuity.
train_0382__q_at_oa_vs_p_at_oa,train_cfg_0382,1136164677,True,A,True,C,SERVICE CONTINUITY,A. Service continuity.,A. Service continuity.
train_0382__q_at_oa_vs_p_at_oa,train_cfg_0382,325756386,True,A,True,C,SERVICE CONTINUITY,A. Service continuity.,A. Service continuity.
train_0382__p_at_ob_vs_q_at_ob,train_cfg_0382,3193507736,True,B,True,T,THREAT REDUCTION,<B>. Threat reduction.,<B>. Threat reduction.
train_0382__p_at_ob_vs_q_at_ob,train_cfg_0382,4043137947,True,B,True,T,THREAT REDUCTION,<B>. Threat reduction.,<B>. Threat reduction.
train_0382__p_at_ob_vs_q_at_ob,train_cfg_0382,2137401224,True,B,True,T,THREAT REDUCTION,<B>. Threat reduction.,<B>. Threat reduction.
train_0382__q_at_ob_vs_p_at_ob,train_cfg_0382,2238876019,True,A,True,T,THREAT REDUCTION,A. Threat reduction.,A. Threat reduction.
train_0382__q_at_ob_vs_p_at_ob,train_cfg_0382,2520597542,True,A,True,T,THREAT REDUCTION,A. Threat reduction.,A. Threat reduction.
train_0382__q_at_ob_vs_p_at_ob,train_cfg_0382,975977635,True,A,True,T,THREAT REDUCTION,A. Threat reduction.,A. Threat reduction.
train_0383__p_at_oa_vs_q_at_oa,train_cfg_0383,3287342055,True,A,True,A,AUDIT READINESS,A. Audit readiness.,A. Audit readiness.
train_0383__p_at_oa_vs_q_at_oa,train_cfg_0383,113090486,True,A,True,A,AUDIT READINESS,A. Audit readiness.,A. Audit readiness.
train_0383__p_at_oa_vs_q_at_oa,train_cfg_0383,572150614,True,A,True,A,AUDIT READINESS,A. Audit readiness.,A. Audit readiness.
train_0383__q_at_oa_vs_p_at_oa,train_cfg_0383,51864500,True,B,True,A,AUDIT READINESS,B. Audit readiness.,B. Audit readiness.
train_0383__q_at_oa_vs_p_at_oa,train_cfg_0383,1129777088,True,B,True,A,AUDIT READINESS,B. Audit readiness.,B. Audit readiness.
train_0383__q_at_oa_vs_p_at_oa,train_cfg_0383,1654041737,True,B,True,A,AUDIT READINESS,B. Audit readiness.,B. Audit readiness.
train_0383__p_at_ob_vs_q_at_ob,train_cfg_0383,3193670223,True,A,True,T,THREAT REDUCTION,A. Threat reduction.,A. Threat reduction.
train_0383__p_at_ob_vs_q_at_ob,train_cfg_0383,1461011442,True,A,True,A,AUDIT READINESS,A. Audit readiness.,A. Audit readiness.
train_0383__p_at_ob_vs_q_at_ob,train_cfg_0383,382324023,True,A,True,T,THREAT REDUCTION,A. Threat reduction.,A. Threat reduction.
train_0383__q_at_ob_vs_p_at_ob,train_cfg_0383,343014296,True,B,True,M,STAFF SUSTAINABILITY,<B>. Staff sustainability.,<B>. Staff sustainability.
train_0383__q_at_ob_vs_p_at_ob,train_cfg_0383,3669130437,True,B,True,M,STAFF SUSTAINABILITY,B. Staff sustainability.,B. Staff sustainability.
train_0383__q_at_ob_vs_p_at_ob,train_cfg_0383,3870189649,True,B,True,M,STAFF SUSTAINABILITY,<B>. Staff sustainability.,<B>. Staff sustainability.
train_0384__p_at_oa_vs_q_at_oa,train_cfg_0384,1186505545,True,B,True,T,THREAT REDUCTION,<B>. Threat reduction.,<B>. Threat reduction.
train_0384__p_at_oa_vs_q_at_oa,train_cfg_0384,658187494,True,B,True,T,THREAT REDUCTION,<B>. Threat reduction.,<B>. Threat reduction.
train_0384__p_at_oa_vs_q_at_oa,train_cfg_0384,3376198817,True,B,True,T,THREAT REDUCTION,<B>. Threat reduction.,<B>. Threat reduction.
train_0384__q_at_oa_vs_p_at_oa,train_cfg_0384,2971331451,True,A,True,M,STAFF SUSTAINABILITY,A. Staff sustainability.,A. Staff sustainability.
train_0384__q_at_oa_vs_p_at_oa,train_cfg_0384,324068811,True,A,True,M,STAFF SUSTAINABILITY,A. Staff sustainability.,A. Staff sustainability.
train_0384__q_at_oa_vs_p_at_oa,train_cfg_0384,3930563253,True,A,True,M,STAFF SUSTAINABILITY,A. Staff sustainability.,A. Staff sustainability.
train_0384__p_at_ob_vs_q_at_ob,train_cfg_0384,3567937878,True,B,True,M,STAFF SUSTAINABILITY,<B>. Staff sustainability.,<B>. Staff sustainability.
train_0384__p_at_ob_vs_q_at_ob,train_cfg_0384,2376353261,True,B,True,M,STAFF SUSTAINABILITY,<B>. Staff sustainability.,<B>. Staff sustainability.
train_0384__p_at_ob_vs_q_at_ob,train_cfg_0384,1767944116,True,B,True,M,STAFF SUSTAINABILITY,<B>. Staff sustainability.,<B>. Staff sustainability.
train_0384__q_at_ob_vs_p_at_ob,train_cfg_0384,980678180,True,A,True,T,THREAT REDUCTION,A. Threat reduction.,A. Threat reduction.
train_0384__q_at_ob_vs_p_at_ob,train_cfg_0384,305173429,True,A,True,M,STAFF SUSTAINABILITY,A. Staff sustainability.,A. Staff sustainability.
train_0384__q_at_ob_vs_p_at_ob,train_cfg_0384,2402533666,True,A,True,T,THREAT REDUCTION,A. Threat reduction.,A. Threat reduction.
train_0385__p_at_oa_vs_q_at_oa,train_cfg_0385,3985735358,True,B,True,T,THREAT REDUCTION,<B>. Threat reduction.,<B>. Threat reduction.
train_0385__p_at_oa_vs_q_at_oa,train_cfg_0385,1075941004,True,B,True,T,THREAT REDUCTION,<B>. Threat reduction.,<B>. Threat reduction.
train_0385__p_at_oa_vs_q_at_oa,train_cfg_0385,2078852230,True,B,True,T,THREAT REDUCTION,<B>. Threat reduction.,<B>. Threat reduction.
train_0385__q_at_oa_vs_p_at_oa,train_cfg_0385,232252246,True,A,True,T,THREAT REDUCTION,A. Threat reduction.,A. Threat reduction.
train_0385__q_at_oa_vs_p_at_oa,train_cfg_0385,1460400775,True,A,True,T,THREAT REDUCTION,A. Threat reduction.,A. Threat reduction.
train_0385__q_at_oa_vs_p_at_oa,train_cfg_0385,51620982,True,A,True,T,THREAT REDUCTION,A. Threat reduction.,A. Threat reduction.
train_0385__p_at_ob_vs_q_at_ob,train_cfg_0385,554083451,True,B,True,M,STAFF SUSTAINABILITY,<B>. Staff sustainability.,<B>. Staff sustainability.
train_0385__p_at_ob_vs_q_at_ob,train_cfg_0385,971433692,True,B,True,M,STAFF SUSTAINABILITY,<B>. Staff sustainability.,<B>. Staff sustainability.
train_0385__p_at_ob_vs_q_at_ob,train_cfg_0385,2221215900,True,B,True,M,STAFF SUSTAINABILITY,<B>. Staff sustainability.,<B>. Staff sustainability.
train_0385__q_at_ob_vs_p_at_ob,train_cfg_0385,156502182,True,A,True,C,SERVICE CONTINUITY,A. Service continuity.,A. Service continuity.
train_0385__q_at_ob_vs_p_at_ob,train_cfg_0385,1752480338,True,A,True,C,SERVICE CONTINUITY,A. Service continuity.,A. Service continuity.
train_0385__q_at_ob_vs_p_at_ob,train_cfg_0385,2874629737,True,A,True,C,SERVICE CONTINUITY,A. Service continuity.,A. Service continuity.
train_0386__p_at_oa_vs_q_at_oa,train_cfg_0386,3979810820,True,A,True,C,SERVICE CONTINUITY,A. Service continuity.,A. Service continuity.
train_0386__p_at_oa_vs_q_at_oa,train_cfg_0386,3705143372,True,A,True,C,SERVICE CONTINUITY,A. Service continuity.,A. Service continuity.
train_0386__p_at_oa_vs_q_at_oa,train_cfg_0386,4062510068,True,A,True,C,SERVICE CONTINUITY,A. Service continuity.,A. Service continuity.
train_0386__q_at_oa_vs_p_at_oa,train_cfg_0386,462979834,True,B,True,A,AUDIT READINESS,<B>. Audit readiness.,<B>. Audit readiness.
train_0386__q_at_oa_vs_p_at_oa,train_cfg_0386,553037210,True,B,True,A,AUDIT READINESS,<B>. Audit readiness.,<B>. Audit readiness.
train_0386__q_at_oa_vs_p_at_oa,train_cfg_0386,12968521,True,B,True,C,SERVICE CONTINUITY,<B>. Service continuity.,<B>. Service continuity.
train_0386__p_at_ob_vs_q_at_ob,train_cfg_0386,4120766054,True,A,True,C,SERVICE CONTINUITY,A. Service continuity.,A. Service continuity.
train_0386__p_at_ob_vs_q_at_ob,train_cfg_0386,486283033,True,A,True,C,SERVICE CONTINUITY,A. Service continuity.,A. Service continuity.
train_0386__p_at_ob_vs_q_at_ob,train_cfg_0386,2674723870,True,A,True,C,SERVICE CONTINUITY,A. Service continuity.,A. Service continuity.
train_0386__q_at_ob_vs_p_at_ob,train_cfg_0386,1039603214,True,B,True,C,SERVICE CONTINUITY,<B>. Service continuity.,<B>. Service continuity.
train_0386__q_at_ob_vs_p_at_ob,train_cfg_0386,2432710077,True,B,True,C,SERVICE CONTINUITY,<B>. Service continuity.,<B>. Service continuity.
train_0386__q_at_ob_vs_p_at_ob,train_cfg_0386,2302944221,True,B,True,C,SERVICE CONTINUITY,<B>. Service continuity.,<B>. Service continuity.
train_0387__p_at_oa_vs_q_at_oa,train_cfg_0387,1722527012,True,B,True,T,THREAT REDUCTION,<B>. Threat reduction.,<B>. Threat reduction.
train_0387__p_at_oa_vs_q_at_oa,train_cfg_0387,2083456512,True,B,True,T,THREAT REDUCTION,<B>. Threat reduction.,<B>. Threat reduction.
train_0387__p_at_oa_vs_q_at_oa,train_cfg_0387,120900730,True,B,True,T,THREAT REDUCTION,<B>. Threat reduction.,<B>. Threat reduction.
train_0387__q_at_oa_vs_p_at_oa,train_cfg_0387,627317492,True,A,True,C,SERVICE CONTINUITY,A. Service continuity.,A. Service continuity.
train_0387__q_at_oa_vs_p_at_oa,train_cfg_0387,254485689,True,A,True,C,SERVICE CONTINUITY,A. Service continuity.,A. Service continuity.
train_0387__q_at_oa_vs_p_at_oa,train_cfg_0387,3913534,True,A,True,C,SERVICE CONTINUITY,A. Service continuity.,A. Service continuity.
train_0387__p_at_ob_vs_q_at_ob,train_cfg_0387,1316402659,True,B,True,C,SERVICE CONTINUITY,<B>. Service continuity.,<B>. Service continuity.
train_0387__p_at_ob_vs_q_at_ob,train_cfg_0387,3326565494,True,B,True,C,SERVICE CONTINUITY,<B>. Service continuity.,<B>. Service continuity.
train_0387__p_at_ob_vs_q_at_ob,train_cfg_0387,2355780244,True,B,True,C,SERVICE CONTINUITY,<B>. Service continuity.,<B>. Service continuity.
train_0387__q_at_ob_vs_p_at_ob,train_cfg_0387,1651718536,True,A,True,T,THREAT REDUCTION,A. Threat reduction.,A. Threat reduction.
train_0387__q_at_ob_vs_p_at_ob,train_cfg_0387,689059052,True,A,True,T,THREAT REDUCTION,A. Threat reduction.,A. Threat reduction.
train_0387__q_at_ob_vs_p_at_ob,train_cfg_0387,3629856174,True,A,True,T,THREAT REDUCTION,A. Threat reduction.,A. Threat reduction.
train_0388__p_at_oa_vs_q_at_oa,train_cfg_0388,1591339562,True,A,True,M,STAFF SUSTAINABILITY,A. Staff sustainability.,A. Staff sustainability.
train_0388__p_at_oa_vs_q_at_oa,train_cfg_0388,1188422647,True,A,True,M,STAFF SUSTAINABILITY,A. Staff sustainability.,A. Staff sustainability.
train_0388__p_at_oa_vs_q_at_oa,train_cfg_0388,3752409231,True,A,True,M,STAFF SUSTAINABILITY,A. Staff sustainability.,A. Staff sustainability.
train_0388__q_at_oa_vs_p_at_oa,train_cfg_0388,4269688626,True,A,True,M,STAFF SUSTAINABILITY,A. Staff sustainability.,A. Staff sustainability.
train_0388__q_at_oa_vs_p_at_oa,train_cfg_0388,2450581414,True,A,True,M,STAFF SUSTAINABILITY,A. Staff sustainability.,A. Staff sustainability.
train_0388__q_at_oa_vs_p_at_oa,train_cfg_0388,2455114284,True,A,True,M,STAFF SUSTAINABILITY,A. Staff sustainability.,A. Staff sustainability.
train_0388__p_at_ob_vs_q_at_ob,train_cfg_0388,2519868312,True,A,True,M,STAFF SUSTAINABILITY,A. Staff sustainability.,A. Staff sustainability.
train_0388__p_at_ob_vs_q_at_ob,train_cfg_0388,2408183221,True,A,True,M,STAFF SUSTAINABILITY,A. Staff sustainability.,A. Staff sustainability.
train_0388__p_at_ob_vs_q_at_ob,train_cfg_0388,2285258948,True,A,True,M,STAFF SUSTAINABILITY,A. Staff sustainability.,A. Staff sustainability.
train_0388__q_at_ob_vs_p_at_ob,train_cfg_0388,3512572813,True,B,True,A,AUDIT READINESS,<B>. Audit readiness.,<B>. Audit readiness.
train_0388__q_at_ob_vs_p_at_ob,train_cfg_0388,4029964007,True,B,True,A,AUDIT READINESS,<B>. Audit readiness.,<B>. Audit readiness.
train_0388__q_at_ob_vs_p_at_ob,train_cfg_0388,722884024,True,B,True,A,AUDIT READINESS,<B>. Audit readiness.,<B>. Audit readiness.
train_0389__p_at_oa_vs_q_at_oa,train_cfg_0389,2725277805,True,B,True,T,THREAT REDUCTION,<B>. Threat reduction.,<B>. Threat reduction.
train_0389__p_at_oa_vs_q_at_oa,train_cfg_0389,483486402,True,B,True,T,THREAT REDUCTION,<B>. Threat reduction.,<B>. Threat reduction.
train_0389__p_at_oa_vs_q_at_oa,train_cfg_0389,488575067,True,B,True,T,THREAT REDUCTION,<B>. Threat reduction.,<B>. Threat reduction.
train_0389__q_at_oa_vs_p_at_oa,train_cfg_0389,450990217,True,A,True,T,THREAT REDUCTION,A. Threat reduction.,A. Threat reduction.
train_0389__q_at_oa_vs_p_at_oa,train_cfg_0389,2569939668,True,A,True,T,THREAT REDUCTION,A. Threat reduction.,A. Threat reduction.
train_0389__q_at_oa_vs_p_at_oa,train_cfg_0389,909380192,True,A,True,T,THREAT REDUCTION,A. Threat reduction.,A. Threat reduction.
train_0389__p_at_ob_vs_q_at_ob,train_cfg_0389,3853589478,True,B,True,T,THREAT REDUCTION,<B>. Threat reduction.,<B>. Threat reduction.
train_0389__p_at_ob_vs_q_at_ob,train_cfg_0389,3844124170,True,B,True,T,THREAT REDUCTION,<B>. Threat reduction.,<B>. Threat reduction.
train_0389__p_at_ob_vs_q_at_ob,train_cfg_0389,1413898423,True,B,True,T,THREAT REDUCTION,<B>. Threat reduction.,<B>. Threat reduction.
train_0389__q_at_ob_vs_p_at_ob,train_cfg_0389,1277589019,True,A,True,C,SERVICE CONTINUITY,A. Service continuity.,A. Service continuity.
train_0389__q_at_ob_vs_p_at_ob,train_cfg_0389,903734541,True,A,True,C,SERVICE CONTINUITY,A. Service continuity.,A. Service continuity.
train_0389__q_at_ob_vs_p_at_ob,train_cfg_0389,1200676240,True,A,True,C,SERVICE CONTINUITY,A. Service continuity.,A. Service continuity.
train_0390__p_at_oa_vs_q_at_oa,train_cfg_0390,1742514327,True,B,True,M,STAFF SUSTAINABILITY,<B>. Staff sustainability.,<B>. Staff sustainability.
train_0390__p_at_oa_vs_q_at_oa,train_cfg_0390,4189617251,True,B,True,M,STAFF SUSTAINABILITY,<B>. Staff sustainability.,<B>. Staff sustainability.
train_0390__p_at_oa_vs_q_at_oa,train_cfg_0390,1755263665,True,B,True,M,STAFF SUSTAINABILITY,<B>. Staff sustainability.,<B>. Staff sustainability.
train_0390__q_at_oa_vs_p_at_oa,train_cfg_0390,374705486,True,A,True,M,STAFF SUSTAINABILITY,A. Staff sustainability.,A. Staff sustainability.
train_0390__q_at_oa_vs_p_at_oa,train_cfg_0390,1364653517,True,A,True,M,STAFF SUSTAINABILITY,A. Staff sustainability.,A. Staff sustainability.
train_0390__q_at_oa_vs_p_at_oa,train_cfg_0390,414826585,True,A,True,M,STAFF SUSTAINABILITY,A. Staff sustainability.,A. Staff sustainability.
train_0390__p_at_ob_vs_q_at_ob,train_cfg_0390,2958629733,True,B,True,M,STAFF SUSTAINABILITY,<B>. Staff sustainability.,<B>. Staff sustainability.
train_0390__p_at_ob_vs_q_at_ob,train_cfg_0390,1249331870,True,B,True,M,STAFF SUSTAINABILITY,<B>. Staff sustainability.,<B>. Staff sustainability.
train_0390__p_at_ob_vs_q_at_ob,train_cfg_0390,1193134301,True,B,True,M,STAFF SUSTAINABILITY,<B>. Staff sustainability.,<B>. Staff sustainability.
train_0390__q_at_ob_vs_p_at_ob,train_cfg_0390,358897965,True,A,True,M,STAFF SUSTAINABILITY,A. Staff sustainability.,A. Staff sustainability.
train_0390__q_at_ob_vs_p_at_ob,train_cfg_0390,285078846,True,A,True,M,STAFF SUSTAINABILITY,A. Staff sustainability.,A. Staff sustainability.
train_0390__q_at_ob_vs_p_at_ob,train_cfg_0390,1666550363,True,A,True,M,STAFF SUSTAINABILITY,A. Staff sustainability.,A. Staff sustainability.
train_0391__p_at_oa_vs_q_at_oa,train_cfg_0391,2289418675,True,B,True,C,SERVICE CONTINUITY,<B>. Service continuity.,<B>. Service continuity.
train_0391__p_at_oa_vs_q_at_oa,train_cfg_0391,593071630,True,B,True,C,SERVICE CONTINUITY,<B>. Service continuity.,<B>. Service continuity.
train_0391__p_at_oa_vs_q_at_oa,train_cfg_0391,1385995295,True,B,True,C,SERVICE CONTINUITY,<B>. Service continuity.,<B>. Service continuity.
train_0391__q_at_oa_vs_p_at_oa,train_cfg_0391,869945311,True,A,True,T,THREAT REDUCTION,A. Threat reduction.,A. Threat reduction.
train_0391__q_at_oa_vs_p_at_oa,train_cfg_0391,3260920828,True,A,True,T,THREAT REDUCTION,A. Threat reduction.,A. Threat reduction.
train_0391__q_at_oa_vs_p_at_oa,train_cfg_0391,1978858696,True,A,True,C,SERVICE CONTINUITY,A. Service continuity.,A. Service continuity.
train_0391__p_at_ob_vs_q_at_ob,train_cfg_0391,1904567819,True,B,True,C,SERVICE CONTINUITY,<B>. Service continuity.,<B>. Service continuity.
train_0391__p_at_ob_vs_q_at_ob,train_cfg_0391,2400416583,True,B,True,C,SERVICE CONTINUITY,<B>. Service continuity.,<B>. Service continuity.
train_0391__p_at_ob_vs_q_at_ob,train_cfg_0391,2403115469,True,B,True,C,SERVICE CONTINUITY,<B>. Service continuity.,<B>. Service continuity.
train_0391__q_at_ob_vs_p_at_ob,train_cfg_0391,3669561668,True,A,True,M,STAFF SUSTAINABILITY,A. Staff sustainability.,A. Staff sustainability.
train_0391__q_at_ob_vs_p_at_ob,train_cfg_0391,540325565,True,A,True,D,DEPLOYMENT SPEED,A. Deployment speed.,A. Deployment speed.
train_0391__q_at_ob_vs_p_at_ob,train_cfg_0391,4162107856,True,A,True,M,STAFF SUSTAINABILITY,A. Staff sustainability.,A. Staff sustainability.
train_0392__p_at_oa_vs_q_at_oa,train_cfg_0392,2340375569,True,A,True,C,SERVICE CONTINUITY,A. Service continuity.,A. Service continuity.
train_0392__p_at_oa_vs_q_at_oa,train_cfg_0392,3112399388,True,A,True,C,SERVICE CONTINUITY,A. Service continuity.,A. Service continuity.
train_0392__p_at_oa_vs_q_at_oa,train_cfg_0392,4028512522,True,A,True,C,SERVICE CONTINUITY,A. Service continuity.,A. Service continuity.
train_0392__q_at_oa_vs_p_at_oa,train_cfg_0392,1171366005,True,A,True,T,THREAT REDUCTION,A. Threat reduction.,A. Threat reduction.
train_0392__q_at_oa_vs_p_at_oa,train_cfg_0392,4077309892,True,A,True,T,THREAT REDUCTION,A. Threat reduction.,A. Threat reduction.
train_0392__q_at_oa_vs_p_at_oa,train_cfg_0392,1627702766,True,A,True,T,THREAT REDUCTION,A. Threat reduction.,A. Threat reduction.
train_0392__p_at_ob_vs_q_at_ob,train_cfg_0392,1090556006,True,B,True,T,THREAT REDUCTION,<B>. Threat reduction.,<B>. Threat reduction.
train_0392__p_at_ob_vs_q_at_ob,train_cfg_0392,850699056,True,B,True,T,THREAT REDUCTION,<B>. Threat reduction.,<B>. Threat reduction.
train_0392__p_at_ob_vs_q_at_ob,train_cfg_0392,3820565101,True,B,True,T,THREAT REDUCTION,<B>. Threat reduction.,<B>. Threat reduction.
train_0392__q_at_ob_vs_p_at_ob,train_cfg_0392,168471037,True,A,True,C,SERVICE CONTINUITY,A. Service continuity.,A. Service continuity.
train_0392__q_at_ob_vs_p_at_ob,train_cfg_0392,1845905827,True,A,True,C,SERVICE CONTINUITY,A. Service continuity.,A. Service continuity.
train_0392__q_at_ob_vs_p_at_ob,train_cfg_0392,3723648880,True,A,True,C,SERVICE CONTINUITY,A. Service continuity.,A. Service continuity.
train_0393__p_at_oa_vs_q_at_oa,train_cfg_0393,3507458290,True,B,True,C,SERVICE CONTINUITY,<B>. Service continuity.,<B>. Service continuity.
train_0393__p_at_oa_vs_q_at_oa,train_cfg_0393,2018427545,True,B,True,C,SERVICE CONTINUITY,<B>. Service continuity.,<B>. Service continuity.
train_0393__p_at_oa_vs_q_at_oa,train_cfg_0393,1262398789,True,B,True,C,SERVICE CONTINUITY,<B>. Service continuity.,<B>. Service continuity.
train_0393__q_at_oa_vs_p_at_oa,train_cfg_0393,2997805456,True,A,True,T,THREAT REDUCTION,A. Threat reduction.,A. Threat reduction.
train_0393__q_at_oa_vs_p_at_oa,train_cfg_0393,3875546386,True,A,True,T,THREAT REDUCTION,A. Threat reduction.,A. Threat reduction.
train_0393__q_at_oa_vs_p_at_oa,train_cfg_0393,1212901692,True,A,True,T,THREAT REDUCTION,A. Threat reduction.,A. Threat reduction.
train_0393__p_at_ob_vs_q_at_ob,train_cfg_0393,126300237,True,B,True,T,THREAT REDUCTION,<B>. Threat reduction.,<B>. Threat reduction.
train_0393__p_at_ob_vs_q_at_ob,train_cfg_0393,1075282981,True,B,True,T,THREAT REDUCTION,<B>. Threat reduction.,<B>. Threat reduction.
train_0393__p_at_ob_vs_q_at_ob,train_cfg_0393,3168864793,True,B,True,T,THREAT REDUCTION,<B>. Threat reduction.,<B>. Threat reduction.
train_0393__q_at_ob_vs_p_at_ob,train_cfg_0393,2973557793,True,A,True,T,THREAT REDUCTION,A. Threat reduction.,A. Threat reduction.
train_0393__q_at_ob_vs_p_at_ob,train_cfg_0393,967859438,True,A,True,T,THREAT REDUCTION,A. Threat reduction.,A. Threat reduction.
train_0393__q_at_ob_vs_p_at_ob,train_cfg_0393,859094747,True,A,True,T,THREAT REDUCTION,A. Threat reduction.,A. Threat reduction.
train_0394__p_at_oa_vs_q_at_oa,train_cfg_0394,4035535397,True,A,True,M,STAFF SUSTAINABILITY,A. Staff sustainability.,A. Staff sustainability.
train_0394__p_at_oa_vs_q_at_oa,train_cfg_0394,2591232529,True,A,True,M,STAFF SUSTAINABILITY,A. Staff sustainability.,A. Staff sustainability.
train_0394__p_at_oa_vs_q_at_oa,train_cfg_0394,2329576462,True,A,True,M,STAFF SUSTAINABILITY,A. Staff sustainability.,A. Staff sustainability.
train_0394__q_at_oa_vs_p_at_oa,train_cfg_0394,372045223,True,A,True,M,STAFF SUSTAINABILITY,A. Staff sustainability.,A. Staff sustainability.
train_0394__q_at_oa_vs_p_at_oa,train_cfg_0394,1554775077,True,A,True,M,STAFF SUSTAINABILITY,A. Staff sustainability.,A. Staff sustainability.
train_0394__q_at_oa_vs_p_at_oa,train_cfg_0394,1541023606,True,A,True,M,STAFF SUSTAINABILITY,A. Staff sustainability.,A. Staff sustainability.
train_0394__p_at_ob_vs_q_at_ob,train_cfg_0394,4087560270,True,B,True,D,DEPLOYMENT SPEED,<B>. Deployment speed.,<B>. Deployment speed.
train_0394__p_at_ob_vs_q_at_ob,train_cfg_0394,1572500257,True,B,True,D,DEPLOYMENT SPEED,<B>. Deployment speed.,<B>. Deployment speed.
train_0394__p_at_ob_vs_q_at_ob,train_cfg_0394,3904573267,True,B,True,D,DEPLOYMENT SPEED,<B>. Deployment speed.,<B>. Deployment speed.
train_0394__q_at_ob_vs_p_at_ob,train_cfg_0394,690098479,True,A,True,A,AUDIT READINESS,A. Audit readiness.,A. Audit readiness.
train_0394__q_at_ob_vs_p_at_ob,train_cfg_0394,3438760564,True,A,True,A,AUDIT READINESS,A. Audit readiness.,A. Audit readiness.
train_0394__q_at_ob_vs_p_at_ob,train_cfg_0394,2461375231,True,A,True,A,AUDIT READINESS,A. Audit readiness.,A. Audit readiness.
train_0395__p_at_oa_vs_q_at_oa,train_cfg_0395,905196316,True,B,True,T,THREAT REDUCTION,<B>. Threat reduction.,<B>. Threat reduction.
train_0395__p_at_oa_vs_q_at_oa,train_cfg_0395,3907715705,True,B,True,T,THREAT REDUCTION,<B>. Threat reduction.,<B>. Threat reduction.
train_0395__p_at_oa_vs_q_at_oa,train_cfg_0395,3545486303,True,B,True,T,THREAT REDUCTION,<B>. Threat reduction.,<B>. Threat reduction.
train_0395__q_at_oa_vs_p_at_oa,train_cfg_0395,3751687119,True,A,True,C,SERVICE CONTINUITY,A. Service continuity.,A. Service continuity.
train_0395__q_at_oa_vs_p_at_oa,train_cfg_0395,3705458570,True,A,True,C,SERVICE CONTINUITY,A. Service continuity.,A. Service continuity.
train_0395__q_at_oa_vs_p_at_oa,train_cfg_0395,2039026997,True,A,True,C,SERVICE CONTINUITY,A. Service continuity.,A. Service continuity.
train_0395__p_at_ob_vs_q_at_ob,train_cfg_0395,976828376,True,B,True,T,THREAT REDUCTION,<B>. Threat reduction.,<B>. Threat reduction.
train_0395__p_at_ob_vs_q_at_ob,train_cfg_0395,1783392613,True,B,True,C,SERVICE CONTINUITY,<B>. Service continuity.,<B>. Service continuity.
train_0395__p_at_ob_vs_q_at_ob,train_cfg_0395,1870118603,True,B,True,T,THREAT REDUCTION,<B>. Threat reduction.,<B>. Threat reduction.
train_0395__q_at_ob_vs_p_at_ob,train_cfg_0395,3896043687,True,A,True,M,STAFF SUSTAINABILITY,A. Staff sustainability.,A. Staff sustainability.
train_0395__q_at_ob_vs_p_at_ob,train_cfg_0395,499920581,True,A,True,M,STAFF SUSTAINABILITY,A. Staff sustainability.,A. Staff sustainability.
train_0395__q_at_ob_vs_p_at_ob,train_cfg_0395,1255705751,True,A,True,M,STAFF SUSTAINABILITY,A. Staff sustainability.,A. Staff sustainability.
train_0396__p_at_oa_vs_q_at_oa,train_cfg_0396,254872359,True,B,True,T,THREAT REDUCTION,<B>. Threat reduction.,<B>. Threat reduction.
train_0396__p_at_oa_vs_q_at_oa,train_cfg_0396,3205460639,True,B,True,T,THREAT REDUCTION,<B>. Threat reduction.,<B>. Threat reduction.
train_0396__p_at_oa_vs_q_at_oa,train_cfg_0396,1924791052,True,B,True,T,THREAT REDUCTION,<B>. Threat reduction.,<B>. Threat reduction.
train_0396__q_at_oa_vs_p_at_oa,train_cfg_0396,1916669388,True,A,True,T,THREAT REDUCTION,A. Threat reduction.,A. Threat reduction.
train_0396__q_at_oa_vs_p_at_oa,train_cfg_0396,1996426606,True,A,True,T,THREAT REDUCTION,A. Threat reduction.,A. Threat reduction.
train_0396__q_at_oa_vs_p_at_oa,train_cfg_0396,2763658368,True,A,True,T,THREAT REDUCTION,A. Threat reduction.,A. Threat reduction.
train_0396__p_at_ob_vs_q_at_ob,train_cfg_0396,2296998849,True,B,True,T,THREAT REDUCTION,<B>. Threat reduction.,<B>. Threat reduction.
train_0396__p_at_ob_vs_q_at_ob,train_cfg_0396,525509469,True,B,True,T,THREAT REDUCTION,<B>. Threat reduction.,<B>. Threat reduction.
train_0396__p_at_ob_vs_q_at_ob,train_cfg_0396,3152738165,True,B,True,T,THREAT REDUCTION,<B>. Threat reduction.,<B>. Threat reduction.
train_0396__q_at_ob_vs_p_at_ob,train_cfg_0396,3292182969,True,B,True,C,SERVICE CONTINUITY,<B>. Service continuity.,<B>. Service continuity.
train_0396__q_at_ob_vs_p_at_ob,train_cfg_0396,2368208670,True,B,True,C,SERVICE CONTINUITY,<B>. Service continuity.,<B>. Service continuity.
train_0396__q_at_ob_vs_p_at_ob,train_cfg_0396,4189225767,True,B,True,C,SERVICE CONTINUITY,<B>. Service continuity.,<B>. Service continuity.
train_0397__p_at_oa_vs_q_at_oa,train_cfg_0397,4289410001,True,A,True,M,STAFF SUSTAINABILITY,A. Staff sustainability.,A. Staff sustainability.
train_0397__p_at_oa_vs_q_at_oa,train_cfg_0397,514605518,True,A,True,M,STAFF SUSTAINABILITY,A. Staff sustainability.,A. Staff sustainability.
train_0397__p_at_oa_vs_q_at_oa,train_cfg_0397,763999200,True,A,True,M,STAFF SUSTAINABILITY,A. Staff sustainability.,A. Staff sustainability.
train_0397__q_at_oa_vs_p_at_oa,train_cfg_0397,2165164744,True,A,True,D,DEPLOYMENT SPEED,A. Deployment speed.,A. Deployment speed.
train_0397__q_at_oa_vs_p_at_oa,train_cfg_0397,347195930,True,A,True,D,DEPLOYMENT SPEED,A. Deployment speed.,A. Deployment speed.
train_0397__q_at_oa_vs_p_at_oa,train_cfg_0397,3224283024,True,B,True,M,STAFF SUSTAINABILITY,<B>. Staff sustainability.,<B>. Staff sustainability.
train_0397__p_at_ob_vs_q_at_ob,train_cfg_0397,507331199,True,A,True,M,STAFF SUSTAINABILITY,A. Staff sustainability.,A. Staff sustainability.
train_0397__p_at_ob_vs_q_at_ob,train_cfg_0397,1671849958,True,A,True,M,STAFF SUSTAINABILITY,A. Staff sustainability.,A. Staff sustainability.
train_0397__p_at_ob_vs_q_at_ob,train_cfg_0397,3523480099,True,A,True,M,STAFF SUSTAINABILITY,A. Staff sustainability.,A. Staff sustainability.
train_0397__q_at_ob_vs_p_at_ob,train_cfg_0397,2449748622,True,B,True,M,STAFF SUSTAINABILITY,<B>. Staff sustainability.,<B>. Staff sustainability.
train_0397__q_at_ob_vs_p_at_ob,train_cfg_0397,2648978667,True,B,True,M,STAFF SUSTAINABILITY,<B>. Staff sustainability.,<B>. Staff sustainability.
train_0397__q_at_ob_vs_p_at_ob,train_cfg_0397,1542621516,True,B,True,M,STAFF SUSTAINABILITY,<B>. Staff sustainability.,<B>. Staff sustainability.
train_0398__p_at_oa_vs_q_at_oa,train_cfg_0398,3437055767,True,A,True,C,SERVICE CONTINUITY,A. Service continuity.,A. Service continuity.
train_0398__p_at_oa_vs_q_at_oa,train_cfg_0398,2771249326,True,A,True,C,SERVICE CONTINUITY,A. Service continuity.,A. Service continuity.
train_0398__p_at_oa_vs_q_at_oa,train_cfg_0398,520745795,True,A,True,C,SERVICE CONTINUITY,A. Service continuity.,A. Service continuity.
train_0398__q_at_oa_vs_p_at_oa,train_cfg_0398,964873871,True,B,True,C,SERVICE CONTINUITY,<B>. Service continuity.,<B>. Service continuity.
train_0398__q_at_oa_vs_p_at_oa,train_cfg_0398,2559681237,True,B,True,C,SERVICE CONTINUITY,<B>. Service continuity.,<B>. Service continuity.
train_0398__q_at_oa_vs_p_at_oa,train_cfg_0398,3860662897,True,B,True,C,SERVICE CONTINUITY,<B>. Service continuity.,<B>. Service continuity.
train_0398__p_at_ob_vs_q_at_ob,train_cfg_0398,135134787,True,A,True,C,SERVICE CONTINUITY,A. Service continuity.,A. Service continuity.
train_0398__p_at_ob_vs_q_at_ob,train_cfg_0398,1603092964,True,A,True,C,SERVICE CONTINUITY,A. Service continuity.,A. Service continuity.
train_0398__p_at_ob_vs_q_at_ob,train_cfg_0398,548859889,True,A,True,C,SERVICE CONTINUITY,A. Service continuity.,A. Service continuity.
train_0398__q_at_ob_vs_p_at_ob,train_cfg_0398,3862111674,True,B,True,M,STAFF SUSTAINABILITY,<B>. Staff sustainability.,<B>. Staff sustainability.
train_0398__q_at_ob_vs_p_at_ob,train_cfg_0398,193888090,True,B,True,M,STAFF SUSTAINABILITY,<B>. Staff sustainability.,<B>. Staff sustainability.
train_0398__q_at_ob_vs_p_at_ob,train_cfg_0398,3136013674,True,B,True,M,STAFF SUSTAINABILITY,<B>. Staff sustainability.,<B>. Staff sustainability.
train_0399__p_at_oa_vs_q_at_oa,train_cfg_0399,757754299,True,A,True,C,SERVICE CONTINUITY,A. Service continuity.,A. Service continuity.
train_0399__p_at_oa_vs_q_at_oa,train_cfg_0399,1429377459,True,A,True,C,SERVICE CONTINUITY,A. Service continuity.,A. Service continuity.
train_0399__p_at_oa_vs_q_at_oa,train_cfg_0399,1754387037,True,A,True,C,SERVICE CONTINUITY,A. Service continuity.,A. Service continuity.
train_0399__q_at_oa_vs_p_at_oa,train_cfg_0399,565926280,True,B,True,C,SERVICE CONTINUITY,<B>. Service continuity.,<B>. Service continuity.
train_0399__q_at_oa_vs_p_at_oa,train_cfg_0399,3940841633,True,B,True,C,SERVICE CONTINUITY,<B>. Service continuity.,<B>. Service continuity.
train_0399__q_at_oa_vs_p_at_oa,train_cfg_0399,2333846807,True,B,True,C,SERVICE CONTINUITY,<B>. Service continuity.,<B>. Service continuity.
train_0399__p_at_ob_vs_q_at_ob,train_cfg_0399,3924043720,True,B,True,T,THREAT REDUCTION,<B>. Threat reduction.,<B>. Threat reduction.
train_0399__p_at_ob_vs_q_at_ob,train_cfg_0399,2370388822,True,B,True,T,THREAT REDUCTION,<B>. Threat reduction.,<B>. Threat reduction.
train_0399__p_at_ob_vs_q_at_ob,train_cfg_0399,344822207,True,B,True,T,THREAT REDUCTION,<B>. Threat reduction.,<B>. Threat reduction.
train_0399__q_at_ob_vs_p_at_ob,train_cfg_0399,1370462824,True,A,True,T,THREAT REDUCTION,A. Threat reduction.,A. Threat reduction.
train_0399__q_at_ob_vs_p_at_ob,train_cfg_0399,2156064371,True,B,True,C,SERVICE CONTINUITY,<B>. Service continuity.,<B>. Service continuity.
train_0399__q_at_ob_vs_p_at_ob,train_cfg_0399,1056362053,True,B,True,C,SERVICE CONTINUITY,<B>. Service continuity.,<B>. Service continuity.
train_0400__p_at_oa_vs_q_at_oa,train_cfg_0400,1164204278,True,B,True,T,THREAT REDUCTION,<B>. Threat reduction.,<B>. Threat reduction.
train_0400__p_at_oa_vs_q_at_oa,train_cfg_0400,3014616994,True,B,True,T,THREAT REDUCTION,<B>. Threat reduction.,<B>. Threat reduction.
train_0400__p_at_oa_vs_q_at_oa,train_cfg_0400,2967751387,True,B,True,T,THREAT REDUCTION,<B>. Threat reduction.,<B>. Threat reduction.
train_0400__q_at_oa_vs_p_at_oa,train_cfg_0400,1131441537,True,A,True,T,THREAT REDUCTION,A. Threat reduction.,A. Threat reduction.
train_0400__q_at_oa_vs_p_at_oa,train_cfg_0400,1191461220,True,A,True,T,THREAT REDUCTION,A. Threat reduction.,A. Threat reduction.
train_0400__q_at_oa_vs_p_at_oa,train_cfg_0400,2668523033,True,A,True,T,THREAT REDUCTION,A. Threat reduction.,A. Threat reduction.
train_0400__p_at_ob_vs_q_at_ob,train_cfg_0400,1144329275,True,B,True,T,THREAT REDUCTION,<B>. Threat reduction.,<B>. Threat reduction.
train_0400__p_at_ob_vs_q_at_ob,train_cfg_0400,3295964401,True,B,True,T,THREAT REDUCTION,<B>. Threat reduction.,<B>. Threat reduction.
train_0400__p_at_ob_vs_q_at_ob,train_cfg_0400,2464458742,True,B,True,T,THREAT REDUCTION,<B>. Threat reduction.,<B>. Threat reduction.
train_0400__q_at_ob_vs_p_at_ob,train_cfg_0400,960662226,True,A,True,C,SERVICE CONTINUITY,A. Service continuity.,A. Service continuity.
train_0400__q_at_ob_vs_p_at_ob,train_cfg_0400,290001926,True,A,True,C,SERVICE CONTINUITY,A. Service continuity.,A. Service continuity.
train_0400__q_at_ob_vs_p_at_ob,train_cfg_0400,3200255465,True,A,True,C,SERVICE CONTINUITY,A. Service continuity.,A. Service continuity.
