{
  "agreement": {
    "tau_vs_choice": 0.7306930693069307
  },
  "alignment": {
    "pair_driver_vs_premise": NaN,
    "tau_driver_vs_premise": 0.5337301587301587
  },
  "behavioral_attribution": {
    "occlude_drop": {
      "by_attribute": {},
      "normalized": {}
    },
    "occlude_equalize": {
      "by_attribute": {},
      "normalized": {}
    }
  },
  "include_interactions": false,
  "model": "openai_gpt5nano",
  "pairwise_ok_rate": 0.0,
  "reasoning_effort": "low",
  "stageA_weights": {
    "A": 0.2998746028097941,
    "D": 0.17993095226654393,
    "E": 0.2237757742878521,
    "S": 0.29641867063580996
  },
  "tau_ok_rate": 0.998019801980198,
  "tau_stability": {
    "A": {
      "mean_std": 0.07998341833403136,
      "median_std": 0.08366600265340754
    },
    "D": {
      "mean_std": 0.05862942422266668,
      "median_std": 0.06123724356957949
    },
    "E": {
      "mean_std": 0.062166047225581916,
      "median_std": 0.05477225575051663
    },
    "S": {
      "mean_std": 0.08336408382245614,
      "median_std": 0.08366600265340757
    }
  },
  "tau_weight_correlation": 0.39999999999999997
}