{
  "agreement": {
    "dfq_vs_choice": 0.745,
    "qe_vs_choice": 0.7466666666666667,
    "tau_vs_choice": 0.7483333333333333
  },
  "alignment": {
    "dfq_driver_vs_premise": 0.645,
    "pair_driver_vs_premise": NaN,
    "qe_driver_vs_premise": 0.63,
    "tau_driver_vs_premise": 0.6475
  },
  "argllm_semantics": {
    "claim_base_score": 0.5,
    "conservativeness": 1.0
  },
  "behavioral_attribution": {},
  "dfq_weight_correlation": 1.0,
  "include_interactions": false,
  "model": "openai_gpt5nano",
  "pairwise_ok_rate": 0.0,
  "qe_weight_correlation": 1.0,
  "reasoning_effort": "low",
  "stageA_weights": {
    "A": 0.1809118933105932,
    "D": 0.08147432373813844,
    "E": 0.4366232071124219,
    "S": 0.3009905758388464
  },
  "tau_ok_rate": 1.0,
  "tau_stability": {
    "A": {
      "mean_std": 0.09429924414792082,
      "median_std": 0.08660254037844388
    },
    "D": {
      "mean_std": 0.1019440930748297,
      "median_std": 0.09999999999999996
    },
    "E": {
      "mean_std": 0.08510958614162621,
      "median_std": 0.05773502691896258
    },
    "S": {
      "mean_std": 0.11162496187401158,
      "median_std": 0.10271733616931228
    }
  },
  "tau_weight_correlation": 1.0
}