{
  "AME": {
    "A": 1.6293680103137207,
    "D": 2.375657680837457,
    "E": 3.057684000163182,
    "S": 2.205043446677882
  },
  "b1_probes": {
    "baseline_accuracy": 1.0,
    "manipulated_accuracy": 1.0,
    "message": "No B1 trials found",
    "probe_effect_size": 0.0,
    "probe_effectiveness": true
  },
  "b1_validation": {
    "accuracy": 1.0,
    "failed_trials": [],
    "failure_rate": 0.0,
    "message": "No B1 trials found",
    "rationality_check_passed": true
  },
  "beta": {
    "A": 1.6293680103137207,
    "D": 2.375657680837457,
    "E": 3.057684000163182,
    "S": 2.205043446677882
  },
  "cv": {
    "accuracy": 0.8259678386814059,
    "brier": 0.09188575185295414,
    "log_loss": 0.9897218145634428
  },
  "evaluation": {
    "accuracy": 0.8378378378378378,
    "brier": 0.07499741909425794,
    "log_loss": 0.35222761389843743
  },
  "feature_columns": [
    "Intercept",
    "diff_E",
    "diff_A",
    "diff_S",
    "diff_D",
    "order_E",
    "order_x_E",
    "order_A",
    "order_x_A",
    "order_S",
    "order_x_S",
    "order_D",
    "order_x_D"
  ],
  "feature_info": {
    "interactions": {},
    "main": {
      "A": "diff_A",
      "D": "diff_D",
      "E": "diff_E",
      "S": "diff_S"
    },
    "order_bias": {
      "A": "order_A",
      "D": "order_D",
      "E": "order_E",
      "S": "order_S"
    },
    "order_interactions": {
      "A": "order_x_A",
      "D": "order_x_D",
      "E": "order_x_E",
      "S": "order_x_S"
    }
  },
  "include_interactions": false,
  "model": "openai_gpt5mini",
  "model_bse": {
    "Intercept": 0.06884934010772768,
    "diff_A": 0.09636509886095762,
    "diff_D": 0.11720487226658087,
    "diff_E": 0.14277593020580645,
    "diff_S": 0.11082133991094392,
    "order_A": 0.04697747875705302,
    "order_D": 0.04862812328809905,
    "order_E": 0.051010034187120225,
    "order_S": 0.05083947822171573,
    "order_x_A": 0.04457295419085364,
    "order_x_D": 0.041662071137535665,
    "order_x_E": 0.048570333271043695,
    "order_x_S": 0.0429058254733627
  },
  "model_params": {
    "Intercept": 0.4229189647643345,
    "diff_A": 1.6293680103137207,
    "diff_D": 2.375657680837457,
    "diff_E": 3.057684000163182,
    "diff_S": 2.205043446677882,
    "order_A": -0.11943006420114101,
    "order_D": 0.1361863654680762,
    "order_E": 0.2558187055282585,
    "order_S": -0.2725750067951992,
    "order_x_A": -0.20655297808098066,
    "order_x_D": -0.12654031643428332,
    "order_x_E": 0.03228814944878239,
    "order_x_S": 0.12314599772846126
  },
  "reasoning_effort": "minimal",
  "weights": {
    "A": 0.17581046733261452,
    "D": 0.2563358826530113,
    "E": 0.3299272169463068,
    "S": 0.23792643306806732
  }
}