{
  "agreement": {
    "tau_vs_choice": 0.5752577319587628
  },
  "alignment": {
    "pair_driver_vs_premise": NaN,
    "tau_driver_vs_premise": 0.3706140350877193
  },
  "behavioral_attribution": {
    "occlude_drop": {
      "by_attribute": {},
      "normalized": {}
    },
    "occlude_equalize": {
      "by_attribute": {},
      "normalized": {}
    }
  },
  "include_interactions": false,
  "model": "openai_gpt5nano",
  "pairwise_ok_rate": 0.0,
  "reasoning_effort": "minimal",
  "stageA_weights": {
    "A": 0.1647901036584036,
    "D": 0.2681066490537494,
    "E": 0.3460750493379815,
    "S": 0.2210281979498655
  },
  "tau_ok_rate": 0.9402061855670103,
  "tau_stability": {
    "A": {
      "mean_std": 0.16548301122028516,
      "median_std": 0.20736441353327723
    },
    "D": {
      "mean_std": 0.1888956451443803,
      "median_std": 0.2109502310972899
    },
    "E": {
      "mean_std": 0.1539673100013429,
      "median_std": 0.21679483388678802
    },
    "S": {
      "mean_std": 0.16415258901868385,
      "median_std": 0.17320508075688773
    }
  },
  "tau_weight_correlation": 0.19999999999999998
}