{
  "agreement": {
    "dfq_vs_choice": 0.8291666666666667,
    "qe_vs_choice": 0.8258333333333333,
    "tau_vs_choice": 0.8191666666666667
  },
  "alignment": {
    "dfq_driver_vs_premise": 0.73,
    "pair_driver_vs_premise": NaN,
    "qe_driver_vs_premise": 0.73,
    "tau_driver_vs_premise": 0.73
  },
  "argllm_semantics": {
    "claim_base_score": 0.5,
    "conservativeness": 1.0
  },
  "behavioral_attribution": {},
  "dfq_weight_correlation": 1.0,
  "include_interactions": false,
  "model": "openai_gpt5mini",
  "pairwise_ok_rate": 0.0,
  "qe_weight_correlation": 1.0,
  "reasoning_effort": "minimal",
  "stageA_weights": {
    "A": 0.189021788194595,
    "D": 0.03198919676561535,
    "E": 0.4845443518789915,
    "S": 0.29444466316079826
  },
  "tau_ok_rate": 1.0,
  "tau_stability": {
    "A": {
      "mean_std": 0.08840237768316118,
      "median_std": 0.05773502691896258
    },
    "D": {
      "mean_std": 0.007870252133126438,
      "median_std": 0.0
    },
    "E": {
      "mean_std": 0.07600981366740762,
      "median_std": 0.049999999999999975
    },
    "S": {
      "mean_std": 0.08827158830191963,
      "median_std": 0.05773502691896258
    }
  },
  "tau_weight_correlation": 1.0
}