{
  "AME": {
    "A": 1.8414151265683703,
    "D": 1.5317274843203796,
    "E": 1.6537894874786934,
    "S": 1.9160431879760176
  },
  "b1_probes": {
    "baseline_accuracy": 1.0,
    "manipulated_accuracy": 1.0,
    "message": "No B1 trials found",
    "probe_effect_size": 0.0,
    "probe_effectiveness": true
  },
  "b1_validation": {
    "accuracy": 1.0,
    "failed_trials": [],
    "failure_rate": 0.0,
    "message": "No B1 trials found",
    "rationality_check_passed": true
  },
  "beta": {
    "A": 1.8414151265683703,
    "D": 1.5317274843203796,
    "E": 1.6537894874786934,
    "S": 1.9160431879760176
  },
  "cv": {
    "accuracy": 0.8180847886290925,
    "brier": 0.0679787142521626,
    "log_loss": 0.45972563291212937
  },
  "evaluation": {
    "accuracy": 0.8346456692913385,
    "brier": 0.062124108318178994,
    "log_loss": 0.4423900912186182
  },
  "feature_columns": [
    "Intercept",
    "diff_E",
    "diff_A",
    "diff_S",
    "diff_D",
    "order_E",
    "order_x_E",
    "order_A",
    "order_x_A",
    "order_S",
    "order_x_S",
    "order_D",
    "order_x_D"
  ],
  "feature_info": {
    "interactions": {},
    "main": {
      "A": "diff_A",
      "D": "diff_D",
      "E": "diff_E",
      "S": "diff_S"
    },
    "order_bias": {
      "A": "order_A",
      "D": "order_D",
      "E": "order_E",
      "S": "order_S"
    },
    "order_interactions": {
      "A": "order_x_A",
      "D": "order_x_D",
      "E": "order_x_E",
      "S": "order_x_S"
    }
  },
  "include_interactions": false,
  "model": "openai_gpt5nano",
  "model_bse": {
    "Intercept": 0.061591220545845184,
    "diff_A": 0.09230281288095629,
    "diff_D": 0.08474391823985808,
    "diff_E": 0.08844451575608489,
    "diff_S": 0.09801559083109102,
    "order_A": 0.04450527068491573,
    "order_D": 0.04595319123639942,
    "order_E": 0.04528176765136658,
    "order_S": 0.045779180428435734,
    "order_x_A": 0.045250766701896164,
    "order_x_D": 0.042592314169257156,
    "order_x_E": 0.04279433449860106,
    "order_x_S": 0.04488662652172967
  },
  "model_params": {
    "Intercept": -0.29170390525515744,
    "diff_A": 1.8414151265683703,
    "diff_D": 1.5317274843203796,
    "diff_E": 1.6537894874786934,
    "diff_S": 1.9160431879760176,
    "order_A": -0.012755514046261853,
    "order_D": 5.412926003293159e-05,
    "order_E": 0.00807126595406793,
    "order_S": 0.00463011883216005,
    "order_x_A": -0.11334180507378082,
    "order_x_D": 0.05532348010926961,
    "order_x_E": 0.08707892717376829,
    "order_x_S": 0.06637237699114024
  },
  "reasoning_effort": "low",
  "weights": {
    "A": 0.26521988781817446,
    "D": 0.2206154308705697,
    "E": 0.2381960786655294,
    "S": 0.2759686026457265
  }
}