{
  "agreement": {
    "tau_vs_choice": 0.7161290322580646
  },
  "alignment": {
    "pair_driver_vs_premise": NaN,
    "tau_driver_vs_premise": 0.5454545454545454
  },
  "behavioral_attribution": {},
  "include_interactions": false,
  "model": "openai_gpt5nano",
  "pairwise_ok_rate": 0.0,
  "reasoning_effort": "low",
  "stageA_weights": {
    "A": 0.2631700926992553,
    "D": 0.2478605635192995,
    "E": 0.21649656465429326,
    "S": 0.272472779127152
  },
  "tau_ok_rate": 0.9935483870967742,
  "tau_stability": {
    "A": {
      "mean_std": 0.08638890248802923,
      "median_std": 0.08944271909999155
    },
    "D": {
      "mean_std": 0.08467216104428031,
      "median_std": 0.08215838362577492
    },
    "E": {
      "mean_std": 0.09384748100858767,
      "median_std": 0.08660254037844388
    },
    "S": {
      "mean_std": 0.11383925641701595,
      "median_std": 0.11401754250991379
    }
  },
  "tau_weight_correlation": -0.19999999999999998
}