{
  "agreement": {
    "tau_vs_choice": 0.6866141732283465
  },
  "alignment": {
    "pair_driver_vs_premise": NaN,
    "tau_driver_vs_premise": 0.4885577434805748
  },
  "behavioral_attribution": {
    "occlude_drop": {
      "by_attribute": {},
      "normalized": {}
    },
    "occlude_equalize": {
      "by_attribute": {},
      "normalized": {}
    }
  },
  "include_interactions": false,
  "model": "openai_gpt5nano",
  "pairwise_ok_rate": 0.0,
  "reasoning_effort": "low",
  "stageA_weights": {
    "A": 0.26521988781817446,
    "D": 0.2206154308705697,
    "E": 0.2381960786655294,
    "S": 0.2759686026457265
  },
  "tau_ok_rate": 0.9863517060367454,
  "tau_stability": {
    "A": {
      "mean_std": 0.07990113354338349,
      "median_std": 0.08215838362577493
    },
    "D": {
      "mean_std": 0.08838494490955533,
      "median_std": 0.08366600265340757
    },
    "E": {
      "mean_std": 0.07963612430393457,
      "median_std": 0.07071067811865477
    },
    "S": {
      "mean_std": 0.08907436313250247,
      "median_std": 0.08660254037844388
    }
  },
  "tau_weight_correlation": -0.6000000000000001
}