{
  "AME": {
    "A": 1.8857408309089394,
    "D": 1.4763830858738158,
    "E": 1.678869323067686,
    "S": 1.9562441362407723
  },
  "b1_probes": {
    "baseline_accuracy": 1.0,
    "manipulated_accuracy": 1.0,
    "message": "No B1 trials found",
    "probe_effect_size": 0.0,
    "probe_effectiveness": true
  },
  "b1_validation": {
    "accuracy": 1.0,
    "failed_trials": [],
    "failure_rate": 0.0,
    "message": "No B1 trials found",
    "rationality_check_passed": true
  },
  "beta": {
    "A": 1.8857408309089394,
    "D": 1.4763830858738158,
    "E": 1.678869323067686,
    "S": 1.9562441362407723
  },
  "cv": {
    "accuracy": 0.8475666762323832,
    "brier": 0.06560112671463789,
    "log_loss": 0.45266492672369535
  },
  "evaluation": {
    "accuracy": 0.852,
    "brier": 0.06190890259387677,
    "log_loss": 0.4421572276279636
  },
  "feature_columns": [
    "Intercept",
    "diff_E",
    "diff_A",
    "diff_S",
    "diff_D",
    "order_E",
    "order_x_E",
    "order_A",
    "order_x_A",
    "order_S",
    "order_x_S",
    "order_D",
    "order_x_D"
  ],
  "feature_info": {
    "interactions": {},
    "main": {
      "A": "diff_A",
      "D": "diff_D",
      "E": "diff_E",
      "S": "diff_S"
    },
    "order_bias": {
      "A": "order_A",
      "D": "order_D",
      "E": "order_E",
      "S": "order_S"
    },
    "order_interactions": {
      "A": "order_x_A",
      "D": "order_x_D",
      "E": "order_x_E",
      "S": "order_x_S"
    }
  },
  "include_interactions": false,
  "model": "openai_gpt5nano",
  "model_bse": {
    "Intercept": 0.05388824427727261,
    "diff_A": 0.082334184480053,
    "diff_D": 0.07327231550603663,
    "diff_E": 0.0789375768280318,
    "diff_S": 0.08611024128445553,
    "order_A": 0.039176641000459624,
    "order_D": 0.039924928049449526,
    "order_E": 0.04038784241166706,
    "order_S": 0.03984072066641578,
    "order_x_A": 0.03960142292463293,
    "order_x_D": 0.03446892948527581,
    "order_x_E": 0.0372282784593123,
    "order_x_S": 0.03810687618476339
  },
  "model_params": {
    "Intercept": -0.29677334888533435,
    "diff_A": 1.8857408309089394,
    "diff_D": 1.4763830858738158,
    "diff_E": 1.678869323067686,
    "diff_S": 1.9562441362407723,
    "order_A": 0.03895801861545198,
    "order_D": -0.05119320171788206,
    "order_E": -0.03807816885448752,
    "order_S": 0.050313351956918786,
    "order_x_A": -0.11160605506565259,
    "order_x_D": 0.043890075199144306,
    "order_x_E": 0.12558322650867043,
    "order_x_S": 0.09118326237332183
  },
  "reasoning_effort": "low",
  "weights": {
    "A": 0.2694979074673538,
    "D": 0.2109951408706604,
    "E": 0.23993316688157487,
    "S": 0.27957378478041095
  }
}