{
  "AME": {
    "A": 1.200308635840209,
    "D": 1.9824269049302141,
    "E": 2.496767061855105,
    "S": 1.5236013890079327
  },
  "b1_probes": {
    "baseline_accuracy": 1.0,
    "manipulated_accuracy": 1.0,
    "message": "No B1 trials found",
    "probe_effect_size": 0.0,
    "probe_effectiveness": true
  },
  "b1_validation": {
    "accuracy": 1.0,
    "failed_trials": [],
    "failure_rate": 0.0,
    "message": "No B1 trials found",
    "rationality_check_passed": true
  },
  "beta": {
    "A": 1.200308635840209,
    "D": 1.9824269049302141,
    "E": 2.496767061855105,
    "S": 1.5236013890079327
  },
  "cv": {
    "accuracy": 0.8355558664106658,
    "brier": 0.07168408483331981,
    "log_loss": 0.4255500226169904
  },
  "evaluation": {
    "accuracy": 0.838,
    "brier": 0.06670270003787507,
    "log_loss": 0.40647792876023525
  },
  "feature_columns": [
    "Intercept",
    "diff_E",
    "diff_A",
    "diff_S",
    "diff_D",
    "order_E",
    "order_x_E",
    "order_A",
    "order_x_A",
    "order_S",
    "order_x_S",
    "order_D",
    "order_x_D"
  ],
  "feature_info": {
    "interactions": {},
    "main": {
      "A": "diff_A",
      "D": "diff_D",
      "E": "diff_E",
      "S": "diff_S"
    },
    "order_bias": {
      "A": "order_A",
      "D": "order_D",
      "E": "order_E",
      "S": "order_S"
    },
    "order_interactions": {
      "A": "order_x_A",
      "D": "order_x_D",
      "E": "order_x_E",
      "S": "order_x_S"
    }
  },
  "include_interactions": false,
  "model": "openai_gpt5nano",
  "model_bse": {
    "Intercept": 0.055811173610786906,
    "diff_A": 0.06998632718827681,
    "diff_D": 0.0879091897094977,
    "diff_E": 0.10409436945368603,
    "diff_S": 0.07568007551634495,
    "order_A": 0.038660258577912825,
    "order_D": 0.03966345935458215,
    "order_E": 0.04175548884647874,
    "order_S": 0.042168742059233655,
    "order_x_A": 0.03257277657303983,
    "order_x_D": 0.03576127588172307,
    "order_x_E": 0.03984527455914459,
    "order_x_S": 0.03471550839006199
  },
  "model_params": {
    "Intercept": -0.13318020018803745,
    "diff_A": 1.200308635840209,
    "diff_D": 1.9824269049302141,
    "diff_E": 2.496767061855105,
    "diff_S": 1.5236013890079327,
    "order_A": -0.12167361989891894,
    "order_D": 0.14083779061733193,
    "order_E": 0.053448187735443416,
    "order_S": -0.07261235845385303,
    "order_x_A": -0.0016156241676632838,
    "order_x_D": 0.1465765414107054,
    "order_x_E": -0.21469405407596442,
    "order_x_S": -0.22342749323875732
  },
  "reasoning_effort": "minimal",
  "weights": {
    "A": 0.1666376935879851,
    "D": 0.2752184207298464,
    "E": 0.34662377007955825,
    "S": 0.21152011560261022
  }
}