{
  "agreement": {
    "dfq_vs_choice": 0.73,
    "qe_vs_choice": 0.7333333333333333,
    "tau_vs_choice": 0.7541666666666667
  },
  "alignment": {
    "dfq_driver_vs_premise": 0.5741666666666667,
    "pair_driver_vs_premise": NaN,
    "qe_driver_vs_premise": 0.5725,
    "tau_driver_vs_premise": 0.5741666666666667
  },
  "argllm_semantics": {
    "claim_base_score": 0.5,
    "conservativeness": 1.0
  },
  "behavioral_attribution": {},
  "dfq_weight_correlation": 1.0,
  "include_interactions": false,
  "model": "local_qwen35_14b_vllm_minimal",
  "pairwise_ok_rate": 0.0,
  "qe_weight_correlation": 1.0,
  "reasoning_effort": "minimal",
  "stageA_weights": {
    "A": 0.24150522240469646,
    "D": 0.08060188528882731,
    "E": 0.4032921316123078,
    "S": 0.2746007606941684
  },
  "tau_ok_rate": 1.0,
  "tau_stability": {
    "A": {
      "mean_std": 0.0405584288768585,
      "median_std": 0.0
    },
    "D": {
      "mean_std": 0.03990343752758386,
      "median_std": 0.0
    },
    "E": {
      "mean_std": 0.031319781710246186,
      "median_std": 0.0
    },
    "S": {
      "mean_std": 0.042130911474004565,
      "median_std": 0.0
    }
  },
  "tau_weight_correlation": 1.0
}