{
  "AME": {
    "A": 1.332306339913294,
    "D": 2.1945298898095027,
    "E": 2.707179846535547,
    "S": 1.504172115248838
  },
  "b1_probes": {
    "baseline_accuracy": 1.0,
    "manipulated_accuracy": 1.0,
    "message": "No B1 trials found",
    "probe_effect_size": 0.0,
    "probe_effectiveness": true
  },
  "b1_validation": {
    "accuracy": 1.0,
    "failed_trials": [],
    "failure_rate": 0.0,
    "message": "No B1 trials found",
    "rationality_check_passed": true
  },
  "beta": {
    "A": 1.332306339913294,
    "D": 2.1945298898095027,
    "E": 2.707179846535547,
    "S": 1.504172115248838
  },
  "cv": {
    "accuracy": 0.8042821282140167,
    "brier": 0.10344958442377497,
    "log_loss": 1.5110413615181606
  },
  "evaluation": {
    "accuracy": 0.847769028871391,
    "brier": 0.06044077705062965,
    "log_loss": 0.3893032899569151
  },
  "feature_columns": [
    "Intercept",
    "diff_E",
    "diff_A",
    "diff_S",
    "diff_D",
    "order_E",
    "order_x_E",
    "order_A",
    "order_x_A",
    "order_S",
    "order_x_S",
    "order_D",
    "order_x_D"
  ],
  "feature_info": {
    "interactions": {},
    "main": {
      "A": "diff_A",
      "D": "diff_D",
      "E": "diff_E",
      "S": "diff_S"
    },
    "order_bias": {
      "A": "order_A",
      "D": "order_D",
      "E": "order_E",
      "S": "order_S"
    },
    "order_interactions": {
      "A": "order_x_A",
      "D": "order_x_D",
      "E": "order_x_E",
      "S": "order_x_S"
    }
  },
  "include_interactions": false,
  "model": "openai_gpt5nano",
  "model_bse": {
    "Intercept": 0.06517497383264936,
    "diff_A": 0.08522460941508214,
    "diff_D": 0.11251105226181389,
    "diff_E": 0.13418083924244173,
    "diff_S": 0.09483217983941918,
    "order_A": 0.04635503229333459,
    "order_D": 0.048434301882047344,
    "order_E": 0.047936658055583364,
    "order_S": 0.04844688619388292,
    "order_x_A": 0.04244073162876086,
    "order_x_D": 0.049116526298279235,
    "order_x_E": 0.05324900931069854,
    "order_x_S": 0.04233543434939282
  },
  "model_params": {
    "Intercept": -0.25407248831795237,
    "diff_A": 1.332306339913294,
    "diff_D": 2.1945298898095027,
    "diff_E": 2.707179846535547,
    "diff_S": 1.504172115248838,
    "order_A": -0.09376593428108972,
    "order_D": 0.21621059106454255,
    "order_E": 0.020796761151943777,
    "order_S": -0.14324141793539827,
    "order_x_A": -0.014010295790969844,
    "order_x_D": 0.13887468677327938,
    "order_x_E": -0.053084255560462805,
    "order_x_S": -0.20077595277246826
  },
  "reasoning_effort": "minimal",
  "weights": {
    "A": 0.17217290494117565,
    "D": 0.2835973790632339,
    "E": 0.3498467315006285,
    "S": 0.19438298449496194
  }
}