{
  "agreement": {
    "dfq_vs_choice": 0.6308333333333334,
    "qe_vs_choice": 0.6483333333333333,
    "tau_vs_choice": 0.6466666666666666
  },
  "alignment": {
    "dfq_driver_vs_premise": 0.4866666666666667,
    "pair_driver_vs_premise": NaN,
    "qe_driver_vs_premise": 0.4866666666666667,
    "tau_driver_vs_premise": 0.4875
  },
  "argllm_semantics": {
    "claim_base_score": 0.5,
    "conservativeness": 1.0
  },
  "behavioral_attribution": {},
  "dfq_weight_correlation": 1.0,
  "include_interactions": false,
  "model": "local_ministral3_14b_reasoning_vllm_minimal",
  "pairwise_ok_rate": 0.0,
  "qe_weight_correlation": 1.0,
  "reasoning_effort": "minimal",
  "stageA_weights": {
    "A": 0.14795949901679473,
    "D": 0.11065964123773163,
    "E": 0.478549407952886,
    "S": 0.26283145179258766
  },
  "tau_ok_rate": 1.0,
  "tau_stability": {
    "A": {
      "mean_std": 0.15118264053090535,
      "median_std": 0.15275252316519464
    },
    "D": {
      "mean_std": 0.13133826356187384,
      "median_std": 0.1097766769056159
    },
    "E": {
      "mean_std": 0.12920568333211768,
      "median_std": 0.11547005383792512
    },
    "S": {
      "mean_std": 0.17463978121891485,
      "median_std": 0.1527525231651947
    }
  },
  "tau_weight_correlation": 1.0
}