{
  "agreement": {
    "dfq_vs_choice": 0.7733333333333333,
    "qe_vs_choice": 0.7833333333333333,
    "tau_vs_choice": 0.785
  },
  "alignment": {
    "dfq_driver_vs_premise": 0.5366666666666666,
    "pair_driver_vs_premise": NaN,
    "qe_driver_vs_premise": 0.535,
    "tau_driver_vs_premise": 0.5366666666666666
  },
  "argllm_semantics": {
    "claim_base_score": 0.5,
    "conservativeness": 1.0
  },
  "behavioral_attribution": {},
  "dfq_weight_correlation": 1.0,
  "include_interactions": false,
  "model": "openai_gpt5mini",
  "pairwise_ok_rate": 0.0,
  "qe_weight_correlation": 1.0,
  "reasoning_effort": "minimal",
  "stageA_weights": {
    "A": 0.15971538140831423,
    "D": 0.25106353771185846,
    "E": 0.24855833456020557,
    "S": 0.3406627463196217
  },
  "tau_ok_rate": 1.0,
  "tau_stability": {
    "A": {
      "mean_std": 0.08532507567811615,
      "median_std": 0.05773502691896258
    },
    "D": {
      "mean_std": 0.12732651190989716,
      "median_std": 0.10196152422706634
    },
    "E": {
      "mean_std": 0.10405202547156317,
      "median_std": 0.07637626158259735
    },
    "S": {
      "mean_std": 0.14863406573853877,
      "median_std": 0.13708977162259067
    }
  },
  "tau_weight_correlation": 1.0
}