{
  "agreement": {
    "tau_vs_choice": 0.802320987654321
  },
  "alignment": {
    "pair_driver_vs_premise": NaN,
    "tau_driver_vs_premise": 0.6536438396759934
  },
  "behavioral_attribution": {
    "occlude_drop": {
      "by_attribute": {
        "A": {
          "ci95": [
            -0.05790555555555556,
            -0.0048666666666666875
          ],
          "delta_pA": -0.03288888888888889,
          "n": 900
        },
        "D": {
          "ci95": [
            -0.052783333333333335,
            0.008444444444444445
          ],
          "delta_pA": -0.021111111111111112,
          "n": 900
        },
        "E": {
          "ci95": [
            -0.053005555555555556,
            0.018561111111111105
          ],
          "delta_pA": -0.016,
          "n": 900
        },
        "S": {
          "ci95": [
            -0.02370555555555555,
            0.03700555555555555
          ],
          "delta_pA": 0.005777777777777777,
          "n": 900
        }
      },
      "normalized": {
        "A": 0.43401759530791795,
        "D": 0.27859237536656895,
        "E": 0.21114369501466276,
        "S": 0.07624633431085043
      }
    },
    "occlude_equalize": {
      "by_attribute": {
        "A": {
          "ci95": [
            -0.04011666666666666,
            0.013016666666666652
          ],
          "delta_pA": -0.013555555555555555,
          "n": 900
        },
        "D": {
          "ci95": [
            -0.02761111111111111,
            0.03584444444444438
          ],
          "delta_pA": 0.003777777777777779,
          "n": 900
        },
        "E": {
          "ci95": [
            -0.02033888888888889,
            0.052783333333333335
          ],
          "delta_pA": 0.015999999999999997,
          "n": 900
        },
        "S": {
          "ci95": [
            -0.03467777777777778,
            0.022011111111111103
          ],
          "delta_pA": -0.003777777777777776,
          "n": 900
        }
      },
      "normalized": {
        "A": 0.3652694610778443,
        "D": 0.10179640718562878,
        "E": 0.43113772455089816,
        "S": 0.10179640718562871
      }
    }
  },
  "include_interactions": false,
  "model": "openai_gpt5mini",
  "pairwise_ok_rate": 0.0,
  "reasoning_effort": "minimal",
  "stageA_weights": {
    "A": 0.192364255287888,
    "D": 0.2644459008051434,
    "E": 0.3177909583543308,
    "S": 0.2253988855526377
  },
  "tau_ok_rate": 0.9998271604938271,
  "tau_stability": {
    "A": {
      "mean_std": 0.07925668389065196,
      "median_std": 0.07071067811865477
    },
    "D": {
      "mean_std": 0.07276376143795597,
      "median_std": 0.07071067811865477
    },
    "E": {
      "mean_std": 0.07343755505269772,
      "median_std": 0.05477225575051663
    },
    "S": {
      "mean_std": 0.08554861627194987,
      "median_std": 0.08366600265340754
    }
  },
  "tau_weight_correlation": 0.39999999999999997
}