{
  "agreement": {
    "tau_vs_choice": 0.7690721649484537
  },
  "alignment": {
    "pair_driver_vs_premise": NaN,
    "tau_driver_vs_premise": 0.5917525773195876
  },
  "behavioral_attribution": {
    "occlude_drop": {
      "by_attribute": {},
      "normalized": {}
    },
    "occlude_equalize": {
      "by_attribute": {},
      "normalized": {}
    }
  },
  "include_interactions": false,
  "model": "openai_gpt5mini",
  "pairwise_ok_rate": 0.0,
  "reasoning_effort": "minimal",
  "stageA_weights": {
    "A": 0.1628138909519098,
    "D": 0.26900219471456616,
    "E": 0.3329622114071514,
    "S": 0.2352217029263727
  },
  "tau_ok_rate": 1.0,
  "tau_stability": {
    "A": {
      "mean_std": 0.07305578463774295,
      "median_std": 0.06519202405202651
    },
    "D": {
      "mean_std": 0.07219482183682199,
      "median_std": 0.06123724356957945
    },
    "E": {
      "mean_std": 0.0741443736227923,
      "median_std": 0.05700877125495689
    },
    "S": {
      "mean_std": 0.0887448524323255,
      "median_std": 0.09082951062292476
    }
  },
  "tau_weight_correlation": 0.39999999999999997
}