{
  "agreement": {
    "tau_vs_choice": 0.7699530516431925
  },
  "alignment": {
    "pair_driver_vs_premise": NaN,
    "tau_driver_vs_premise": 0.573970927863062
  },
  "behavioral_attribution": {
    "occlude_drop": {
      "by_attribute": {
        "A": {
          "delta_pA": 0.04666666666666667,
          "n": 10
        },
        "D": {
          "delta_pA": -0.028571428571428574,
          "n": 7
        },
        "E": {
          "delta_pA": 0.05111111111111111,
          "n": 15
        },
        "S": {
          "delta_pA": 0.09333333333333335,
          "n": 10
        }
      },
      "normalized": {
        "A": 0.21242774566473988,
        "D": 0.13005780346820808,
        "E": 0.2326589595375722,
        "S": 0.4248554913294798
      }
    },
    "occlude_equalize": {
      "by_attribute": {
        "A": {
          "delta_pA": -0.022222222222222223,
          "n": 9
        },
        "D": {
          "delta_pA": 0.14722222222222223,
          "n": 12
        },
        "E": {
          "delta_pA": 0.04,
          "n": 10
        },
        "S": {
          "delta_pA": 0.13333333333333333,
          "n": 12
        }
      },
      "normalized": {
        "A": 0.06482982171799027,
        "D": 0.42949756888168555,
        "E": 0.1166936790923825,
        "S": 0.3889789303079416
      }
    }
  },
  "include_interactions": false,
  "model": "openai_gpt5nano",
  "pairwise_ok_rate": 0.0,
  "reasoning_effort": "low",
  "stageA_weights": {
    "A": 0.2715096674939006,
    "D": 0.21467282301459992,
    "E": 0.24025147749899614,
    "S": 0.27356603199250334
  },
  "tau_ok_rate": 0.9873910127431255,
  "tau_stability": {
    "A": {
      "mean_std": 0.0698251677298229,
      "median_std": 0.0670820393249937
    },
    "D": {
      "mean_std": 0.06955019940815922,
      "median_std": 0.06708203932499371
    },
    "E": {
      "mean_std": 0.0616139635677333,
      "median_std": 0.054772255750516585
    },
    "S": {
      "mean_std": 0.0721194300513563,
      "median_std": 0.0699205898780101
    }
  },
  "tau_weight_correlation": -0.6000000000000001
}