{
  "agreement": {
    "tau_vs_choice": 0.8073025856044724
  },
  "alignment": {
    "pair_driver_vs_premise": NaN,
    "tau_driver_vs_premise": 0.6420335429769392
  },
  "behavioral_attribution": {
    "occlude_drop": {
      "by_attribute": {
        "A": {
          "delta_pA": 0.06,
          "n": 10
        },
        "D": {
          "delta_pA": 0.0,
          "n": 7
        },
        "E": {
          "delta_pA": 0.06666666666666667,
          "n": 15
        },
        "S": {
          "delta_pA": 0.14666666666666667,
          "n": 10
        }
      },
      "normalized": {
        "A": 0.21951219512195122,
        "D": 0.0,
        "E": 0.24390243902439027,
        "S": 0.5365853658536586
      }
    },
    "occlude_equalize": {
      "by_attribute": {
        "A": {
          "delta_pA": 0.05555555555555555,
          "n": 9
        },
        "D": {
          "delta_pA": 0.18333333333333335,
          "n": 12
        },
        "E": {
          "delta_pA": 0.029999999999999992,
          "n": 10
        },
        "S": {
          "delta_pA": 0.15,
          "n": 12
        }
      },
      "normalized": {
        "A": 0.13262599469496023,
        "D": 0.43766578249336874,
        "E": 0.0716180371352785,
        "S": 0.35809018567639256
      }
    }
  },
  "include_interactions": false,
  "model": "openai_gpt5mini",
  "pairwise_ok_rate": 0.0,
  "reasoning_effort": "minimal",
  "stageA_weights": {
    "A": 0.19240304772178363,
    "D": 0.25579955567844664,
    "E": 0.30957019337362773,
    "S": 0.24222720322614205
  },
  "tau_ok_rate": 0.999825327510917,
  "tau_stability": {
    "A": {
      "mean_std": 0.07703264292435105,
      "median_std": 0.06708203932499371
    },
    "D": {
      "mean_std": 0.0701650957578263,
      "median_std": 0.06708203932499368
    },
    "E": {
      "mean_std": 0.07089852898274933,
      "median_std": 0.054772255750516606
    },
    "S": {
      "mean_std": 0.08580427843336377,
      "median_std": 0.0790569415042095
    }
  },
  "tau_weight_correlation": 0.39999999999999997
}