{
  "agreement": {
    "dfq_vs_choice": 0.7325,
    "qe_vs_choice": 0.7475,
    "tau_vs_choice": 0.7575
  },
  "alignment": {
    "dfq_driver_vs_premise": 0.5283333333333333,
    "pair_driver_vs_premise": NaN,
    "qe_driver_vs_premise": 0.5275,
    "tau_driver_vs_premise": 0.5283333333333333
  },
  "argllm_semantics": {
    "claim_base_score": 0.5,
    "conservativeness": 1.0
  },
  "behavioral_attribution": {},
  "dfq_weight_correlation": 0.7999999999999999,
  "include_interactions": false,
  "model": "local_qwen35_14b_vllm_minimal",
  "pairwise_ok_rate": 0.0,
  "qe_weight_correlation": 0.7999999999999999,
  "reasoning_effort": "minimal",
  "stageA_weights": {
    "A": 0.17379347346166016,
    "D": 0.2650257628469577,
    "E": 0.283092073945793,
    "S": 0.2780886897455891
  },
  "tau_ok_rate": 1.0,
  "tau_stability": {
    "A": {
      "mean_std": 0.04523285844325706,
      "median_std": 0.0
    },
    "D": {
      "mean_std": 0.04443619456141084,
      "median_std": 0.0
    },
    "E": {
      "mean_std": 0.03567299026376075,
      "median_std": 0.0
    },
    "S": {
      "mean_std": 0.048267201595799024,
      "median_std": 0.05773502691896255
    }
  },
  "tau_weight_correlation": 0.7999999999999999
}