{
  "AME": {
    "A": 1.7150223966796614,
    "D": 2.516205378129931,
    "E": 3.1977383103086234,
    "S": 2.2019319171036784
  },
  "b1_probes": {
    "baseline_accuracy": 1.0,
    "manipulated_accuracy": 1.0,
    "message": "No B1 trials found",
    "probe_effect_size": 0.0,
    "probe_effectiveness": true
  },
  "b1_validation": {
    "accuracy": 1.0,
    "failed_trials": [],
    "failure_rate": 0.0,
    "message": "No B1 trials found",
    "rationality_check_passed": true
  },
  "beta": {
    "A": 1.7150223966796614,
    "D": 2.516205378129931,
    "E": 3.1977383103086234,
    "S": 2.2019319171036784
  },
  "cv": {
    "accuracy": 0.8531823147361044,
    "brier": 0.0776941724559441,
    "log_loss": 0.3496256055929935
  },
  "evaluation": {
    "accuracy": 0.852,
    "brier": 0.07310439021338229,
    "log_loss": 0.3366926464366739
  },
  "feature_columns": [
    "Intercept",
    "diff_E",
    "diff_A",
    "diff_S",
    "diff_D",
    "order_E",
    "order_x_E",
    "order_A",
    "order_x_A",
    "order_S",
    "order_x_S",
    "order_D",
    "order_x_D"
  ],
  "feature_info": {
    "interactions": {},
    "main": {
      "A": "diff_A",
      "D": "diff_D",
      "E": "diff_E",
      "S": "diff_S"
    },
    "order_bias": {
      "A": "order_A",
      "D": "order_D",
      "E": "order_E",
      "S": "order_S"
    },
    "order_interactions": {
      "A": "order_x_A",
      "D": "order_x_D",
      "E": "order_x_E",
      "S": "order_x_S"
    }
  },
  "include_interactions": false,
  "model": "openai_gpt5mini",
  "model_bse": {
    "Intercept": 0.06348841012957769,
    "diff_A": 0.088450307276434,
    "diff_D": 0.10936913040210246,
    "diff_E": 0.1328071008912598,
    "diff_S": 0.10008500353256788,
    "order_A": 0.04308563536512212,
    "order_D": 0.04468036071727565,
    "order_E": 0.047179774571607,
    "order_S": 0.04691074600272981,
    "order_x_A": 0.03820039070415614,
    "order_x_D": 0.03899660956351773,
    "order_x_E": 0.04503566896543102,
    "order_x_S": 0.03792778055604214
  },
  "model_params": {
    "Intercept": 0.4882319602572962,
    "diff_A": 1.7150223966796614,
    "diff_D": 2.516205378129931,
    "diff_E": 3.1977383103086234,
    "diff_S": 2.2019319171036784,
    "order_A": -0.09741399539125728,
    "order_D": 0.11085037453029103,
    "order_E": 0.29514193896903024,
    "order_S": -0.308578318108074,
    "order_x_A": -0.20671755252753482,
    "order_x_D": -0.1109993764446416,
    "order_x_E": 0.03930736900566238,
    "order_x_S": 0.06892098931292806
  },
  "reasoning_effort": "minimal",
  "weights": {
    "A": 0.178075024393779,
    "D": 0.26126383827857286,
    "E": 0.3320290911159987,
    "S": 0.22863204621164945
  }
}