{
  "agreement": {
    "dfq_vs_choice": 0.795,
    "qe_vs_choice": 0.7875,
    "tau_vs_choice": 0.7908333333333334
  },
  "alignment": {
    "dfq_driver_vs_premise": 0.6683333333333333,
    "pair_driver_vs_premise": NaN,
    "qe_driver_vs_premise": 0.6683333333333333,
    "tau_driver_vs_premise": 0.6683333333333333
  },
  "argllm_semantics": {
    "claim_base_score": 0.5,
    "conservativeness": 1.0
  },
  "behavioral_attribution": {},
  "dfq_weight_correlation": 1.0,
  "include_interactions": false,
  "model": "openai_gpt5mini",
  "pairwise_ok_rate": 0.0,
  "qe_weight_correlation": 1.0,
  "reasoning_effort": "low",
  "stageA_weights": {
    "A": 0.22835355865271176,
    "D": 0.17459378424103683,
    "E": 0.3501973593684209,
    "S": 0.24685529773783052
  },
  "tau_ok_rate": 1.0,
  "tau_stability": {
    "A": {
      "mean_std": 0.05587667335799736,
      "median_std": 0.05773502691896253
    },
    "D": {
      "mean_std": 0.05668506876590227,
      "median_std": 0.05773502691896256
    },
    "E": {
      "mean_std": 0.03252459579771669,
      "median_std": 0.028867513459481256
    },
    "S": {
      "mean_std": 0.06940773954881216,
      "median_std": 0.05773502691896258
    }
  },
  "tau_weight_correlation": 1.0
}