{
  "AME": {
    "A": 1.2986398043946465,
    "D": 2.0936148307868745,
    "E": 2.715431102693475,
    "S": 1.5879536310001527
  },
  "b1_probes": {
    "baseline_accuracy": 1.0,
    "manipulated_accuracy": 1.0,
    "message": "No B1 trials found",
    "probe_effect_size": 0.0,
    "probe_effectiveness": true
  },
  "b1_validation": {
    "accuracy": 1.0,
    "failed_trials": [],
    "failure_rate": 0.0,
    "message": "No B1 trials found",
    "rationality_check_passed": true
  },
  "beta": {
    "A": 1.2986398043946465,
    "D": 2.0936148307868745,
    "E": 2.715431102693475,
    "S": 1.5879536310001527
  },
  "cv": {
    "accuracy": 0.7912434984639178,
    "brier": 0.11525744652969623,
    "log_loss": 1.66244747000689
  },
  "evaluation": {
    "accuracy": 0.8345864661654135,
    "brier": 0.07009449219884313,
    "log_loss": 0.3990900025316325
  },
  "feature_columns": [
    "Intercept",
    "diff_E",
    "diff_A",
    "diff_S",
    "diff_D",
    "order_E",
    "order_x_E",
    "order_A",
    "order_x_A",
    "order_S",
    "order_x_S",
    "order_D",
    "order_x_D"
  ],
  "feature_info": {
    "interactions": {},
    "main": {
      "A": "diff_A",
      "D": "diff_D",
      "E": "diff_E",
      "S": "diff_S"
    },
    "order_bias": {
      "A": "order_A",
      "D": "order_D",
      "E": "order_E",
      "S": "order_S"
    },
    "order_interactions": {
      "A": "order_x_A",
      "D": "order_x_D",
      "E": "order_x_E",
      "S": "order_x_S"
    }
  },
  "include_interactions": false,
  "model": "openai_gpt5nano",
  "model_bse": {
    "Intercept": 0.06428232353835615,
    "diff_A": 0.08599309843902556,
    "diff_D": 0.10403680782089618,
    "diff_E": 0.1283423225171186,
    "diff_S": 0.09513739416465362,
    "order_A": 0.04538035630502463,
    "order_D": 0.04617587637091403,
    "order_E": 0.047080557126961596,
    "order_S": 0.046559818993686386,
    "order_x_A": 0.04466530313389694,
    "order_x_D": 0.04331701938344039,
    "order_x_E": 0.051390534161525045,
    "order_x_S": 0.040192530545843916
  },
  "model_params": {
    "Intercept": -0.3298290630540909,
    "diff_A": 1.2986398043946465,
    "diff_D": 2.0936148307868745,
    "diff_E": 2.715431102693475,
    "diff_S": 1.5879536310001527,
    "order_A": -0.125778253119581,
    "order_D": 0.2193858773754441,
    "order_E": -0.04726633813252878,
    "order_S": -0.04634128612333164,
    "order_x_A": -0.037351416909283945,
    "order_x_D": 0.08323919834378495,
    "order_x_E": -0.007795303041214346,
    "order_x_S": -0.13797540797977279
  },
  "reasoning_effort": "minimal",
  "weights": {
    "A": 0.16875008587940957,
    "D": 0.2720520973545688,
    "E": 0.35285321628713257,
    "S": 0.20634460047888908
  }
}