{
  "agreement": {
    "dfq_vs_choice": 0.7783333333333333,
    "qe_vs_choice": 0.795,
    "tau_vs_choice": 0.7991666666666667
  },
  "alignment": {
    "dfq_driver_vs_premise": 0.6258333333333334,
    "pair_driver_vs_premise": NaN,
    "qe_driver_vs_premise": 0.6258333333333334,
    "tau_driver_vs_premise": 0.6266666666666667
  },
  "argllm_semantics": {
    "claim_base_score": 0.5,
    "conservativeness": 1.0
  },
  "behavioral_attribution": {},
  "dfq_weight_correlation": 0.7999999999999999,
  "include_interactions": false,
  "model": "local_qwen35_14b_vllm_low",
  "pairwise_ok_rate": 0.0,
  "qe_weight_correlation": 0.7999999999999999,
  "reasoning_effort": "low",
  "stageA_weights": {
    "A": 0.31027294028278957,
    "D": 0.014967436929597696,
    "E": 0.39110000190712696,
    "S": 0.28365962088048574
  },
  "tau_ok_rate": 1.0,
  "tau_stability": {
    "A": {
      "mean_std": 0.03500325845087199,
      "median_std": 0.0
    },
    "D": {
      "mean_std": 0.005118802153517006,
      "median_std": 0.0
    },
    "E": {
      "mean_std": 0.032537499328820246,
      "median_std": 0.0
    },
    "S": {
      "mean_std": 0.03978009569304114,
      "median_std": 0.0
    }
  },
  "tau_weight_correlation": 0.7999999999999999
}