{
  "agreement": {
    "dfq_vs_choice": 0.7925,
    "qe_vs_choice": 0.795,
    "tau_vs_choice": 0.795
  },
  "alignment": {
    "dfq_driver_vs_premise": 0.6066666666666667,
    "pair_driver_vs_premise": NaN,
    "qe_driver_vs_premise": 0.6058333333333333,
    "tau_driver_vs_premise": 0.6058333333333333
  },
  "argllm_semantics": {
    "claim_base_score": 0.5,
    "conservativeness": 1.0
  },
  "behavioral_attribution": {},
  "dfq_weight_correlation": 0.7999999999999999,
  "include_interactions": false,
  "model": "openai_gpt5mini",
  "pairwise_ok_rate": 0.0,
  "qe_weight_correlation": 0.7999999999999999,
  "reasoning_effort": "minimal",
  "stageA_weights": {
    "A": 0.15861800303400947,
    "D": 0.2002833875738333,
    "E": 0.42718689502616153,
    "S": 0.21391171436599574
  },
  "tau_ok_rate": 1.0,
  "tau_stability": {
    "A": {
      "mean_std": 0.08761389975940602,
      "median_std": 0.05773502691896258
    },
    "D": {
      "mean_std": 0.0712963243122374,
      "median_std": 0.05773502691896257
    },
    "E": {
      "mean_std": 0.11174457143397573,
      "median_std": 0.08660254037844384
    },
    "S": {
      "mean_std": 0.1121967982936889,
      "median_std": 0.08148940098052061
    }
  },
  "tau_weight_correlation": 0.7999999999999999
}