{
  "agreement": {
    "tau_vs_choice": 0.7268817204301076
  },
  "alignment": {
    "pair_driver_vs_premise": NaN,
    "tau_driver_vs_premise": 0.6086021505376344
  },
  "behavioral_attribution": {},
  "include_interactions": false,
  "model": "openai_gpt5mini",
  "pairwise_ok_rate": 0.0,
  "reasoning_effort": "minimal",
  "stageA_weights": {
    "A": 0.18455006743543675,
    "D": 0.29266011197665437,
    "E": 0.32771246958413974,
    "S": 0.19507735100376916
  },
  "tau_ok_rate": 1.0,
  "tau_stability": {
    "A": {
      "mean_std": 0.10246436278614136,
      "median_std": 0.10246950765959598
    },
    "D": {
      "mean_std": 0.07721411880355285,
      "median_std": 0.07905694150420949
    },
    "E": {
      "mean_std": 0.09700152514917294,
      "median_std": 0.07905694150420949
    },
    "S": {
      "mean_std": 0.1110798576956657,
      "median_std": 0.10368220676663861
    }
  },
  "tau_weight_correlation": 0.39999999999999997
}