{
  "agreement": {
    "tau_vs_choice": 0.742
  },
  "alignment": {
    "pair_driver_vs_premise": NaN,
    "tau_driver_vs_premise": 0.6256
  },
  "behavioral_attribution": {},
  "include_interactions": false,
  "model": "openai_gpt5mini",
  "pairwise_ok_rate": 0.0,
  "reasoning_effort": "low",
  "stageA_weights": {
    "A": 0.2679719762945182,
    "D": 0.16891789245701053,
    "E": 0.28588601677143827,
    "S": 0.277224114477033
  },
  "tau_ok_rate": 1.0,
  "tau_stability": {
    "A": {
      "mean_std": 0.04984248193971786,
      "median_std": 0.050000000000000044
    },
    "D": {
      "mean_std": 0.05729823780395337,
      "median_std": 0.05477225575051663
    },
    "E": {
      "mean_std": 0.037956386744756584,
      "median_std": 0.02738612787525833
    },
    "S": {
      "mean_std": 0.058611597884409464,
      "median_std": 0.06519202405202651
    }
  },
  "tau_weight_correlation": 0.7999999999999999
}