{
  "agreement": {
    "tau_vs_choice": 0.7532808398950132
  },
  "alignment": {
    "pair_driver_vs_premise": NaN,
    "tau_driver_vs_premise": 0.5777310924369747
  },
  "behavioral_attribution": {
    "occlude_drop": {
      "by_attribute": {},
      "normalized": {}
    },
    "occlude_equalize": {
      "by_attribute": {},
      "normalized": {}
    }
  },
  "include_interactions": false,
  "model": "openai_gpt5mini",
  "pairwise_ok_rate": 0.0,
  "reasoning_effort": "minimal",
  "stageA_weights": {
    "A": 0.17915125739371632,
    "D": 0.26480582502362093,
    "E": 0.32435186196101534,
    "S": 0.2316910556216475
  },
  "tau_ok_rate": 0.9994750656167979,
  "tau_stability": {
    "A": {
      "mean_std": 0.08186892831673452,
      "median_std": 0.07582875444051554
    },
    "D": {
      "mean_std": 0.0731733945354043,
      "median_std": 0.07071067811865477
    },
    "E": {
      "mean_std": 0.07327105556785393,
      "median_std": 0.05700877125495691
    },
    "S": {
      "mean_std": 0.0915181842946337,
      "median_std": 0.08944271909999156
    }
  },
  "tau_weight_correlation": 0.39999999999999997
}